customerID,gender,SeniorCitizen,Partner,Dependents,tenure,PhoneService,MultipleLines,InternetService,OnlineSecurity,TechSupport,Contract,PaperlessBilling,PaymentMethod,MonthlyCharges,TotalCharges,Churn
CUST-00000,Male,0,No,No,16,Yes,Yes,Fiber optic,Yes,No internet service,Two year,No,Credit card,61.38,982.08,Yes
CUST-00001,Female,0,No,Yes,57,Yes,No,Fiber optic,No internet service,No,Two year,Yes,Mailed check,95.4,5437.8,Yes
CUST-00002,Male,0,Yes,Yes,57,Yes,Yes,DSL,No,No,One year,No,Bank transfer,111.52,6407.42,Yes
CUST-00003,Male,1,Yes,No,56,No,Yes,Fiber optic,No internet service,Yes,Month-to-month,Yes,Bank transfer,84.58,4736.48,Yes
CUST-00004,Male,0,No,No,6,Yes,No,Fiber optic,Yes,No,Two year,Yes,Bank transfer,56.33,398.55,No
CUST-00005,Female,0,No,No,38,Yes,No,DSL,Yes,No,Month-to-month,Yes,Bank transfer,81.19,3085.22,No
CUST-00006,Male,1,Yes,No,57,Yes,No,No,Yes,No internet service,Two year,No,Mailed check,54.75,3120.75,No
CUST-00007,Male,0,Yes,No,55,Yes,No,No,Yes,No,Month-to-month,No,Mailed check,75.87,4172.85,No
CUST-00008,Male,1,No,Yes,14,Yes,No,DSL,No,No,One year,No,Electronic check,62.08,869.12,No
CUST-00009,Female,1,No,No,43,Yes,No,DSL,No,No,Month-to-month,Yes,Mailed check,33.29,1431.47,Yes
CUST-00010,Male,0,No,No,11,Yes,Yes,Fiber optic,No,No internet service,Two year,No,Mailed check,97.57,1171.98,Yes
CUST-00011,Male,1,No,No,7,Yes,No,Fiber optic,Yes,No,One year,Yes,Bank transfer,68.63,480.41,No
CUST-00012,Male,0,Yes,Yes,40,Yes,Yes,Fiber optic,No,Yes,Month-to-month,Yes,Electronic check,37.39,1533.0,No
CUST-00013,Male,0,Yes,No,33,Yes,No,Fiber optic,Yes,Yes,Month-to-month,No,Credit card,108.97,3727.58,No
CUST-00014,Female,0,No,No,45,No,Yes,No,No,No internet service,Month-to-month,No,Mailed check,105.03,4726.35,No
CUST-00015,Male,1,No,No,28,No,No phone service,Fiber optic,No internet service,No,Month-to-month,No,Credit card,75.0,2123.03,Yes
CUST-00016,Female,0,Yes,No,15,Yes,No,DSL,No,Yes,Month-to-month,Yes,Bank transfer,116.97,1768.99,No
CUST-00017,Female,0,Yes,No,4,No,No,Fiber optic,Yes,No,Month-to-month,No,Bank transfer,112.57,466.99,Yes
CUST-00018,Female,0,No,No,4,Yes,Yes,Fiber optic,No,No,Month-to-month,Yes,Credit card,109.49,462.42,Yes
CUST-00019,Male,0,Yes,No,29,Yes,Yes,No,No internet service,No,Month-to-month,Yes,Credit card,31.6,916.4,No
CUST-00020,Female,0,Yes,Yes,49,Yes,Yes,DSL,No,No internet service,Month-to-month,No,Electronic check,48.05,2354.45,Yes
CUST-00021,Male,0,No,No,4,Yes,No,Fiber optic,No,Yes,Month-to-month,Yes,Mailed check,59.84,239.36,Yes
CUST-00022,Female,0,No,No,12,No,No,Fiber optic,No internet service,No internet service,Month-to-month,Yes,Mailed check,102.85,1304.2,Yes
CUST-00023,Female,0,No,No,48,Yes,Yes,Fiber optic,No,No internet service,Month-to-month,No,Mailed check,106.87,5175.74,Yes
CUST-00024,Female,0,Yes,Yes,49,Yes,Yes,DSL,Yes,Yes,Two year,No,Mailed check,94.65,4637.85,No
CUST-00025,Female,0,No,No,13,Yes,Yes,No,No,Yes,Two year,Yes,Electronic check,66.18,889.11,No
CUST-00026,Female,0,No,Yes,45,No,No,Fiber optic,No,No,Two year,Yes,Bank transfer,34.51,1565.58,Yes
CUST-00027,Female,1,No,Yes,33,Yes,Yes,No,No,Yes,Month-to-month,No,Credit card,21.59,719.38,No
CUST-00028,Female,0,No,No,70,No,No phone service,Fiber optic,No,No,One year,No,Bank transfer,89.33,6259.21,No
CUST-00029,Female,1,Yes,Yes,46,Yes,Yes,Fiber optic,No internet service,No,One year,No,Electronic check,119.4,5507.8,Yes
CUST-00030,Male,0,Yes,Yes,59,Yes,No,No,Yes,No,Month-to-month,No,Mailed check,53.24,3141.16,No
CUST-00031,Male,0,Yes,No,10,Yes,No,No,No,No internet service,Two year,Yes,Bank transfer,76.01,760.1,No
CUST-00032,Female,0,Yes,Yes,49,Yes,Yes,No,No internet service,No internet service,Two year,Yes,Mailed check,100.68,4933.32,No
CUST-00033,Female,0,No,No,3,Yes,No,DSL,Yes,No,One year,Yes,Credit card,37.02,111.06,Yes
CUST-00034,Female,0,No,Yes,40,Yes,No,Fiber optic,Yes,No,Month-to-month,Yes,Bank transfer,102.61,4130.53,No
CUST-00035,Male,0,No,No,58,Yes,No,DSL,No,No,One year,Yes,Mailed check,81.78,4768.15,Yes
CUST-00036,Female,0,No,No,59,Yes,No,DSL,No,No,Month-to-month,Yes,Electronic check,76.12,4573.95,No
CUST-00037,Male,0,Yes,No,61,Yes,Yes,DSL,No internet service,No,Month-to-month,Yes,Credit card,95.75,5871.36,Yes
CUST-00038,Male,0,Yes,Yes,24,Yes,No,Fiber optic,No,No internet service,One year,Yes,Mailed check,42.58,1021.92,Yes
CUST-00039,Male,0,Yes,Yes,32,Yes,No,No,Yes,No,Month-to-month,Yes,Mailed check,80.71,2607.06,Yes
CUST-00040,Male,0,Yes,Yes,18,Yes,No,Fiber optic,Yes,No,Month-to-month,Yes,Electronic check,42.52,765.36,No
CUST-00041,Male,0,Yes,No,56,Yes,No,No,No,No internet service,Month-to-month,Yes,Credit card,36.31,2033.36,No
CUST-00042,Female,1,No,No,14,No,Yes,DSL,Yes,No,One year,Yes,Electronic check,81.58,1142.12,Yes
CUST-00043,Female,0,No,Yes,40,Yes,Yes,No,Yes,Yes,Two year,Yes,Credit card,45.47,1838.21,No
CUST-00044,Female,0,Yes,Yes,68,Yes,No phone service,DSL,Yes,Yes,Month-to-month,Yes,Mailed check,90.87,6204.1,No
CUST-00045,Female,0,Yes,Yes,59,Yes,No phone service,Fiber optic,Yes,Yes,Month-to-month,No,Mailed check,70.48,4223.07,No
CUST-00046,Female,0,No,No,21,Yes,No,Fiber optic,Yes,No,Month-to-month,No,Credit card,88.89,1938.93,Yes
CUST-00047,Male,0,Yes,No,42,Yes,Yes,No,No internet service,No,One year,Yes,Mailed check,108.95,4593.26,No
CUST-00048,Female,0,No,No,31,Yes,No,No,No,Yes,Two year,No,Bank transfer,32.1,995.1,No
CUST-00049,Female,0,No,No,12,Yes,No,DSL,No,Yes,Month-to-month,No,Mailed check,24.81,297.72,No
CUST-00050,Male,0,No,No,37,Yes,No,DSL,Yes,Yes,Month-to-month,Yes,Credit card,58.79,2186.31,No
CUST-00051,Female,0,Yes,Yes,25,Yes,Yes,Fiber optic,No internet service,No,Month-to-month,No,Bank transfer,91.1,2322.37,No
CUST-00052,Male,0,No,Yes,4,Yes,Yes,Fiber optic,Yes,Yes,Two year,No,Credit card,108.39,481.49,Yes
CUST-00053,Female,1,Yes,No,48,Yes,Yes,Fiber optic,No internet service,No,Month-to-month,Yes,Bank transfer,21.55,1034.4,Yes
CUST-00054,Male,0,No,No,4,Yes,Yes,DSL,No internet service,No internet service,One year,No,Bank transfer,98.88,395.52,No
CUST-00055,Female,1,Yes,No,70,No,No,Fiber optic,No internet service,Yes,Month-to-month,No,Electronic check,25.69,1798.3,No
CUST-00056,Female,0,Yes,No,47,Yes,No,DSL,No,Yes,One year,No,Electronic check,77.22,3629.34,No
CUST-00057,Male,0,No,No,17,Yes,No,DSL,No,Yes,Month-to-month,No,Bank transfer,53.1,919.47,No
CUST-00058,Male,0,No,No,5,Yes,Yes,DSL,No internet service,Yes,Month-to-month,Yes,Bank transfer,19.8,99.0,No
CUST-00059,Male,0,No,No,65,Yes,No,No,No,No,Month-to-month,Yes,Bank transfer,27.9,1813.5,No
CUST-00060,Male,0,No,No,41,Yes,No,DSL,No,Yes,Month-to-month,Yes,Electronic check,54.08,2241.16,Yes
CUST-00061,Male,0,No,Yes,51,Yes,Yes,Fiber optic,No,No,Month-to-month,Yes,Electronic check,115.28,5879.28,Yes
CUST-00062,Male,0,Yes,No,10,Yes,No,DSL,Yes,No,One year,Yes,Electronic check,33.79,434.08,No
CUST-00063,Male,0,No,No,25,Yes,No,Fiber optic,No internet service,No,Month-to-month,No,Bank transfer,45.74,1143.5,Yes
CUST-00064,Male,0,No,No,20,Yes,No,No,No,No internet service,One year,No,Bank transfer,119.4,2388.0,No
CUST-00065,Female,0,No,No,65,Yes,Yes,DSL,Yes,No,Month-to-month,No,Credit card,67.02,4356.3,No
CUST-00066,Female,0,No,No,39,Yes,No,No,No,No internet service,One year,Yes,Mailed check,44.75,1771.94,No
CUST-00067,Male,0,Yes,Yes,55,Yes,No phone service,No,No,No,Month-to-month,Yes,Mailed check,80.83,4477.36,Yes
CUST-00068,Female,0,No,No,50,Yes,No,Fiber optic,Yes,No,Two year,No,Electronic check,62.48,3154.77,No
CUST-00069,Female,1,Yes,Yes,19,Yes,No,DSL,No,No,Month-to-month,Yes,Electronic check,105.55,2005.45,Yes
CUST-00070,Female,0,Yes,No,56,Yes,Yes,No,Yes,No,Month-to-month,No,Mailed check,18.81,1053.36,No
CUST-00071,Female,1,No,No,4,Yes,No,No,Yes,No,One year,Yes,Electronic check,119.67,562.45,No
CUST-00072,Male,0,Yes,Yes,13,Yes,No,No,No,No,Month-to-month,Yes,Bank transfer,24.76,321.88,No
CUST-00073,Female,0,No,Yes,23,Yes,No,No,No,No,Month-to-month,Yes,Mailed check,72.79,1674.17,No
CUST-00074,Male,0,Yes,No,67,No,Yes,Fiber optic,No,No,Two year,Yes,Bank transfer,89.13,6040.95,No
CUST-00075,Female,0,Yes,No,51,Yes,No phone service,Fiber optic,No,No,One year,No,Mailed check,74.08,3778.08,No
CUST-00076,Female,1,No,Yes,47,Yes,No,Fiber optic,No internet service,Yes,Two year,Yes,Mailed check,48.68,2287.96,Yes
CUST-00077,Female,0,No,No,46,Yes,No phone service,Fiber optic,Yes,Yes,One year,No,Electronic check,105.25,4903.38,Yes
CUST-00078,Male,0,No,No,59,Yes,No,Fiber optic,No,No internet service,Month-to-month,No,Bank transfer,61.9,3718.37,Yes
CUST-00079,Female,0,No,Yes,72,Yes,No,Fiber optic,No internet service,No internet service,Two year,No,Bank transfer,48.67,3571.85,No
CUST-00080,Male,0,No,No,2,Yes,No,Fiber optic,Yes,Yes,Two year,Yes,Credit card,96.37,229.7,No
CUST-00081,Female,1,Yes,No,8,Yes,No,No,Yes,Yes,Month-to-month,Yes,Bank transfer,32.88,363.87,No
CUST-00082,Male,0,Yes,No,23,Yes,Yes,DSL,Yes,No internet service,Month-to-month,Yes,Bank transfer,38.91,942.02,No
CUST-00083,Female,0,Yes,No,3,No,Yes,Fiber optic,Yes,No,One year,No,Electronic check,43.78,147.89,No
CUST-00084,Male,0,No,Yes,8,Yes,No,DSL,Yes,Yes,Month-to-month,Yes,Credit card,62.36,499.47,No
CUST-00085,Male,0,No,Yes,0,Yes,No phone service,DSL,No,Yes,Month-to-month,Yes,Bank transfer,20.07,0.0,Yes
CUST-00086,Female,0,Yes,Yes,34,Yes,No,Fiber optic,No,No,Two year,Yes,Electronic check,119.16,4051.44,No
CUST-00087,Male,0,No,No,11,Yes,Yes,No,Yes,Yes,Month-to-month,No,Mailed check,79.22,871.42,No
CUST-00088,Female,0,No,No,17,Yes,Yes,Fiber optic,Yes,No,Month-to-month,No,Bank transfer,117.01,2036.84,No
CUST-00089,Female,0,Yes,No,9,Yes,No,DSL,No,No,One year,Yes,Electronic check,100.36,903.24,Yes
CUST-00090,Female,0,Yes,No,17,Yes,No,Fiber optic,No internet service,No,Month-to-month,No,Mailed check,31.7,538.9,Yes
CUST-00091,Female,0,No,No,23,Yes,No phone service,Fiber optic,Yes,Yes,Two year,No,Bank transfer,39.32,1005.93,No
CUST-00092,Female,0,No,No,0,Yes,No,Fiber optic,No,No internet service,Month-to-month,Yes,Bank transfer,21.51,59.82,Yes
CUST-00093,Female,0,No,No,71,Yes,Yes,Fiber optic,No,Yes,Month-to-month,Yes,Electronic check,103.05,7316.55,Yes
CUST-00094,Female,0,Yes,Yes,15,Yes,No,DSL,No,No,Month-to-month,Yes,Mailed check,78.53,1206.42,Yes
CUST-00095,Female,0,No,Yes,14,Yes,No,Fiber optic,Yes,No,One year,No,Mailed check,39.94,559.16,Yes
CUST-00096,Female,0,Yes,No,61,Yes,No,Fiber optic,Yes,Yes,One year,Yes,Mailed check,116.95,7133.95,No
CUST-00097,Female,0,Yes,No,4,Yes,Yes,Fiber optic,No,No,Two year,Yes,Mailed check,93.15,435.06,Yes
CUST-00098,Female,0,No,No,44,No,Yes,DSL,No internet service,Yes,Month-to-month,Yes,Bank transfer,89.96,3971.72,Yes
CUST-00099,Male,0,Yes,No,51,Yes,No,No,No,No,Two year,No,Mailed check,45.23,2306.73,No
CUST-00100,Male,0,No,Yes,70,Yes,Yes,DSL,No internet service,Yes,One year,No,Electronic check,49.96,3515.35,No
CUST-00101,Female,0,Yes,No,6,No,Yes,DSL,No,No,Two year,Yes,Electronic check,86.13,548.5,No
CUST-00102,Female,0,No,No,26,Yes,Yes,Fiber optic,No,Yes,Month-to-month,Yes,Bank transfer,78.54,2126.89,Yes
CUST-00103,Female,0,No,No,12,Yes,No phone service,Fiber optic,No,No internet service,Month-to-month,No,Electronic check,84.02,1022.76,Yes
CUST-00104,Female,0,Yes,No,16,Yes,Yes,DSL,Yes,No,Month-to-month,No,Credit card,107.64,1725.16,Yes
CUST-00105,Female,0,No,No,43,Yes,No,Fiber optic,No,No,Month-to-month,Yes,Bank transfer,34.36,1503.18,Yes
CUST-00106,Female,0,Yes,No,12,Yes,No,DSL,No internet service,No,One year,No,Credit card,29.87,358.44,No
CUST-00107,Female,0,No,No,72,Yes,No,No,No internet service,No,Two year,Yes,Mailed check,75.59,5578.65,No
CUST-00108,Female,0,Yes,No,4,Yes,No,Fiber optic,No,Yes,One year,No,Credit card,69.02,374.32,No
CUST-00109,Male,0,Yes,No,32,Yes,Yes,DSL,No,No internet service,Month-to-month,Yes,Bank transfer,59.09,1939.29,No
CUST-00110,Female,0,Yes,Yes,3,Yes,Yes,DSL,No,No,Month-to-month,Yes,Mailed check,110.28,346.68,Yes
CUST-00111,Male,0,Yes,Yes,25,Yes,Yes,Fiber optic,No,No internet service,Month-to-month,Yes,Electronic check,74.95,1873.75,No
CUST-00112,Female,0,No,Yes,67,Yes,No,Fiber optic,No,No,Two year,Yes,Bank transfer,75.86,5084.04,No
CUST-00113,Female,0,Yes,Yes,15,No,No phone service,No,Yes,Yes,Month-to-month,Yes,Mailed check,55.38,855.64,Yes
CUST-00114,Male,0,Yes,No,21,Yes,No phone service,No,No internet service,No,Month-to-month,Yes,Bank transfer,53.1,1115.1,No
CUST-00115,Female,0,Yes,No,35,Yes,No,Fiber optic,No,No,Month-to-month,Yes,Mailed check,118.74,4155.9,No
CUST-00116,Male,0,Yes,Yes,57,Yes,No phone service,No,No,Yes,Month-to-month,No,Bank transfer,81.55,4648.35,No
CUST-00117,Female,0,No,Yes,54,Yes,No phone service,Fiber optic,Yes,No,Month-to-month,No,Bank transfer,102.16,5516.64,No
CUST-00118,Female,1,No,Yes,34,Yes,No,Fiber optic,Yes,No,Month-to-month,Yes,Bank transfer,63.64,2248.04,Yes
CUST-00119,Male,0,Yes,No,24,Yes,Yes,Fiber optic,No internet service,Yes,Two year,No,Bank transfer,37.57,901.68,No
CUST-00120,Female,0,No,No,71,Yes,No,DSL,No internet service,Yes,Two year,No,Credit card,51.13,3697.75,No
CUST-00121,Male,1,No,No,60,Yes,No phone service,DSL,No,No,Two year,Yes,Mailed check,53.3,3198.0,No
CUST-00122,Female,0,Yes,No,17,Yes,No,No,No,No,Two year,Yes,Mailed check,75.62,1285.54,No
CUST-00123,Male,1,No,Yes,57,Yes,No,Fiber optic,No,No internet service,Month-to-month,Yes,Bank transfer,33.77,1927.21,No
CUST-00124,Male,0,No,No,56,Yes,Yes,No,Yes,Yes,Month-to-month,Yes,Bank transfer,57.48,3229.2,Yes
CUST-00125,Female,1,No,Yes,62,Yes,Yes,DSL,Yes,No internet service,Month-to-month,No,Electronic check,28.26,1752.12,No
CUST-00126,Female,0,No,No,11,Yes,Yes,DSL,No,No internet service,One year,Yes,Mailed check,68.65,772.92,No
CUST-00127,Male,0,Yes,No,10,Yes,Yes,Fiber optic,No internet service,No internet service,One year,Yes,Credit card,114.64,1146.4,No
CUST-00128,Female,0,No,No,12,No,No phone service,Fiber optic,No,Yes,One year,No,Mailed check,52.57,723.38,No
CUST-00129,Female,0,No,No,34,No,Yes,No,No,Yes,Month-to-month,Yes,Mailed check,23.07,784.38,No
CUST-00130,Female,0,No,No,26,Yes,No,DSL,Yes,Yes,Month-to-month,Yes,Mailed check,80.09,2125.59,Yes
CUST-00131,Male,0,No,Yes,66,Yes,Yes,Fiber optic,No internet service,No internet service,Month-to-month,No,Electronic check,82.74,5460.84,No
CUST-00132,Male,0,Yes,Yes,44,Yes,Yes,Fiber optic,No internet service,No internet service,Month-to-month,No,Credit card,66.92,3007.75,No
CUST-00133,Male,0,No,No,66,Yes,Yes,Fiber optic,Yes,Yes,Two year,Yes,Bank transfer,58.48,3859.68,No
CUST-00134,Male,0,No,No,21,Yes,No phone service,Fiber optic,No,Yes,Two year,Yes,Credit card,109.05,2290.05,No
CUST-00135,Male,0,Yes,Yes,41,No,No,Fiber optic,No,No,Month-to-month,No,Bank transfer,113.72,4662.52,Yes
CUST-00136,Male,1,Yes,No,19,No,No,Fiber optic,No,Yes,One year,No,Bank transfer,86.66,1646.54,Yes
CUST-00137,Male,0,No,No,47,Yes,No phone service,DSL,No internet service,No,Month-to-month,No,Credit card,69.12,3248.64,No
CUST-00138,Male,1,Yes,No,17,Yes,No phone service,No,No,No internet service,Month-to-month,Yes,Electronic check,24.89,423.13,Yes
CUST-00139,Male,0,Yes,No,69,Yes,No,No,Yes,No,Month-to-month,Yes,Electronic check,48.71,3378.54,No
CUST-00140,Female,0,Yes,No,5,Yes,Yes,Fiber optic,Yes,No,Month-to-month,No,Bank transfer,47.08,262.76,Yes
CUST-00141,Male,0,Yes,No,38,Yes,Yes,Fiber optic,No,Yes,One year,Yes,Electronic check,23.94,909.72,No
CUST-00142,Female,0,Yes,No,10,Yes,Yes,Fiber optic,No,Yes,Month-to-month,Yes,Electronic check,104.02,1040.2,Yes
CUST-00143,Female,0,Yes,No,24,Yes,Yes,No,No internet service,No,Two year,Yes,Electronic check,106.44,2554.56,No
CUST-00144,Female,0,Yes,No,54,Yes,Yes,DSL,No internet service,No internet service,Two year,Yes,Electronic check,111.06,6001.31,No
CUST-00145,Male,0,No,No,57,Yes,Yes,Fiber optic,No internet service,No,Month-to-month,Yes,Bank transfer,93.66,5357.79,No
CUST-00146,Male,1,No,Yes,36,Yes,No,DSL,Yes,Yes,Month-to-month,Yes,Electronic check,90.47,3309.03,Yes
CUST-00147,Male,0,Yes,Yes,15,Yes,No,DSL,Yes,Yes,One year,No,Credit card,66.74,1017.92,No
CUST-00148,Male,0,Yes,No,69,Yes,Yes,Fiber optic,Yes,No,Two year,No,Credit card,105.45,7276.05,Yes
CUST-00149,Female,0,No,No,72,Yes,No,No,Yes,Yes,Month-to-month,Yes,Bank transfer,70.03,5076.9,No
CUST-00150,Male,0,Yes,No,36,Yes,No,Fiber optic,No internet service,Yes,Month-to-month,Yes,Mailed check,21.02,805.8,No
CUST-00151,Male,0,Yes,Yes,52,Yes,Yes,Fiber optic,No internet service,Yes,Two year,No,Electronic check,77.66,4038.32,No
CUST-00152,Male,0,Yes,Yes,15,Yes,No,Fiber optic,No,No,Month-to-month,No,Credit card,57.83,890.94,Yes
CUST-00153,Male,0,No,No,17,Yes,Yes,No,No internet service,No,Month-to-month,Yes,Mailed check,71.17,1275.7,No
CUST-00154,Male,0,No,Yes,18,Yes,Yes,Fiber optic,No,Yes,Two year,No,Credit card,62.95,1133.1,Yes
CUST-00155,Female,0,No,Yes,43,Yes,No,DSL,No,Yes,Month-to-month,Yes,Credit card,68.67,2987.68,Yes
CUST-00156,Male,0,No,No,1,Yes,No,No,No,No,Month-to-month,Yes,Mailed check,29.07,29.07,Yes
CUST-00157,Female,1,No,Yes,57,Yes,Yes,Fiber optic,No,No,Month-to-month,Yes,Electronic check,19.48,1110.36,No
CUST-00158,Male,0,Yes,No,9,No,No,DSL,No,No,Month-to-month,Yes,Bank transfer,52.7,474.3,Yes
CUST-00159,Female,0,No,No,45,Yes,No phone service,Fiber optic,Yes,No,Two year,Yes,Bank transfer,43.96,2009.34,No
CUST-00160,Male,0,Yes,Yes,18,Yes,No,Fiber optic,No,No internet service,Month-to-month,No,Bank transfer,43.51,821.45,No
CUST-00161,Male,1,No,No,37,Yes,No,Fiber optic,No,No,Two year,Yes,Electronic check,113.58,4223.44,Yes
CUST-00162,Female,0,No,No,36,Yes,No,No,No internet service,No,Month-to-month,Yes,Electronic check,101.54,3685.16,Yes
CUST-00163,Female,0,No,No,44,No,No,DSL,No,No internet service,Month-to-month,Yes,Credit card,19.36,888.05,No
CUST-00164,Female,0,Yes,No,33,Yes,Yes,DSL,No internet service,No internet service,One year,No,Bank transfer,18.89,691.39,No
CUST-00165,Male,0,Yes,No,1,Yes,No phone service,DSL,No internet service,No internet service,Two year,Yes,Bank transfer,97.24,97.24,No
CUST-00166,Female,0,No,No,43,No,No,DSL,No,No,Month-to-month,No,Credit card,118.46,5093.78,Yes
CUST-00167,Male,0,No,No,26,Yes,Yes,Fiber optic,Yes,No,One year,Yes,Credit card,65.45,1701.7,No
CUST-00168,Male,0,No,No,47,Yes,No,Fiber optic,No,No,Month-to-month,Yes,Mailed check,62.18,2922.46,Yes
CUST-00169,Female,0,Yes,Yes,6,Yes,No,No,No internet service,No internet service,Two year,Yes,Mailed check,46.13,317.85,No
CUST-00170,Female,0,No,Yes,26,Yes,Yes,No,No,Yes,Two year,Yes,Electronic check,86.0,2236.0,No
CUST-00171,Male,0,No,Yes,70,Yes,Yes,Fiber optic,No internet service,No internet service,One year,Yes,Bank transfer,66.11,4641.19,No
CUST-00172,Male,0,No,No,17,Yes,Yes,DSL,No,No,One year,Yes,Credit card,35.09,663.7,Yes
CUST-00173,Female,0,No,Yes,32,No,No,Fiber optic,Yes,No,Month-to-month,Yes,Bank transfer,67.1,2147.87,Yes
CUST-00174,Female,1,No,No,32,Yes,Yes,Fiber optic,No,No,Month-to-month,No,Electronic check,56.39,1832.95,No
CUST-00175,Female,0,No,No,24,Yes,Yes,DSL,No,No,Month-to-month,Yes,Bank transfer,108.76,2610.24,Yes
CUST-00176,Male,0,No,Yes,13,Yes,Yes,Fiber optic,Yes,No internet service,Month-to-month,Yes,Credit card,96.7,1293.11,Yes
CUST-00177,Male,0,No,No,37,Yes,No,DSL,No,Yes,One year,Yes,Credit card,89.53,3312.61,No
CUST-00178,Male,0,Yes,No,37,Yes,No phone service,No,Yes,No internet service,Month-to-month,No,Credit card,51.37,1900.69,No
CUST-00179,Male,0,Yes,Yes,3,Yes,No,Fiber optic,Yes,No internet service,Month-to-month,Yes,Electronic check,32.24,99.62,Yes
CUST-00180,Male,0,No,No,61,Yes,Yes,No,Yes,No,Two year,Yes,Credit card,106.2,6520.18,No
CUST-00181,Male,0,No,No,9,Yes,No,Fiber optic,No,Yes,Two year,Yes,Mailed check,52.96,476.64,No
CUST-00182,Female,0,No,No,34,Yes,No,Fiber optic,No internet service,No internet service,Month-to-month,Yes,Credit card,78.48,2668.32,No
CUST-00183,Male,0,No,Yes,22,No,No,Fiber optic,No,No,Month-to-month,No,Bank transfer,78.26,1721.72,No
CUST-00184,Male,0,Yes,No,64,No,No,No,No internet service,No,Month-to-month,No,Credit card,112.66,7223.78,No
CUST-00185,Male,0,No,No,24,Yes,Yes,Fiber optic,No,No internet service,Month-to-month,No,Credit card,35.52,862.83,No
CUST-00186,Female,0,No,No,52,No,Yes,No,No internet service,No,Month-to-month,Yes,Bank transfer,96.71,5038.68,Yes
CUST-00187,Male,0,Yes,Yes,16,Yes,Yes,DSL,No,Yes,Two year,Yes,Electronic check,65.18,1042.88,Yes
CUST-00188,Male,0,Yes,No,56,Yes,No phone service,DSL,No,Yes,One year,Yes,Electronic check,35.82,2005.92,No
CUST-00189,Female,0,No,No,19,Yes,No,DSL,Yes,No,Two year,Yes,Electronic check,103.24,2024.71,No
CUST-00190,Male,0,Yes,No,24,Yes,No,No,No internet service,Yes,Month-to-month,No,Electronic check,101.65,2468.48,No
CUST-00191,Male,0,No,No,41,Yes,No,DSL,No,Yes,Month-to-month,No,Credit card,22.1,966.41,Yes
CUST-00192,Male,0,Yes,No,44,Yes,No,No,No,No,Month-to-month,Yes,Credit card,90.36,3996.52,Yes
CUST-00193,Male,0,No,No,30,Yes,Yes,Fiber optic,No,No,Two year,Yes,Mailed check,33.66,1020.7,No
CUST-00194,Male,1,No,No,64,Yes,Yes,DSL,No,No internet service,Month-to-month,Yes,Electronic check,80.26,5208.66,Yes
CUST-00195,Female,0,No,No,51,Yes,No phone service,Fiber optic,Yes,Yes,Month-to-month,No,Bank transfer,83.67,4267.17,No
CUST-00196,Female,0,Yes,Yes,20,Yes,No phone service,DSL,Yes,No internet service,Month-to-month,Yes,Bank transfer,85.85,1717.0,No
CUST-00197,Female,0,No,No,29,Yes,No,Fiber optic,Yes,No,One year,No,Bank transfer,30.25,964.04,No
CUST-00198,Male,0,Yes,No,2,Yes,No,Fiber optic,Yes,No internet service,Month-to-month,No,Bank transfer,79.03,203.3,Yes
CUST-00199,Male,0,Yes,Yes,69,Yes,Yes,DSL,Yes,No internet service,Month-to-month,No,Mailed check,28.19,1945.11,Yes
CUST-00200,Male,0,No,No,42,Yes,Yes,No,No,No,Month-to-month,Yes,Mailed check,94.05,3950.1,Yes
CUST-00201,Female,1,No,Yes,28,Yes,No,Fiber optic,Yes,No,Month-to-month,No,Mailed check,24.5,686.0,Yes
CUST-00202,Male,0,No,No,2,Yes,No,Fiber optic,Yes,No internet service,One year,No,Electronic check,95.3,190.6,Yes
CUST-00203,Male,0,Yes,No,57,Yes,No,No,No,No,Two year,Yes,Credit card,108.12,6208.97,No
CUST-00204,Female,0,Yes,Yes,32,Yes,No,DSL,No,No,Month-to-month,Yes,Bank transfer,48.45,1550.4,No
CUST-00205,Male,0,Yes,No,44,No,Yes,Fiber optic,No,No,Two year,Yes,Bank transfer,97.39,4339.89,Yes
CUST-00206,Female,0,No,Yes,68,Yes,Yes,Fiber optic,Yes,Yes,Month-to-month,Yes,Mailed check,60.59,4155.52,No
CUST-00207,Female,0,No,No,31,Yes,No phone service,Fiber optic,No,No internet service,Month-to-month,Yes,Electronic check,99.37,3080.47,Yes
CUST-00208,Female,0,No,No,51,No,Yes,DSL,No,No,One year,No,Mailed check,88.0,4490.94,Yes
CUST-00209,Male,0,No,No,63,No,No,DSL,No,Yes,Month-to-month,No,Bank transfer,47.49,2991.87,No
CUST-00210,Male,0,Yes,Yes,39,Yes,No,Fiber optic,Yes,Yes,Month-to-month,No,Bank transfer,37.76,1472.64,No
CUST-00211,Male,0,Yes,Yes,12,Yes,No,DSL,No,No,One year,No,Mailed check,111.3,1350.17,No
CUST-00212,Male,0,Yes,No,28,Yes,No phone service,DSL,No,No internet service,Month-to-month,Yes,Bank transfer,103.58,2927.19,Yes
CUST-00213,Male,0,Yes,No,62,Yes,Yes,DSL,No internet service,No,One year,Yes,Credit card,85.31,5327.69,Yes
CUST-00214,Male,0,Yes,Yes,25,Yes,No,Fiber optic,No,No internet service,One year,Yes,Credit card,53.64,1341.0,Yes
CUST-00215,Male,0,No,Yes,58,Yes,Yes,DSL,No internet service,No,Month-to-month,No,Mailed check,70.07,4064.06,No
CUST-00216,Female,0,Yes,Yes,48,Yes,Yes,Fiber optic,No internet service,No,Month-to-month,Yes,Credit card,74.9,3626.28,No
CUST-00217,Male,1,No,No,52,Yes,No,No,Yes,Yes,Month-to-month,No,Credit card,26.78,1441.1,No
CUST-00218,Female,1,Yes,No,30,Yes,Yes,Fiber optic,No,No,Month-to-month,No,Mailed check,117.17,3527.72,Yes
CUST-00219,Male,0,No,Yes,11,Yes,No phone service,No,No,No,Month-to-month,Yes,Mailed check,27.37,355.17,No
CUST-00220,Male,1,No,No,57,Yes,No,Fiber optic,No,Yes,Month-to-month,No,Mailed check,91.61,5231.56,Yes
CUST-00221,Male,0,No,Yes,35,Yes,Yes,Fiber optic,Yes,Yes,Month-to-month,Yes,Credit card,68.27,2415.86,Yes
CUST-00222,Female,0,Yes,No,9,Yes,Yes,DSL,Yes,Yes,Month-to-month,No,Bank transfer,95.51,859.59,No
CUST-00223,Female,0,No,No,5,Yes,Yes,DSL,No internet service,No,One year,No,Electronic check,44.61,259.37,Yes
CUST-00224,Female,0,No,No,6,Yes,No,DSL,No,No,Month-to-month,No,Bank transfer,58.3,349.8,Yes
CUST-00225,Female,0,Yes,No,30,No,No,DSL,No internet service,No internet service,Two year,No,Mailed check,71.6,2148.0,No
CUST-00226,Male,0,Yes,No,71,Yes,No,No,Yes,Yes,Month-to-month,Yes,Bank transfer,30.31,2152.01,No
CUST-00227,Female,0,Yes,No,2,Yes,Yes,No,Yes,Yes,Month-to-month,Yes,Electronic check,104.89,293.66,Yes
CUST-00228,Male,0,No,No,46,Yes,Yes,DSL,Yes,Yes,One year,No,Bank transfer,119.14,5480.44,No
CUST-00229,Male,0,No,No,0,Yes,Yes,Fiber optic,No,No internet service,Two year,Yes,Mailed check,60.59,22.38,No
CUST-00230,Female,0,No,Yes,44,Yes,No,Fiber optic,No internet service,Yes,Two year,Yes,Electronic check,56.44,2511.44,No
CUST-00231,Female,0,Yes,No,53,Yes,Yes,Fiber optic,No,No,Month-to-month,No,Credit card,78.6,4192.3,Yes
CUST-00232,Female,0,Yes,No,49,Yes,Yes,Fiber optic,Yes,Yes,One year,Yes,Bank transfer,88.24,4323.76,No
CUST-00233,Female,1,No,Yes,6,Yes,Yes,DSL,No,No,Month-to-month,No,Credit card,106.59,657.94,No
CUST-00234,Female,1,Yes,Yes,62,Yes,No,Fiber optic,No,No,Month-to-month,No,Credit card,56.03,3473.86,No
CUST-00235,Female,0,No,No,14,Yes,No,Fiber optic,No,No,One year,No,Electronic check,96.01,1344.14,Yes
CUST-00236,Female,1,No,Yes,66,Yes,No,Fiber optic,No,No,Month-to-month,No,Credit card,42.49,2889.29,Yes
CUST-00237,Female,0,Yes,No,29,Yes,No,Fiber optic,No,No,Month-to-month,No,Credit card,87.41,2534.89,Yes
CUST-00238,Male,1,No,No,67,Yes,No,No,No internet service,No,One year,Yes,Bank transfer,65.61,4395.87,No
CUST-00239,Female,0,Yes,No,35,Yes,Yes,No,No,Yes,Two year,Yes,Electronic check,85.49,3045.56,No
CUST-00240,Female,0,No,No,66,Yes,Yes,Fiber optic,No,No,Month-to-month,Yes,Mailed check,56.74,3786.9,No
CUST-00241,Male,0,Yes,No,4,Yes,No,DSL,No,No,One year,No,Mailed check,48.02,192.08,No
CUST-00242,Female,0,No,No,24,Yes,Yes,Fiber optic,No,No,Month-to-month,Yes,Electronic check,67.57,1639.67,Yes
CUST-00243,Male,0,Yes,Yes,10,Yes,Yes,Fiber optic,No internet service,No internet service,Month-to-month,No,Credit card,109.3,1122.5,Yes
CUST-00244,Male,0,Yes,No,71,Yes,Yes,DSL,No,Yes,One year,Yes,Bank transfer,86.83,6164.93,No
CUST-00245,Female,0,No,Yes,65,No,Yes,Fiber optic,No,No internet service,Two year,No,Credit card,80.39,5225.35,No
CUST-00246,Male,0,Yes,Yes,27,Yes,Yes,DSL,No internet service,No,Month-to-month,No,Mailed check,91.43,2468.61,Yes
CUST-00247,Male,0,No,No,59,Yes,No,DSL,No,No,One year,No,Bank transfer,92.37,5455.66,No
CUST-00248,Male,0,Yes,Yes,9,Yes,Yes,DSL,No,Yes,Month-to-month,Yes,Electronic check,48.06,502.55,Yes
CUST-00249,Male,0,No,No,49,Yes,Yes,DSL,No,Yes,Two year,Yes,Credit card,41.74,2045.26,No
CUST-00250,Female,0,Yes,Yes,38,Yes,Yes,Fiber optic,No internet service,No,One year,Yes,Credit card,69.93,2735.84,No
CUST-00251,Male,0,No,Yes,36,Yes,No,No,Yes,No internet service,Two year,Yes,Bank transfer,33.08,1219.44,No
CUST-00252,Female,0,Yes,Yes,62,Yes,No,Fiber optic,No,No internet service,Two year,Yes,Credit card,66.42,4118.04,No
CUST-00253,Male,0,Yes,Yes,60,No,Yes,Fiber optic,No,No internet service,Month-to-month,Yes,Electronic check,88.69,5342.55,Yes
CUST-00254,Male,1,Yes,No,37,Yes,No,No,Yes,Yes,Month-to-month,Yes,Bank transfer,18.76,771.63,No
CUST-00255,Male,0,No,No,32,Yes,Yes,DSL,No internet service,Yes,One year,No,Electronic check,29.34,938.88,No
CUST-00256,Male,0,Yes,No,44,Yes,No,DSL,Yes,No,One year,No,Electronic check,116.14,5110.16,No
CUST-00257,Female,1,No,No,43,Yes,No,DSL,Yes,No internet service,Two year,Yes,Electronic check,112.65,4843.95,No
CUST-00258,Female,0,No,Yes,0,Yes,No,No,No,Yes,Month-to-month,No,Electronic check,60.63,29.62,Yes
CUST-00259,Male,0,Yes,No,52,Yes,No,Fiber optic,No,No,One year,Yes,Credit card,78.18,4065.36,No
CUST-00260,Male,0,No,Yes,46,Yes,Yes,DSL,No internet service,No internet service,One year,Yes,Bank transfer,33.84,1649.92,No
CUST-00261,Female,0,Yes,No,32,No,No,Fiber optic,No internet service,No,Month-to-month,Yes,Credit card,51.76,1717.07,Yes
CUST-00262,Male,0,Yes,No,66,Yes,Yes,No,No,No internet service,Month-to-month,No,Mailed check,98.88,6566.23,Yes
CUST-00263,Male,0,No,No,14,Yes,No phone service,DSL,No,Yes,Month-to-month,Yes,Electronic check,105.31,1474.34,Yes
CUST-00264,Male,0,No,No,13,Yes,Yes,Fiber optic,Yes,No,Two year,No,Electronic check,59.34,850.59,Yes
CUST-00265,Female,1,No,No,22,Yes,No,Fiber optic,No,No,Month-to-month,Yes,Mailed check,49.73,1163.54,Yes
CUST-00266,Female,0,Yes,No,53,Yes,Yes,Fiber optic,No,No,Month-to-month,No,Mailed check,87.53,4718.02,Yes
CUST-00267,Female,0,Yes,No,7,Yes,Yes,Fiber optic,Yes,No,Month-to-month,Yes,Electronic check,91.23,661.44,No
CUST-00268,Male,0,Yes,Yes,53,Yes,No,Fiber optic,No,No,Month-to-month,No,Credit card,118.35,6280.91,Yes
CUST-00269,Male,0,No,No,35,Yes,No,Fiber optic,Yes,No,One year,No,Credit card,89.13,3140.81,No
CUST-00270,Female,0,No,No,51,Yes,Yes,Fiber optic,No internet service,No,Two year,No,Electronic check,42.5,2199.42,No
CUST-00271,Female,0,No,No,5,No,Yes,DSL,No internet service,No internet service,Month-to-month,No,Bank transfer,24.12,192.88,Yes
CUST-00272,Female,0,Yes,Yes,27,Yes,No,DSL,No,Yes,Month-to-month,Yes,Mailed check,44.28,1195.56,Yes
CUST-00273,Female,0,Yes,No,49,Yes,Yes,Fiber optic,No,No,Month-to-month,No,Credit card,41.12,2034.62,No
CUST-00274,Male,0,Yes,No,37,Yes,No,DSL,Yes,No internet service,Month-to-month,No,Bank transfer,27.47,1050.14,No
CUST-00275,Female,0,Yes,No,29,Yes,No,DSL,No,No internet service,Month-to-month,Yes,Electronic check,63.33,1897.04,Yes
CUST-00276,Male,0,Yes,Yes,72,Yes,No,DSL,No,No,Month-to-month,No,Electronic check,47.39,3412.08,No
CUST-00277,Female,0,No,No,53,Yes,Yes,Fiber optic,Yes,No internet service,One year,Yes,Credit card,112.36,5967.77,No
CUST-00278,Male,0,No,No,70,No,No,DSL,No,Yes,Month-to-month,Yes,Credit card,59.2,4146.59,Yes
CUST-00279,Female,0,No,No,45,Yes,Yes,Fiber optic,No internet service,No,One year,No,Electronic check,107.41,4856.92,Yes
CUST-00280,Female,0,Yes,No,27,No,Yes,DSL,Yes,No internet service,Month-to-month,Yes,Credit card,49.29,1330.83,No
CUST-00281,Female,1,Yes,No,16,Yes,No,Fiber optic,No,No internet service,Month-to-month,Yes,Credit card,102.81,1686.04,Yes
CUST-00282,Female,1,No,Yes,47,Yes,Yes,Fiber optic,No internet service,No,Two year,Yes,Credit card,64.36,3053.19,No
CUST-00283,Male,0,Yes,Yes,43,Yes,Yes,No,No,Yes,Month-to-month,No,Electronic check,21.3,915.9,No
CUST-00284,Female,1,No,No,59,Yes,No,Fiber optic,No,Yes,Month-to-month,No,Mailed check,67.67,3992.53,No
CUST-00285,Male,0,No,No,59,Yes,No phone service,No,Yes,No internet service,Two year,Yes,Bank transfer,41.13,2426.67,No
CUST-00286,Male,1,Yes,Yes,4,Yes,No,DSL,No internet service,No internet service,Month-to-month,No,Mailed check,49.36,360.33,Yes
CUST-00287,Male,0,No,No,68,Yes,Yes,Fiber optic,No,No,Month-to-month,Yes,Electronic check,87.8,5970.4,No
CUST-00288,Male,1,Yes,No,69,Yes,Yes,DSL,No internet service,No internet service,Month-to-month,No,Bank transfer,72.01,4968.69,Yes
CUST-00289,Female,1,No,No,6,Yes,No,Fiber optic,No internet service,Yes,Month-to-month,Yes,Electronic check,108.64,651.84,Yes
CUST-00290,Male,0,No,Yes,52,Yes,Yes,DSL,No,No,One year,Yes,Mailed check,113.47,5934.03,No
CUST-00291,Male,1,Yes,Yes,16,Yes,Yes,Fiber optic,No,No,Two year,Yes,Electronic check,88.48,1503.89,No
CUST-00292,Male,0,Yes,No,58,Yes,No,Fiber optic,No,Yes,Month-to-month,Yes,Credit card,106.08,6152.64,No
CUST-00293,Female,0,No,No,8,Yes,Yes,No,No internet service,No internet service,One year,No,Credit card,37.9,320.98,No
CUST-00294,Female,0,No,No,21,Yes,Yes,DSL,No internet service,Yes,One year,No,Mailed check,26.09,547.89,No
CUST-00295,Female,0,Yes,No,44,Yes,Yes,Fiber optic,No internet service,Yes,Two year,Yes,Credit card,51.96,2325.86,No
CUST-00296,Female,0,No,No,72,Yes,No,No,No,No,One year,No,Mailed check,51.22,3687.84,No
CUST-00297,Male,0,Yes,No,58,Yes,Yes,DSL,No,No,Two year,Yes,Electronic check,85.84,5025.36,Yes
CUST-00298,Male,1,Yes,No,12,Yes,Yes,No,Yes,Yes,Month-to-month,No,Electronic check,103.72,1244.64,Yes
CUST-00299,Female,0,Yes,No,11,Yes,Yes,DSL,No internet service,No,Month-to-month,No,Mailed check,48.28,570.13,No
CUST-00300,Male,0,Yes,No,35,Yes,No,No,Yes,Yes,Month-to-month,Yes,Bank transfer,61.33,2146.55,No
CUST-00301,Male,1,Yes,Yes,9,No,No,No,No internet service,Yes,Two year,No,Mailed check,28.71,290.78,Yes
CUST-00302,Male,1,No,No,15,Yes,Yes,No,No internet service,Yes,Month-to-month,No,Bank transfer,60.1,902.33,Yes
CUST-00303,Female,1,Yes,Yes,18,Yes,No,Fiber optic,Yes,No,One year,Yes,Mailed check,39.87,717.66,No
CUST-00304,Female,0,Yes,No,5,Yes,Yes,No,No,No,Month-to-month,Yes,Electronic check,57.01,295.73,Yes
CUST-00305,Male,1,Yes,No,3,Yes,Yes,DSL,Yes,No,Two year,No,Credit card,45.17,176.36,No
CUST-00306,Female,0,No,Yes,29,Yes,No,Fiber optic,No,No,One year,Yes,Mailed check,100.49,2927.53,Yes
CUST-00307,Female,0,No,No,45,Yes,No,DSL,No,No,One year,No,Bank transfer,18.41,828.45,No
CUST-00308,Female,0,Yes,No,26,Yes,Yes,Fiber optic,Yes,No,Two year,Yes,Credit card,52.55,1377.46,Yes
CUST-00309,Female,0,Yes,No,44,No,No,Fiber optic,No,Yes,Two year,No,Bank transfer,116.86,5167.73,No
CUST-00310,Female,0,Yes,Yes,36,Yes,No,DSL,Yes,No internet service,Month-to-month,No,Bank transfer,87.26,3141.36,Yes
CUST-00311,Male,0,Yes,No,8,Yes,No phone service,No,No,No,Two year,No,Bank transfer,96.76,774.08,No
CUST-00312,Female,0,Yes,Yes,60,Yes,No,Fiber optic,No,Yes,Month-to-month,Yes,Bank transfer,105.71,6342.6,Yes
CUST-00313,Male,0,Yes,Yes,34,Yes,No phone service,No,No,Yes,Two year,Yes,Mailed check,54.91,1866.94,No
CUST-00314,Male,0,Yes,Yes,46,Yes,No,No,Yes,No,Month-to-month,Yes,Credit card,24.73,1137.58,No
CUST-00315,Female,0,No,Yes,20,Yes,Yes,Fiber optic,Yes,No,Month-to-month,Yes,Credit card,59.89,1197.8,No
CUST-00316,Male,0,Yes,No,16,Yes,No,DSL,Yes,No,Two year,No,Credit card,84.58,1353.28,No
CUST-00317,Male,0,No,No,54,Yes,No,Fiber optic,No,No internet service,One year,No,Credit card,55.82,3052.98,No
CUST-00318,Male,0,No,No,5,Yes,No,DSL,Yes,No,Month-to-month,No,Electronic check,63.73,326.8,Yes
CUST-00319,Female,0,No,No,34,Yes,Yes,DSL,No internet service,Yes,Month-to-month,No,Electronic check,102.2,3499.44,Yes
CUST-00320,Female,1,Yes,Yes,49,Yes,No,Fiber optic,No,No,Two year,No,Mailed check,21.7,1063.3,No
CUST-00321,Male,0,Yes,No,36,Yes,No,Fiber optic,No,No,Month-to-month,No,Credit card,52.14,1877.04,Yes
CUST-00322,Female,0,Yes,Yes,12,Yes,No,DSL,Yes,Yes,Month-to-month,No,Electronic check,67.82,813.84,Yes
CUST-00323,Female,0,No,No,24,Yes,Yes,Fiber optic,No,No internet service,One year,Yes,Credit card,48.52,1164.48,No
CUST-00324,Female,0,Yes,No,0,Yes,No,Fiber optic,No internet service,No,Month-to-month,Yes,Mailed check,63.47,0.0,Yes
CUST-00325,Female,1,No,Yes,48,Yes,No,DSL,No,No internet service,One year,No,Bank transfer,58.98,2831.04,No
CUST-00326,Male,0,No,No,34,Yes,Yes,Fiber optic,Yes,No,Month-to-month,No,Mailed check,112.24,3816.16,Yes
CUST-00327,Male,0,Yes,Yes,52,Yes,No phone service,Fiber optic,No internet service,No internet service,Month-to-month,Yes,Electronic check,68.3,3561.34,No
CUST-00328,Female,0,No,No,51,Yes,No,No,No internet service,No,Two year,Yes,Electronic check,66.58,3395.58,No
CUST-00329,Female,0,Yes,Yes,53,Yes,No,DSL,Yes,No internet service,Two year,No,Electronic check,43.96,2346.23,No
CUST-00330,Male,0,Yes,No,46,Yes,No,Fiber optic,No internet service,No,Two year,No,Mailed check,22.72,1045.12,No
CUST-00331,Male,0,Yes,Yes,42,Yes,Yes,Fiber optic,No,No,Two year,No,Mailed check,48.55,2054.28,Yes
CUST-00332,Female,0,Yes,No,19,Yes,No,No,No,Yes,Month-to-month,Yes,Mailed check,20.78,394.82,Yes
CUST-00333,Male,0,No,No,32,Yes,No,Fiber optic,No,Yes,Month-to-month,No,Credit card,102.33,3290.67,No
CUST-00334,Female,0,Yes,No,15,Yes,No,Fiber optic,Yes,No,One year,No,Electronic check,38.84,598.75,No
CUST-00335,Female,1,Yes,No,6,Yes,No,DSL,No,No internet service,Month-to-month,Yes,Mailed check,110.94,665.64,Yes
CUST-00336,Male,1,No,No,69,Yes,Yes,DSL,No,No,Month-to-month,No,Mailed check,108.36,7479.65,Yes
CUST-00337,Male,0,No,No,20,Yes,No,DSL,Yes,No,Month-to-month,No,Credit card,85.8,1716.0,Yes
CUST-00338,Female,0,Yes,Yes,35,No,Yes,Fiber optic,No internet service,No,Month-to-month,No,Electronic check,105.98,3709.3,Yes
CUST-00339,Female,0,No,Yes,53,Yes,Yes,Fiber optic,Yes,No internet service,Month-to-month,Yes,Bank transfer,107.55,5747.09,No
CUST-00340,Male,0,No,No,18,Yes,No,DSL,No,No,Month-to-month,No,Bank transfer,97.19,1749.42,No
CUST-00341,Female,0,Yes,No,24,Yes,No,Fiber optic,Yes,No,Two year,No,Electronic check,69.81,1675.44,Yes
CUST-00342,Male,1,Yes,No,66,Yes,No,DSL,No,No internet service,Month-to-month,Yes,Credit card,114.9,7583.4,No
CUST-00343,Female,1,Yes,Yes,52,Yes,No,Fiber optic,No,No internet service,One year,Yes,Electronic check,101.41,5288.6,No
CUST-00344,Male,0,No,No,47,Yes,No,No,No internet service,No,Month-to-month,Yes,Bank transfer,30.95,1500.8,No
CUST-00345,Male,0,No,Yes,41,Yes,No,No,Yes,No internet service,Two year,Yes,Mailed check,60.83,2494.03,No
CUST-00346,Male,0,No,No,46,No,No,DSL,No,No internet service,One year,Yes,Electronic check,73.05,3371.1,Yes
CUST-00347,Female,0,No,No,41,Yes,Yes,Fiber optic,No,No,Month-to-month,No,Bank transfer,72.0,2952.0,Yes
CUST-00348,Female,0,Yes,Yes,1,Yes,No,No,Yes,No,Month-to-month,Yes,Mailed check,56.71,56.71,Yes
CUST-00349,Male,0,Yes,No,5,Yes,Yes,Fiber optic,No internet service,No internet service,One year,No,Electronic check,72.23,378.89,No
CUST-00350,Female,0,Yes,Yes,45,Yes,No,Fiber optic,Yes,No,Month-to-month,No,Credit card,27.49,1261.34,Yes
CUST-00351,Male,0,No,No,65,Yes,No,Fiber optic,No,No internet service,Month-to-month,Yes,Bank transfer,84.83,5513.95,No
CUST-00352,Male,0,No,No,39,Yes,No,Fiber optic,Yes,No,Month-to-month,Yes,Mailed check,68.77,2725.21,No
CUST-00353,Female,1,Yes,No,57,Yes,Yes,Fiber optic,No,Yes,Month-to-month,No,Mailed check,98.34,5668.93,Yes
CUST-00354,Female,0,No,No,32,No,Yes,DSL,No internet service,No,Month-to-month,No,Credit card,88.73,2839.36,Yes
CUST-00355,Male,0,Yes,Yes,61,No,Yes,Fiber optic,No,Yes,Month-to-month,Yes,Bank transfer,29.5,1868.42,No
CUST-00356,Female,0,Yes,No,11,Yes,No,No,No,Yes,Month-to-month,No,Mailed check,53.77,591.67,No
CUST-00357,Female,0,Yes,No,48,Yes,Yes,No,Yes,No internet service,Two year,No,Credit card,93.1,4468.8,No
CUST-00358,Male,0,Yes,No,4,Yes,Yes,DSL,No,Yes,Two year,No,Bank transfer,52.36,292.6,Yes
CUST-00359,Male,0,Yes,Yes,50,Yes,Yes,Fiber optic,Yes,Yes,Month-to-month,Yes,Credit card,75.82,3832.88,No
CUST-00360,Female,1,Yes,No,68,Yes,Yes,DSL,No,No,Month-to-month,Yes,Credit card,116.05,7891.4,Yes
CUST-00361,Male,0,Yes,No,31,Yes,No,No,No,No internet service,Two year,No,Credit card,26.15,810.65,No
CUST-00362,Male,1,Yes,No,48,Yes,No,DSL,Yes,No,One year,Yes,Credit card,37.41,1811.97,No
CUST-00363,Female,0,No,No,59,Yes,No phone service,Fiber optic,No,No,Two year,No,Bank transfer,67.02,3969.94,No
CUST-00364,Male,0,Yes,No,45,No,No,DSL,No internet service,Yes,Month-to-month,Yes,Credit card,93.32,4199.4,No
CUST-00365,Male,0,No,No,67,Yes,No,Fiber optic,No internet service,No,Month-to-month,Yes,Credit card,51.67,3461.89,Yes
CUST-00366,Female,0,Yes,No,40,Yes,No,DSL,Yes,No internet service,Two year,Yes,Mailed check,29.98,1199.2,No
CUST-00367,Female,0,Yes,Yes,66,Yes,No,Fiber optic,Yes,No internet service,Month-to-month,Yes,Bank transfer,50.21,3313.86,No
CUST-00368,Male,0,Yes,No,12,Yes,No,Fiber optic,No,No,One year,Yes,Bank transfer,83.73,1004.76,No
CUST-00369,Male,0,Yes,No,17,Yes,Yes,Fiber optic,No internet service,No internet service,One year,No,Credit card,98.84,1705.16,No
CUST-00370,Female,1,No,No,50,Yes,No,Fiber optic,No,No,Two year,Yes,Credit card,117.66,5895.89,No
CUST-00371,Female,1,Yes,No,35,Yes,No,DSL,No internet service,Yes,Two year,Yes,Electronic check,95.66,3348.1,No
CUST-00372,Female,1,No,No,33,No,No,DSL,No,Yes,Month-to-month,Yes,Credit card,68.21,2275.17,Yes
CUST-00373,Female,0,No,Yes,11,Yes,No,Fiber optic,Yes,No,Month-to-month,Yes,Bank transfer,47.85,526.35,Yes
CUST-00374,Male,0,No,No,4,Yes,No phone service,Fiber optic,Yes,No,Month-to-month,No,Mailed check,112.61,468.88,Yes
CUST-00375,Female,0,No,No,47,Yes,No phone service,DSL,No internet service,No internet service,Two year,No,Bank transfer,72.49,3451.93,No
CUST-00376,Female,0,No,No,39,Yes,No,Fiber optic,Yes,No,Month-to-month,No,Mailed check,88.26,3461.86,No
CUST-00377,Male,0,Yes,No,12,Yes,No,DSL,Yes,No internet service,Month-to-month,No,Credit card,66.19,824.41,No
CUST-00378,Female,0,No,No,25,Yes,Yes,Fiber optic,No,No internet service,Two year,Yes,Electronic check,42.69,1100.56,Yes
CUST-00379,Male,0,Yes,Yes,13,Yes,Yes,No,Yes,No internet service,Month-to-month,Yes,Mailed check,73.79,979.05,Yes
CUST-00380,Female,0,Yes,No,10,Yes,Yes,DSL,No internet service,No,Two year,Yes,Bank transfer,103.67,1036.7,No
CUST-00381,Female,1,Yes,No,37,Yes,No,Fiber optic,No,No,One year,Yes,Credit card,57.1,2112.7,Yes
CUST-00382,Female,0,No,No,56,Yes,Yes,Fiber optic,No,No,Month-to-month,No,Mailed check,86.21,4885.05,Yes
CUST-00383,Male,0,No,No,21,Yes,Yes,Fiber optic,No internet service,Yes,Month-to-month,Yes,Electronic check,22.32,499.07,No
CUST-00384,Male,0,Yes,Yes,15,Yes,Yes,Fiber optic,No internet service,Yes,Month-to-month,Yes,Electronic check,113.53,1762.22,Yes
CUST-00385,Female,1,No,Yes,28,Yes,Yes,Fiber optic,Yes,Yes,Month-to-month,Yes,Electronic check,116.93,3323.6,Yes
CUST-00386,Male,0,Yes,No,1,No,No,DSL,No internet service,No,One year,Yes,Credit card,57.4,57.4,No
CUST-00387,Male,0,Yes,No,53,Yes,Yes,Fiber optic,No,No,Month-to-month,Yes,Mailed check,68.84,3648.52,No
CUST-00388,Male,0,Yes,No,1,Yes,No,Fiber optic,No,No internet service,Month-to-month,Yes,Mailed check,34.38,34.38,Yes
CUST-00389,Male,0,Yes,No,2,Yes,Yes,No,No internet service,No,Month-to-month,Yes,Credit card,38.01,76.02,Yes
CUST-00390,Male,0,Yes,No,55,Yes,Yes,Fiber optic,Yes,No,Two year,Yes,Mailed check,79.41,4367.55,No
CUST-00391,Male,0,No,No,71,Yes,No,Fiber optic,No internet service,No,Two year,Yes,Credit card,81.95,5818.45,No
CUST-00392,Female,0,No,Yes,10,Yes,No phone service,Fiber optic,No,Yes,Month-to-month,Yes,Electronic check,52.84,528.4,Yes
CUST-00393,Female,0,Yes,No,31,No,No,Fiber optic,Yes,No,Month-to-month,Yes,Mailed check,56.15,1799.39,Yes
CUST-00394,Male,0,No,No,3,Yes,Yes,Fiber optic,Yes,No,Two year,No,Electronic check,69.64,226.67,Yes
CUST-00395,Female,1,No,Yes,8,Yes,No phone service,No,No,No internet service,One year,No,Credit card,113.86,945.66,No
CUST-00396,Female,0,No,No,55,Yes,No,No,No,No internet service,Two year,No,Electronic check,33.26,1832.0,No
CUST-00397,Female,0,No,No,15,Yes,No,DSL,No internet service,Yes,Month-to-month,Yes,Bank transfer,74.26,1121.1,Yes
CUST-00398,Female,0,Yes,No,70,Yes,Yes,DSL,No internet service,No,Month-to-month,No,Credit card,23.93,1713.95,No
CUST-00399,Male,0,No,Yes,9,Yes,Yes,Fiber optic,No,No,Two year,No,Bank transfer,64.75,582.75,No
CUST-00400,Female,0,No,No,35,Yes,No,Fiber optic,Yes,Yes,Month-to-month,Yes,Credit card,58.52,2054.48,No
CUST-00401,Female,0,Yes,Yes,23,Yes,No,Fiber optic,No,Yes,Month-to-month,No,Electronic check,34.75,799.25,Yes
CUST-00402,Male,0,Yes,Yes,63,Yes,No,Fiber optic,No,No internet service,Month-to-month,Yes,Electronic check,34.73,2187.99,No
CUST-00403,Male,0,No,No,55,Yes,Yes,Fiber optic,Yes,Yes,Month-to-month,Yes,Electronic check,63.91,3515.05,No
CUST-00404,Female,0,Yes,No,21,Yes,No,DSL,No,No,One year,No,Bank transfer,30.91,649.11,No
CUST-00405,Female,0,No,No,51,Yes,Yes,Fiber optic,No internet service,No,One year,Yes,Electronic check,48.07,2495.59,Yes
CUST-00406,Female,1,Yes,No,49,No,No,DSL,No,Yes,Month-to-month,No,Bank transfer,25.26,1262.18,No
CUST-00407,Female,0,No,No,46,Yes,Yes,Fiber optic,Yes,No internet service,Two year,Yes,Bank transfer,48.32,2297.21,No
CUST-00408,Female,0,Yes,No,22,Yes,No,No,No,No internet service,Month-to-month,No,Mailed check,72.44,1593.68,No
CUST-00409,Female,0,No,No,18,Yes,Yes,DSL,No,Yes,Month-to-month,Yes,Mailed check,93.87,1689.66,No
CUST-00410,Male,0,No,No,51,Yes,No,DSL,No internet service,No internet service,Month-to-month,No,Mailed check,102.7,5237.7,Yes
CUST-00411,Female,0,Yes,No,33,Yes,Yes,DSL,No internet service,Yes,Two year,No,Credit card,52.46,1809.92,No
CUST-00412,Female,0,No,No,28,Yes,No,Fiber optic,Yes,Yes,Month-to-month,Yes,Bank transfer,113.76,3185.28,Yes
CUST-00413,Male,1,Yes,Yes,60,Yes,Yes,DSL,No internet service,Yes,Two year,Yes,Electronic check,42.54,2552.4,No
CUST-00414,Male,0,Yes,No,34,Yes,No phone service,Fiber optic,No internet service,No,Month-to-month,Yes,Mailed check,26.22,915.0,Yes
CUST-00415,Male,0,Yes,No,4,Yes,No phone service,Fiber optic,No,No,Month-to-month,No,Credit card,112.35,449.4,Yes
CUST-00416,Male,0,No,No,6,Yes,No,Fiber optic,No,Yes,Two year,Yes,Bank transfer,73.06,438.36,Yes
CUST-00417,Female,1,Yes,No,40,Yes,No phone service,Fiber optic,No,Yes,One year,Yes,Credit card,53.84,2227.95,No
CUST-00418,Female,0,Yes,Yes,1,Yes,Yes,No,No internet service,No,Month-to-month,Yes,Electronic check,109.61,109.61,Yes
CUST-00419,Female,0,Yes,No,9,Yes,No phone service,DSL,No,No,Two year,Yes,Mailed check,97.13,902.52,No
CUST-00420,Female,0,No,No,43,Yes,Yes,No,No,No,Month-to-month,Yes,Bank transfer,102.91,4446.78,Yes
CUST-00421,Female,0,No,Yes,69,Yes,Yes,DSL,Yes,No,Two year,No,Credit card,47.82,3435.4,No
CUST-00422,Female,0,Yes,No,34,Yes,Yes,DSL,No internet service,No,One year,No,Mailed check,107.1,3641.4,No
CUST-00423,Male,0,Yes,No,61,Yes,No phone service,Fiber optic,No,Yes,Month-to-month,No,Mailed check,84.28,5141.08,No
CUST-00424,Female,0,No,No,72,Yes,No,DSL,No internet service,No internet service,One year,No,Bank transfer,93.28,6716.16,No
CUST-00425,Male,1,Yes,No,19,Yes,No,DSL,No,No,Two year,No,Mailed check,49.87,997.02,Yes
CUST-00426,Male,0,No,No,34,No,No phone service,DSL,No,No internet service,One year,Yes,Credit card,42.99,1474.19,No
CUST-00427,Female,1,No,No,36,Yes,No,No,No,No,Month-to-month,Yes,Bank transfer,59.63,2146.68,No
CUST-00428,Male,0,No,No,71,Yes,No,DSL,No,No,Month-to-month,Yes,Bank transfer,76.67,5460.72,No
CUST-00429,Female,0,Yes,No,53,Yes,Yes,Fiber optic,No,Yes,Two year,Yes,Mailed check,85.93,4620.71,Yes
CUST-00430,Male,0,No,No,27,Yes,No,Fiber optic,No,No,Two year,Yes,Electronic check,68.79,1940.29,No
CUST-00431,Female,0,No,No,69,Yes,No phone service,DSL,Yes,No internet service,One year,No,Electronic check,89.28,6178.77,No
CUST-00432,Male,0,No,No,31,Yes,No phone service,DSL,No internet service,No internet service,One year,No,Electronic check,90.25,2854.51,No
CUST-00433,Female,0,Yes,No,10,Yes,Yes,DSL,Yes,No internet service,Month-to-month,No,Credit card,85.94,859.4,Yes
CUST-00434,Female,0,Yes,No,41,Yes,Yes,DSL,No internet service,No,Two year,Yes,Bank transfer,43.61,1819.12,No
CUST-00435,Female,0,Yes,No,22,Yes,Yes,DSL,No internet service,No,Month-to-month,Yes,Mailed check,63.53,1397.66,No
CUST-00436,Female,0,No,No,29,Yes,Yes,DSL,No,No,One year,No,Electronic check,96.11,2787.19,Yes
CUST-00437,Female,0,No,Yes,8,Yes,Yes,DSL,No,Yes,Month-to-month,Yes,Mailed check,108.47,867.76,No
CUST-00438,Male,1,Yes,Yes,58,Yes,No,DSL,Yes,Yes,Month-to-month,Yes,Electronic check,69.12,4008.96,No
CUST-00439,Male,0,Yes,Yes,27,Yes,No,Fiber optic,Yes,No,One year,No,Electronic check,118.65,3218.21,No
CUST-00440,Male,0,Yes,Yes,32,No,No phone service,DSL,No,No,One year,Yes,Mailed check,35.82,1146.24,No
CUST-00441,Female,0,No,No,46,Yes,Yes,No,Yes,Yes,Two year,No,Credit card,40.89,1916.37,No
CUST-00442,Male,0,No,Yes,21,Yes,Yes,DSL,No,No internet service,Month-to-month,Yes,Mailed check,65.0,1413.2,No
CUST-00443,Female,0,Yes,No,28,Yes,Yes,Fiber optic,No internet service,No,Month-to-month,No,Mailed check,69.89,1956.92,Yes
CUST-00444,Female,0,Yes,Yes,33,Yes,Yes,No,No,No,Two year,Yes,Credit card,61.3,2022.9,No
CUST-00445,Male,0,Yes,No,41,Yes,No,DSL,Yes,No,Month-to-month,Yes,Credit card,61.9,2545.72,No
CUST-00446,Male,0,No,No,51,No,Yes,Fiber optic,No internet service,No,One year,Yes,Mailed check,67.7,3452.7,No
CUST-00447,Female,0,No,Yes,46,Yes,No phone service,Fiber optic,Yes,No internet service,Two year,Yes,Credit card,50.66,2403.42,Yes
CUST-00448,Male,0,No,No,50,Yes,No,No,No,Yes,Two year,Yes,Electronic check,31.36,1568.0,No
CUST-00449,Female,1,Yes,Yes,44,Yes,No,Fiber optic,No,No internet service,Month-to-month,No,Credit card,115.52,5082.88,No
CUST-00450,Female,0,No,No,33,Yes,No,Fiber optic,No,No,One year,No,Mailed check,99.09,3269.97,Yes
CUST-00451,Female,0,Yes,No,20,Yes,No,Fiber optic,No,No,Month-to-month,Yes,Credit card,101.12,2051.21,Yes
CUST-00452,Female,0,No,No,12,Yes,No,Fiber optic,Yes,No internet service,Month-to-month,Yes,Bank transfer,55.23,673.44,Yes
CUST-00453,Female,0,Yes,Yes,53,Yes,No,Fiber optic,No,Yes,Month-to-month,Yes,Credit card,59.2,3175.28,No
CUST-00454,Male,1,No,No,24,Yes,No,No,No,No,Two year,Yes,Electronic check,113.46,2731.03,No
CUST-00455,Male,0,No,No,20,No,No,Fiber optic,No,No,Month-to-month,No,Bank transfer,117.24,2364.4,Yes
CUST-00456,Female,0,No,No,0,Yes,Yes,DSL,No,No internet service,One year,Yes,Electronic check,114.15,0.0,No
CUST-00457,Female,1,No,No,57,Yes,Yes,No,No internet service,No,One year,No,Electronic check,83.55,4769.75,No
CUST-00458,Male,0,Yes,No,68,Yes,No,Fiber optic,Yes,No internet service,Month-to-month,Yes,Bank transfer,42.76,2907.68,No
CUST-00459,Male,0,Yes,No,70,Yes,Yes,Fiber optic,Yes,No internet service,Month-to-month,No,Electronic check,79.71,5610.31,No
CUST-00460,Female,0,No,Yes,12,Yes,No,Fiber optic,No internet service,No internet service,Two year,No,Bank transfer,78.09,937.08,No
CUST-00461,Male,0,Yes,Yes,51,Yes,No,No,No,No internet service,Month-to-month,Yes,Electronic check,110.64,5642.64,No
CUST-00462,Female,0,Yes,No,22,Yes,Yes,Fiber optic,No internet service,No,One year,Yes,Mailed check,49.79,1095.38,No
CUST-00463,Male,1,Yes,Yes,20,No,No,Fiber optic,No internet service,No,Month-to-month,Yes,Electronic check,38.47,846.0,Yes
CUST-00464,Female,1,No,Yes,5,Yes,No,No,No,Yes,Month-to-month,Yes,Bank transfer,45.11,227.13,Yes
CUST-00465,Male,0,Yes,Yes,19,Yes,No,DSL,No,No,Month-to-month,Yes,Mailed check,42.8,914.27,Yes
CUST-00466,Female,0,Yes,No,39,Yes,No,DSL,No internet service,No internet service,Month-to-month,Yes,Mailed check,84.14,3350.58,No
CUST-00467,Male,0,Yes,No,8,Yes,No,Fiber optic,No internet service,No internet service,Month-to-month,Yes,Credit card,100.87,806.96,Yes
CUST-00468,Male,1,Yes,No,49,Yes,No,Fiber optic,Yes,Yes,One year,Yes,Credit card,55.55,2742.13,No
CUST-00469,Female,0,No,Yes,27,Yes,No,Fiber optic,No,No,Month-to-month,Yes,Credit card,35.99,999.46,No
CUST-00470,Male,0,No,No,10,Yes,Yes,Fiber optic,No internet service,No,Month-to-month,No,Mailed check,53.0,530.0,Yes
CUST-00471,Female,0,No,No,55,Yes,Yes,Fiber optic,Yes,No,Month-to-month,Yes,Credit card,73.75,4056.25,Yes
CUST-00472,Male,0,Yes,No,34,Yes,No,Fiber optic,No,Yes,One year,Yes,Mailed check,85.78,2938.97,Yes
CUST-00473,Female,0,No,No,24,Yes,Yes,No,No,Yes,Month-to-month,Yes,Credit card,74.08,1803.52,No
CUST-00474,Male,0,No,No,18,No,Yes,Fiber optic,No,No internet service,Month-to-month,No,Electronic check,44.19,803.01,No
CUST-00475,Female,0,Yes,No,30,Yes,No phone service,No,Yes,Yes,One year,Yes,Credit card,111.64,3349.2,Yes
CUST-00476,Male,0,No,Yes,49,No,No,No,Yes,No,One year,No,Bank transfer,62.66,3190.93,No
CUST-00477,Female,0,No,Yes,62,Yes,No,DSL,No,No,Month-to-month,Yes,Credit card,64.81,4046.57,No
CUST-00478,Male,0,No,Yes,46,No,No,Fiber optic,No,No,Two year,Yes,Mailed check,116.67,5417.79,No
CUST-00479,Female,1,No,No,0,Yes,Yes,DSL,Yes,No,Month-to-month,Yes,Bank transfer,106.57,46.65,Yes
CUST-00480,Female,0,Yes,Yes,57,Yes,Yes,No,No,Yes,Month-to-month,Yes,Bank transfer,100.24,5721.05,Yes
CUST-00481,Female,0,Yes,No,9,Yes,No phone service,Fiber optic,Yes,No internet service,Two year,Yes,Mailed check,36.63,333.91,Yes
CUST-00482,Male,0,No,Yes,7,Yes,Yes,DSL,No,Yes,Month-to-month,Yes,Bank transfer,103.48,769.53,Yes
CUST-00483,Female,0,Yes,No,25,Yes,No,No,No,Yes,Month-to-month,No,Bank transfer,64.44,1611.0,Yes
CUST-00484,Male,0,Yes,No,33,Yes,Yes,Fiber optic,No,No,Two year,Yes,Bank transfer,39.36,1347.53,No
CUST-00485,Female,1,No,No,18,Yes,Yes,No,No internet service,No,Month-to-month,Yes,Credit card,119.07,2152.06,Yes
CUST-00486,Male,0,No,No,71,Yes,Yes,DSL,No,Yes,Month-to-month,No,Bank transfer,35.55,2553.64,No
CUST-00487,Female,0,Yes,Yes,0,Yes,No,No,No,Yes,Two year,No,Electronic check,112.04,8.91,Yes
CUST-00488,Male,0,No,No,47,Yes,No,Fiber optic,No internet service,Yes,Month-to-month,No,Electronic check,18.05,848.35,Yes
CUST-00489,Male,1,No,Yes,24,Yes,No,Fiber optic,No,No internet service,Month-to-month,No,Credit card,62.67,1504.08,No
CUST-00490,Female,0,No,No,23,Yes,No,No,No,Yes,Month-to-month,No,Credit card,21.05,545.21,No
CUST-00491,Male,0,Yes,No,46,Yes,No phone service,Fiber optic,No,Yes,One year,Yes,Electronic check,111.07,5141.43,No
CUST-00492,Male,0,Yes,Yes,68,Yes,No,Fiber optic,No,No internet service,Month-to-month,Yes,Bank transfer,30.84,2152.37,Yes
CUST-00493,Female,0,Yes,Yes,66,Yes,No,DSL,No internet service,No,Two year,No,Electronic check,86.66,5766.57,No
CUST-00494,Male,0,Yes,No,31,Yes,Yes,No,No internet service,No,Month-to-month,Yes,Mailed check,82.38,2553.78,No
CUST-00495,Male,1,Yes,No,16,Yes,No,Fiber optic,Yes,No,One year,Yes,Bank transfer,97.46,1559.36,No
CUST-00496,Male,0,Yes,No,60,No,No,No,No,No,Month-to-month,No,Electronic check,94.18,5693.16,No
CUST-00497,Female,0,Yes,No,68,Yes,Yes,Fiber optic,Yes,Yes,Month-to-month,Yes,Electronic check,21.31,1449.08,No
CUST-00498,Male,0,No,No,10,Yes,Yes,DSL,No,No,Two year,No,Bank transfer,57.62,610.72,No
CUST-00499,Female,1,Yes,Yes,37,Yes,Yes,DSL,Yes,No,Month-to-month,No,Bank transfer,50.9,1953.32,No
CUST-00500,Male,0,No,No,67,Yes,Yes,Fiber optic,Yes,Yes,One year,Yes,Bank transfer,117.23,7854.41,No
CUST-00501,Male,0,No,Yes,18,Yes,No,DSL,No,No,Month-to-month,No,Credit card,97.04,1746.72,Yes
CUST-00502,Male,0,Yes,No,16,No,No,DSL,No internet service,Yes,Two year,No,Mailed check,90.21,1443.36,Yes
CUST-00503,Female,0,No,No,12,Yes,No phone service,Fiber optic,Yes,No internet service,Month-to-month,Yes,Credit card,63.1,757.2,No
CUST-00504,Male,0,No,Yes,0,Yes,No,DSL,No internet service,No internet service,One year,No,Electronic check,108.88,0.0,Yes
CUST-00505,Male,0,Yes,No,1,Yes,No,No,Yes,No,Two year,Yes,Mailed check,19.72,37.35,No
CUST-00506,Female,1,No,No,65,No,Yes,Fiber optic,No,No internet service,Month-to-month,No,Credit card,41.3,2704.5,No
CUST-00507,Male,0,Yes,No,67,Yes,No,No,No internet service,No,Month-to-month,Yes,Electronic check,88.89,5975.36,Yes
CUST-00508,Female,0,No,Yes,15,Yes,No,DSL,Yes,Yes,One year,No,Bank transfer,69.86,1047.9,No
CUST-00509,Female,0,Yes,Yes,3,Yes,No,DSL,Yes,No internet service,Month-to-month,No,Electronic check,72.45,276.86,Yes
CUST-00510,Male,0,No,No,56,Yes,No,Fiber optic,No,No,Two year,Yes,Bank transfer,60.47,3392.7,No
CUST-00511,Female,0,Yes,No,72,Yes,No,Fiber optic,No,No,Month-to-month,Yes,Credit card,34.98,2518.56,No
CUST-00512,Male,0,No,No,22,Yes,Yes,DSL,No internet service,Yes,Month-to-month,Yes,Electronic check,34.95,801.38,Yes
CUST-00513,Female,0,Yes,Yes,1,Yes,No,Fiber optic,No,No,Month-to-month,No,Mailed check,48.04,79.87,Yes
CUST-00514,Female,0,No,No,66,Yes,No,No,No,No,Month-to-month,Yes,Electronic check,65.77,4340.82,No
CUST-00515,Male,0,No,No,25,Yes,No,DSL,No,No,Month-to-month,No,Bank transfer,102.06,2551.5,No
CUST-00516,Female,0,Yes,No,6,No,Yes,Fiber optic,No,No internet service,Month-to-month,No,Credit card,63.58,381.48,Yes
CUST-00517,Female,0,No,No,43,Yes,Yes,Fiber optic,No,No,Month-to-month,No,Mailed check,109.58,4711.94,Yes
CUST-00518,Female,0,Yes,No,32,Yes,No,DSL,No,Yes,Month-to-month,Yes,Mailed check,30.29,995.44,No
CUST-00519,Female,0,No,No,63,Yes,No,Fiber optic,No,No,Month-to-month,No,Credit card,45.72,2880.36,Yes
CUST-00520,Female,0,No,No,35,Yes,Yes,Fiber optic,No internet service,No internet service,Month-to-month,No,Credit card,25.19,909.41,Yes
CUST-00521,Male,0,No,No,3,No,No,DSL,Yes,Yes,Month-to-month,Yes,Electronic check,70.02,210.06,Yes
CUST-00522,Female,0,No,No,22,Yes,Yes,DSL,No,No,Month-to-month,Yes,Electronic check,27.18,658.33,No
CUST-00523,Male,0,Yes,No,24,Yes,Yes,No,Yes,Yes,One year,No,Mailed check,99.16,2379.84,No
CUST-00524,Female,0,Yes,No,26,Yes,No,DSL,No,No,Month-to-month,Yes,Electronic check,22.06,688.31,No
CUST-00525,Male,0,Yes,Yes,50,Yes,No,Fiber optic,No,Yes,Two year,No,Bank transfer,66.49,3365.19,No
CUST-00526,Male,1,No,Yes,68,Yes,No,Fiber optic,No,No,Month-to-month,No,Bank transfer,60.9,4141.2,Yes
CUST-00527,Female,0,Yes,Yes,22,Yes,Yes,DSL,No internet service,No,Month-to-month,Yes,Electronic check,38.63,849.86,Yes
CUST-00528,Female,0,No,Yes,8,Yes,Yes,No,No internet service,No,Month-to-month,No,Mailed check,77.86,648.92,Yes
CUST-00529,Female,0,No,Yes,32,Yes,Yes,DSL,Yes,No internet service,Month-to-month,Yes,Electronic check,57.38,1886.87,No
CUST-00530,Male,0,Yes,No,34,Yes,Yes,DSL,Yes,No internet service,Two year,Yes,Credit card,38.19,1329.57,Yes
CUST-00531,Female,0,No,No,49,No,No,Fiber optic,Yes,Yes,Month-to-month,Yes,Credit card,102.31,5013.19,Yes
CUST-00532,Male,0,Yes,No,23,Yes,Yes,DSL,No,Yes,Month-to-month,Yes,Mailed check,85.39,2035.31,No
CUST-00533,Male,0,Yes,Yes,23,Yes,No phone service,Fiber optic,No internet service,No,Month-to-month,Yes,Mailed check,19.24,457.08,No
CUST-00534,Male,0,No,Yes,18,Yes,No,No,Yes,No,Two year,Yes,Credit card,69.19,1245.42,No
CUST-00535,Female,0,Yes,No,38,Yes,No,DSL,No,Yes,One year,Yes,Credit card,45.67,1846.25,No
CUST-00536,Female,0,Yes,No,60,Yes,No phone service,Fiber optic,No,Yes,Month-to-month,Yes,Bank transfer,111.34,6713.03,Yes
CUST-00537,Male,1,No,No,24,Yes,Yes,DSL,No,No,Two year,No,Electronic check,92.01,2228.63,No
CUST-00538,Male,0,Yes,No,24,Yes,Yes,No,No,No,Two year,No,Mailed check,80.38,1929.12,Yes
CUST-00539,Female,0,No,No,26,Yes,No,DSL,No internet service,No internet service,Month-to-month,No,Credit card,27.08,704.08,Yes
CUST-00540,Male,0,No,No,31,Yes,Yes,Fiber optic,Yes,Yes,Month-to-month,Yes,Mailed check,112.93,3500.83,No
CUST-00541,Female,1,Yes,No,10,Yes,No phone service,Fiber optic,No,No internet service,Month-to-month,Yes,Credit card,32.71,336.36,Yes
CUST-00542,Male,0,Yes,No,68,Yes,No phone service,Fiber optic,No,No,One year,Yes,Mailed check,63.98,4378.05,No
CUST-00543,Female,0,No,No,32,Yes,No phone service,DSL,No internet service,Yes,Month-to-month,Yes,Mailed check,87.47,2799.04,No
CUST-00544,Male,0,Yes,No,18,Yes,No phone service,No,Yes,No internet service,Two year,No,Bank transfer,68.47,1232.46,No
CUST-00545,Female,0,Yes,No,15,Yes,No,DSL,No internet service,No internet service,Month-to-month,Yes,Bank transfer,108.01,1620.15,No
CUST-00546,Male,0,No,Yes,10,Yes,No,Fiber optic,Yes,Yes,Two year,Yes,Bank transfer,103.2,1032.0,No
CUST-00547,Female,0,Yes,No,68,Yes,Yes,DSL,No,Yes,One year,Yes,Bank transfer,31.81,2163.08,No
CUST-00548,Female,0,No,No,54,Yes,No,No,Yes,No internet service,Two year,Yes,Bank transfer,81.0,4447.69,No
CUST-00549,Male,0,Yes,No,24,Yes,Yes,DSL,Yes,Yes,Month-to-month,No,Credit card,23.32,616.75,No
CUST-00550,Male,0,Yes,No,33,Yes,No,DSL,No,No internet service,Two year,Yes,Electronic check,91.5,3019.5,Yes
CUST-00551,Female,0,Yes,No,11,Yes,No phone service,DSL,No,Yes,One year,No,Credit card,93.07,1051.41,No
CUST-00552,Male,0,No,No,20,Yes,Yes,No,No,No,One year,Yes,Electronic check,53.14,1062.8,Yes
CUST-00553,Female,0,No,No,28,Yes,Yes,DSL,No internet service,No,Month-to-month,No,Bank transfer,98.23,2848.25,No
CUST-00554,Male,0,No,Yes,50,Yes,No,DSL,Yes,Yes,Two year,Yes,Mailed check,84.58,4229.0,No
CUST-00555,Female,1,Yes,No,22,Yes,No,Fiber optic,No,No,Month-to-month,Yes,Mailed check,69.41,1527.02,Yes
CUST-00556,Female,0,Yes,Yes,32,Yes,No,Fiber optic,Yes,No,Two year,No,Electronic check,64.44,2173.71,Yes
CUST-00557,Female,0,Yes,Yes,7,Yes,No,No,No,Yes,Month-to-month,Yes,Electronic check,29.13,203.91,No
CUST-00558,Female,0,No,No,41,Yes,No,Fiber optic,No,No internet service,Two year,No,Credit card,72.17,3060.67,No
CUST-00559,Female,1,No,Yes,68,No,Yes,DSL,Yes,No internet service,Two year,No,Electronic check,33.92,2352.44,No
CUST-00560,Female,0,No,No,40,Yes,No,Fiber optic,No,No internet service,Month-to-month,No,Credit card,84.92,3411.58,Yes
CUST-00561,Male,0,Yes,Yes,62,Yes,No,DSL,Yes,No,Month-to-month,No,Bank transfer,78.66,4876.92,No
CUST-00562,Male,0,No,Yes,13,Yes,Yes,Fiber optic,No,No,Month-to-month,Yes,Mailed check,47.63,624.63,Yes
CUST-00563,Male,0,Yes,No,61,Yes,Yes,Fiber optic,No internet service,No internet service,Month-to-month,No,Mailed check,43.19,2634.59,No
CUST-00564,Female,0,No,No,45,Yes,No,Fiber optic,No,No internet service,One year,Yes,Credit card,66.56,2995.2,No
CUST-00565,Female,0,Yes,No,66,No,No phone service,DSL,No internet service,Yes,Month-to-month,No,Electronic check,70.27,4645.92,No
CUST-00566,Female,0,No,No,52,Yes,No,DSL,Yes,No,Month-to-month,No,Credit card,99.39,5234.73,No
CUST-00567,Female,1,Yes,No,51,No,No phone service,No,No internet service,Yes,Month-to-month,Yes,Electronic check,49.0,2499.0,Yes
CUST-00568,Male,0,Yes,No,6,Yes,Yes,No,No,Yes,Month-to-month,Yes,Electronic check,59.15,462.58,Yes
CUST-00569,Male,0,No,No,53,Yes,No phone service,Fiber optic,No internet service,Yes,One year,Yes,Electronic check,53.02,2810.06,No
CUST-00570,Female,0,Yes,No,10,Yes,Yes,DSL,No,No internet service,Month-to-month,No,Credit card,58.2,582.0,No
CUST-00571,Male,0,Yes,No,24,Yes,No,No,No,Yes,Two year,Yes,Bank transfer,75.84,1829.08,No
CUST-00572,Male,0,No,Yes,58,Yes,Yes,Fiber optic,No,No,Month-to-month,Yes,Mailed check,74.86,4341.88,Yes
CUST-00573,Female,0,No,No,65,Yes,No,Fiber optic,No,No,Month-to-month,Yes,Credit card,54.86,3565.9,Yes
CUST-00574,Male,0,No,No,26,Yes,Yes,Fiber optic,Yes,No,Month-to-month,Yes,Bank transfer,79.45,2089.02,No
CUST-00575,Female,1,Yes,No,57,Yes,Yes,DSL,No,Yes,Month-to-month,Yes,Mailed check,80.84,4654.5,No
CUST-00576,Male,1,No,No,10,Yes,Yes,Fiber optic,No,No,Month-to-month,No,Credit card,71.74,717.4,Yes
CUST-00577,Female,0,No,No,54,Yes,Yes,No,No internet service,No,Month-to-month,Yes,Credit card,64.14,3463.56,No
CUST-00578,Female,0,Yes,No,18,No,Yes,DSL,No internet service,No internet service,Month-to-month,Yes,Bank transfer,25.95,492.32,No
CUST-00579,Female,1,No,No,38,Yes,No,Fiber optic,Yes,Yes,Month-to-month,Yes,Credit card,73.21,2781.98,Yes
CUST-00580,Female,0,Yes,Yes,69,Yes,Yes,Fiber optic,Yes,Yes,Month-to-month,Yes,Mailed check,90.7,6258.3,No
CUST-00581,Male,1,Yes,Yes,10,Yes,Yes,No,No,No,One year,No,Bank transfer,39.96,399.6,No
CUST-00582,Female,0,Yes,No,13,Yes,Yes,DSL,No,Yes,Two year,Yes,Credit card,97.34,1353.66,Yes
CUST-00583,Female,0,Yes,No,59,No,Yes,No,Yes,No,Month-to-month,Yes,Mailed check,77.82,4618.13,Yes
CUST-00584,Female,0,No,Yes,35,Yes,No,DSL,No,No,Month-to-month,No,Credit card,42.23,1478.99,Yes
CUST-00585,Male,0,No,Yes,40,Yes,No,Fiber optic,Yes,Yes,Month-to-month,Yes,Bank transfer,34.62,1423.2,No
CUST-00586,Female,0,No,No,1,Yes,No,DSL,No,No,Two year,Yes,Credit card,43.03,54.06,Yes
CUST-00587,Male,0,No,No,56,Yes,Yes,No,Yes,No,One year,Yes,Mailed check,95.43,5344.08,No
CUST-00588,Female,0,Yes,No,59,Yes,No,DSL,No internet service,No,Month-to-month,Yes,Electronic check,43.55,2605.4,No
CUST-00589,Male,0,No,No,19,Yes,No,No,Yes,No,Month-to-month,No,Credit card,87.69,1709.04,Yes
CUST-00590,Male,0,No,Yes,21,Yes,Yes,Fiber optic,No,Yes,Two year,No,Credit card,73.67,1547.07,No
CUST-00591,Female,1,Yes,No,3,Yes,Yes,No,No,Yes,Month-to-month,No,Mailed check,73.78,231.33,Yes
CUST-00592,Male,0,No,Yes,55,Yes,Yes,DSL,Yes,No,Month-to-month,No,Mailed check,104.97,5870.99,No
CUST-00593,Female,0,No,Yes,57,Yes,Yes,DSL,Yes,No internet service,Month-to-month,No,Bank transfer,107.22,6121.93,No
CUST-00594,Female,0,No,No,64,Yes,Yes,Fiber optic,Yes,Yes,Month-to-month,No,Electronic check,72.76,4656.64,Yes
CUST-00595,Female,0,No,No,57,Yes,Yes,Fiber optic,Yes,No,Month-to-month,Yes,Bank transfer,24.66,1405.62,Yes
CUST-00596,Male,1,Yes,Yes,29,Yes,No,Fiber optic,Yes,Yes,Month-to-month,Yes,Mailed check,34.44,998.76,Yes
CUST-00597,Male,0,Yes,Yes,18,Yes,No,Fiber optic,No,Yes,One year,Yes,Mailed check,114.76,2070.47,No
CUST-00598,Female,0,Yes,No,61,Yes,No phone service,DSL,No,No internet service,Month-to-month,Yes,Mailed check,31.74,1936.14,No
CUST-00599,Female,0,No,No,67,No,No,Fiber optic,Yes,No internet service,Two year,Yes,Mailed check,103.21,6944.99,No
CUST-00600,Male,0,No,Yes,43,Yes,No,DSL,Yes,Yes,Month-to-month,No,Bank transfer,73.12,3144.16,No
CUST-00601,Female,0,No,No,60,No,Yes,DSL,No,No internet service,One year,Yes,Electronic check,29.63,1921.24,No
CUST-00602,Female,1,Yes,Yes,20,Yes,Yes,No,No,Yes,Month-to-month,No,Mailed check,111.79,2247.4,Yes
CUST-00603,Female,0,Yes,No,9,Yes,No,Fiber optic,Yes,No internet service,Month-to-month,Yes,Bank transfer,112.67,1014.03,Yes
CUST-00604,Male,0,No,No,29,Yes,No,Fiber optic,Yes,No internet service,Two year,Yes,Bank transfer,80.77,2351.8,No
CUST-00605,Male,0,No,No,23,Yes,No,DSL,Yes,Yes,Month-to-month,Yes,Bank transfer,57.66,1326.18,No
CUST-00606,Male,0,Yes,No,47,Yes,No,DSL,No internet service,Yes,Two year,Yes,Bank transfer,79.96,3793.99,No
CUST-00607,Female,0,No,No,54,Yes,Yes,Fiber optic,Yes,No internet service,One year,No,Bank transfer,82.03,4429.88,No
CUST-00608,Female,0,No,No,51,Yes,Yes,DSL,Yes,No,One year,No,Mailed check,81.46,4175.2,No
CUST-00609,Female,0,No,Yes,37,Yes,No,DSL,No,No,Month-to-month,Yes,Mailed check,92.81,3569.61,Yes
CUST-00610,Male,0,No,Yes,66,Yes,No,DSL,No internet service,No,Two year,No,Electronic check,24.85,1640.1,No
CUST-00611,Female,0,Yes,No,7,Yes,Yes,DSL,No,No,Month-to-month,No,Electronic check,28.46,236.03,Yes
CUST-00612,Female,0,No,Yes,28,Yes,No,DSL,Yes,Yes,Two year,Yes,Electronic check,46.84,1366.88,No
CUST-00613,Female,0,No,No,9,Yes,Yes,No,Yes,No,Two year,Yes,Electronic check,53.67,498.63,No
CUST-00614,Female,0,Yes,No,68,Yes,No,Fiber optic,No internet service,No internet service,Month-to-month,Yes,Credit card,83.08,5649.44,No
CUST-00615,Male,1,Yes,No,67,Yes,Yes,Fiber optic,No internet service,No internet service,Two year,Yes,Bank transfer,35.53,2419.4,No
CUST-00616,Male,0,No,No,48,Yes,No,DSL,No internet service,No,Month-to-month,No,Bank transfer,73.18,3512.64,Yes
CUST-00617,Female,0,Yes,No,57,Yes,No,No,No,Yes,Two year,Yes,Bank transfer,36.9,2188.69,No
CUST-00618,Male,0,Yes,No,34,Yes,No phone service,DSL,No,No internet service,One year,Yes,Credit card,54.26,1844.84,No
CUST-00619,Male,0,No,Yes,49,Yes,No phone service,DSL,Yes,Yes,Month-to-month,Yes,Bank transfer,113.42,5655.7,Yes
CUST-00620,Female,0,Yes,No,39,Yes,No,DSL,No,No,Month-to-month,No,Bank transfer,109.36,4269.23,No
CUST-00621,Female,0,No,Yes,11,Yes,No,Fiber optic,No,No,One year,Yes,Bank transfer,115.22,1311.13,No
CUST-00622,Male,0,Yes,Yes,15,Yes,No,No,No,No,One year,Yes,Bank transfer,78.32,1200.36,No
CUST-00623,Female,0,No,No,47,Yes,Yes,Fiber optic,Yes,No internet service,Month-to-month,Yes,Bank transfer,69.13,3297.71,Yes
CUST-00624,Male,0,Yes,Yes,0,Yes,Yes,No,No internet service,No,Month-to-month,No,Electronic check,104.59,0.0,Yes
CUST-00625,Female,0,Yes,Yes,64,Yes,Yes,No,No,Yes,Month-to-month,No,Credit card,26.13,1672.32,No
CUST-00626,Male,0,Yes,Yes,21,Yes,No,DSL,No internet service,No internet service,Two year,No,Mailed check,117.8,2494.15,No
CUST-00627,Female,0,No,No,14,No,Yes,DSL,No,No,Month-to-month,Yes,Electronic check,65.16,914.85,No
CUST-00628,Male,1,No,No,66,Yes,Yes,No,Yes,No,Two year,Yes,Credit card,86.93,5737.38,No
CUST-00629,Male,0,Yes,Yes,13,Yes,No,DSL,No,Yes,Month-to-month,No,Bank transfer,92.3,1209.5,Yes
CUST-00630,Male,0,No,No,72,No,No,Fiber optic,No internet service,No,Month-to-month,No,Credit card,82.14,5914.08,No
CUST-00631,Female,0,No,Yes,18,No,No,No,Yes,No,Month-to-month,Yes,Bank transfer,108.94,2071.34,Yes
CUST-00632,Male,1,No,No,39,Yes,No,Fiber optic,No,Yes,Two year,Yes,Bank transfer,47.39,1915.35,No
CUST-00633,Male,0,Yes,No,3,Yes,Yes,Fiber optic,No internet service,Yes,Month-to-month,Yes,Credit card,72.3,291.12,Yes
CUST-00634,Female,0,No,No,32,Yes,Yes,No,No,Yes,Month-to-month,Yes,Mailed check,61.89,2070.85,No
CUST-00635,Female,0,Yes,No,42,Yes,No,Fiber optic,Yes,No internet service,Two year,No,Bank transfer,89.82,3796.99,No
CUST-00636,Male,0,Yes,No,36,No,Yes,Fiber optic,No,Yes,Two year,Yes,Bank transfer,58.3,2098.8,No
CUST-00637,Male,0,No,Yes,65,Yes,No,DSL,No,No internet service,Two year,No,Electronic check,109.07,7089.55,No
CUST-00638,Female,0,No,No,26,Yes,No,No,No,No,Two year,Yes,Credit card,68.02,1786.14,No
CUST-00639,Female,0,Yes,Yes,44,Yes,No phone service,No,No,No,Two year,Yes,Credit card,72.67,3205.08,No
CUST-00640,Female,0,Yes,No,49,Yes,No,Fiber optic,No internet service,Yes,Two year,Yes,Credit card,68.33,3348.17,No
CUST-00641,Female,1,No,Yes,62,Yes,No,Fiber optic,Yes,Yes,One year,Yes,Electronic check,81.51,5071.47,Yes
CUST-00642,Female,0,No,No,5,Yes,Yes,Fiber optic,Yes,Yes,One year,No,Credit card,70.06,350.3,No
CUST-00643,Male,0,Yes,Yes,66,Yes,No phone service,No,Yes,Yes,Month-to-month,No,Credit card,113.62,7596.04,No
CUST-00644,Female,0,No,Yes,66,No,No,DSL,No,Yes,One year,No,Bank transfer,31.37,2109.4,No
CUST-00645,Male,0,Yes,No,58,Yes,Yes,Fiber optic,Yes,Yes,Month-to-month,Yes,Mailed check,19.37,1123.46,No
CUST-00646,Male,1,Yes,No,12,Yes,No,No,No,No,Two year,Yes,Mailed check,71.22,857.83,No
CUST-00647,Male,0,No,No,20,Yes,Yes,DSL,No internet service,No,One year,Yes,Electronic check,95.99,2006.08,Yes
CUST-00648,Female,0,Yes,No,63,No,Yes,No,Yes,No,Two year,Yes,Credit card,84.12,5299.56,No
CUST-00649,Male,0,Yes,No,36,Yes,No,No,No,Yes,Month-to-month,Yes,Electronic check,116.2,4183.2,Yes
CUST-00650,Male,0,No,Yes,47,Yes,No,No,No,Yes,One year,Yes,Mailed check,36.59,1746.41,No
CUST-00651,Female,0,No,Yes,55,Yes,No,Fiber optic,Yes,No internet service,Month-to-month,Yes,Electronic check,88.79,4883.45,Yes
CUST-00652,Male,0,Yes,Yes,43,Yes,No,Fiber optic,Yes,No,Two year,Yes,Bank transfer,101.22,4352.46,No
CUST-00653,Male,0,No,No,12,Yes,No,Fiber optic,No internet service,Yes,Month-to-month,Yes,Bank transfer,111.03,1332.36,No
CUST-00654,Female,0,No,Yes,3,No,No,DSL,No internet service,No internet service,Month-to-month,No,Bank transfer,71.91,339.17,Yes
CUST-00655,Male,0,Yes,Yes,72,Yes,Yes,DSL,No internet service,No,Month-to-month,Yes,Credit card,55.04,3962.88,No
CUST-00656,Male,1,No,Yes,32,Yes,Yes,No,No,No,Month-to-month,Yes,Bank transfer,115.45,3694.4,Yes
CUST-00657,Male,0,Yes,Yes,36,Yes,Yes,Fiber optic,No,No,Month-to-month,No,Electronic check,98.73,3554.28,No
CUST-00658,Female,0,Yes,No,52,No,Yes,DSL,No internet service,Yes,Two year,Yes,Bank transfer,66.03,3433.56,No
CUST-00659,Female,0,No,Yes,23,Yes,No phone service,DSL,No,No,Month-to-month,No,Credit card,84.42,2025.96,No
CUST-00660,Female,0,No,No,50,Yes,No,Fiber optic,No internet service,No,One year,No,Bank transfer,46.41,2325.92,No
CUST-00661,Male,0,Yes,No,40,Yes,Yes,No,No,Yes,Month-to-month,Yes,Bank transfer,80.71,3228.4,Yes
CUST-00662,Male,0,Yes,No,28,Yes,Yes,Fiber optic,No,No internet service,Month-to-month,Yes,Credit card,73.08,2093.27,No
CUST-00663,Female,0,No,Yes,58,Yes,No phone service,DSL,No,No,Two year,Yes,Credit card,22.0,1303.42,No
CUST-00664,Male,0,Yes,No,39,Yes,Yes,Fiber optic,No internet service,No internet service,Month-to-month,No,Bank transfer,106.31,4146.89,No
CUST-00665,Male,0,Yes,Yes,50,Yes,No,DSL,No internet service,Yes,Two year,No,Mailed check,68.0,3400.0,No
CUST-00666,Female,1,Yes,No,49,Yes,Yes,DSL,Yes,No,Two year,Yes,Bank transfer,66.93,3279.57,No
CUST-00667,Female,0,No,Yes,35,Yes,No,Fiber optic,Yes,Yes,Two year,Yes,Electronic check,46.91,1648.08,No
CUST-00668,Male,0,Yes,No,59,Yes,No phone service,Fiber optic,No,No internet service,Month-to-month,No,Credit card,38.03,2277.22,No
CUST-00669,Male,0,Yes,No,17,No,No,Fiber optic,No,No,Two year,No,Bank transfer,47.72,811.24,No
CUST-00670,Male,0,No,No,19,No,No,No,No internet service,Yes,Month-to-month,No,Mailed check,84.3,1601.7,Yes
CUST-00671,Female,0,No,No,4,Yes,No,Fiber optic,Yes,No,Month-to-month,No,Bank transfer,27.96,176.49,Yes
CUST-00672,Female,0,No,No,17,No,No,No,No internet service,No internet service,Month-to-month,Yes,Electronic check,51.95,883.15,Yes
CUST-00673,Female,0,Yes,No,39,Yes,Yes,No,No,No,Month-to-month,No,Credit card,117.83,4632.58,Yes
CUST-00674,Female,0,No,Yes,0,Yes,Yes,Fiber optic,No internet service,Yes,Two year,Yes,Electronic check,45.7,0.0,No
CUST-00675,Male,0,Yes,No,18,Yes,No phone service,DSL,No internet service,Yes,One year,Yes,Mailed check,116.6,2098.8,No
CUST-00676,Female,0,Yes,No,25,Yes,Yes,No,No internet service,Yes,Two year,Yes,Electronic check,28.69,717.25,No
CUST-00677,Female,1,No,No,28,Yes,Yes,No,No,No,Month-to-month,No,Electronic check,98.99,2786.8,Yes
CUST-00678,Female,0,Yes,Yes,58,Yes,No,Fiber optic,No internet service,Yes,Two year,Yes,Credit card,62.85,3645.3,No
CUST-00679,Female,0,Yes,No,62,Yes,No phone service,Fiber optic,No internet service,No internet service,Month-to-month,No,Electronic check,37.87,2347.94,No
CUST-00680,Female,0,Yes,Yes,61,Yes,No,DSL,No,No,Two year,Yes,Mailed check,98.32,6004.44,No
CUST-00681,Male,0,Yes,Yes,47,Yes,No,DSL,No,No,Two year,No,Mailed check,18.71,932.37,No
CUST-00682,Male,0,Yes,Yes,61,Yes,No,Fiber optic,No internet service,No,Month-to-month,Yes,Credit card,53.41,3278.47,No
CUST-00683,Female,0,No,Yes,17,Yes,No,DSL,Yes,No,One year,No,Mailed check,79.7,1372.9,No
CUST-00684,Male,0,Yes,No,65,Yes,No,DSL,No internet service,No,Two year,No,Mailed check,41.56,2740.62,No
CUST-00685,Female,0,Yes,No,26,Yes,No phone service,Fiber optic,No,No,Month-to-month,Yes,Mailed check,51.92,1349.92,Yes
CUST-00686,Female,0,Yes,Yes,5,Yes,No,No,No,Yes,Month-to-month,Yes,Mailed check,27.33,142.13,Yes
CUST-00687,Male,0,No,No,69,Yes,No,No,No,No,Two year,No,Mailed check,105.03,7357.01,No
CUST-00688,Male,0,No,No,58,Yes,No,No,No,Yes,Month-to-month,Yes,Mailed check,61.06,3548.83,No
CUST-00689,Female,0,Yes,No,5,Yes,No,Fiber optic,Yes,No,Month-to-month,Yes,Mailed check,32.82,164.1,No
CUST-00690,Female,0,No,No,30,Yes,Yes,Fiber optic,No,Yes,Month-to-month,No,Bank transfer,38.31,1166.76,No
CUST-00691,Female,1,Yes,No,55,No,Yes,No,No internet service,Yes,One year,No,Mailed check,46.07,2533.85,No
CUST-00692,Male,1,Yes,Yes,53,Yes,No phone service,Fiber optic,No internet service,No,Month-to-month,Yes,Credit card,41.41,2194.73,No
CUST-00693,Female,0,Yes,No,40,Yes,No,DSL,No,Yes,Two year,Yes,Bank transfer,69.34,2810.82,No
CUST-00694,Female,0,Yes,No,17,Yes,No,Fiber optic,No,Yes,Two year,No,Mailed check,110.33,1875.61,No
CUST-00695,Female,0,Yes,No,22,Yes,Yes,No,No,Yes,Month-to-month,No,Mailed check,36.76,808.72,No
CUST-00696,Male,1,No,No,35,No,No,DSL,Yes,Yes,Month-to-month,No,Credit card,64.25,2248.75,Yes
CUST-00697,Female,1,Yes,No,24,Yes,No,DSL,No internet service,No,One year,Yes,Mailed check,85.72,2081.91,Yes
CUST-00698,Female,0,No,No,6,Yes,No,Fiber optic,No internet service,Yes,Two year,No,Bank transfer,36.75,307.9,No
CUST-00699,Male,0,Yes,Yes,19,Yes,Yes,No,Yes,No,Month-to-month,Yes,Bank transfer,33.71,694.02,No
CUST-00700,Female,0,Yes,Yes,4,Yes,Yes,DSL,No,No,Two year,Yes,Credit card,33.85,135.4,No
CUST-00701,Female,0,Yes,No,17,Yes,No phone service,Fiber optic,Yes,No,Month-to-month,Yes,Mailed check,107.96,1859.31,No
CUST-00702,Male,0,No,No,32,Yes,No,DSL,Yes,No internet service,Month-to-month,No,Credit card,90.55,2897.6,Yes
CUST-00703,Female,1,Yes,No,34,Yes,No,Fiber optic,Yes,No internet service,Month-to-month,No,Mailed check,52.31,1822.8,Yes
CUST-00704,Male,0,No,No,64,Yes,No,Fiber optic,Yes,No,One year,No,Bank transfer,110.06,7043.84,No
CUST-00705,Male,0,Yes,No,62,Yes,No,DSL,No,Yes,Month-to-month,No,Mailed check,115.26,7183.83,No
CUST-00706,Female,1,Yes,No,71,Yes,No,No,No internet service,No,Two year,Yes,Mailed check,58.62,4245.44,No
CUST-00707,Female,0,Yes,No,70,Yes,No,No,Yes,Yes,Two year,Yes,Bank transfer,70.07,5032.26,No
CUST-00708,Female,0,Yes,Yes,40,Yes,No,DSL,No internet service,Yes,Two year,Yes,Bank transfer,54.52,2180.8,No
CUST-00709,Female,0,Yes,No,49,Yes,Yes,DSL,Yes,No,Month-to-month,Yes,Bank transfer,41.21,2019.29,No
CUST-00710,Male,0,Yes,No,29,Yes,No,Fiber optic,Yes,Yes,Month-to-month,No,Mailed check,97.56,2829.24,No
CUST-00711,Female,0,No,Yes,37,Yes,No,No,No,No,Month-to-month,Yes,Credit card,84.2,3115.4,Yes
CUST-00712,Male,0,Yes,Yes,34,Yes,Yes,DSL,No,No,Month-to-month,No,Bank transfer,55.42,1884.28,No
CUST-00713,Female,0,No,No,65,Yes,No,Fiber optic,No,No,Month-to-month,Yes,Mailed check,19.47,1327.99,No
CUST-00714,Female,0,Yes,Yes,45,Yes,No,Fiber optic,No,No,Month-to-month,No,Credit card,95.89,4315.05,Yes
CUST-00715,Female,0,No,No,7,Yes,No,DSL,No,No,Two year,Yes,Electronic check,66.69,466.83,No
CUST-00716,Male,0,No,No,67,Yes,No,DSL,No,Yes,One year,No,Electronic check,25.45,1772.01,No
CUST-00717,Female,0,Yes,No,36,Yes,Yes,Fiber optic,Yes,Yes,Two year,Yes,Mailed check,30.7,1132.39,No
CUST-00718,Female,0,Yes,No,12,Yes,No,DSL,Yes,No,Two year,Yes,Mailed check,82.09,999.95,No
CUST-00719,Female,0,No,No,72,Yes,Yes,No,Yes,No,Month-to-month,Yes,Bank transfer,73.73,5308.56,No
CUST-00720,Female,0,No,No,44,Yes,No phone service,No,Yes,Yes,Two year,Yes,Mailed check,42.53,1924.93,No
CUST-00721,Male,0,Yes,No,28,Yes,Yes,Fiber optic,No internet service,No,Month-to-month,Yes,Credit card,32.27,903.56,Yes
CUST-00722,Female,0,Yes,No,40,Yes,No,Fiber optic,Yes,No internet service,Month-to-month,Yes,Mailed check,108.24,4336.37,No
CUST-00723,Male,0,No,No,55,Yes,No,Fiber optic,No,No internet service,Month-to-month,No,Credit card,31.76,1763.84,No
CUST-00724,Male,0,Yes,No,15,Yes,Yes,Fiber optic,No internet service,No,Month-to-month,No,Credit card,26.74,470.41,No
CUST-00725,Male,1,No,Yes,11,Yes,No,DSL,No internet service,No,Month-to-month,Yes,Bank transfer,81.23,915.73,Yes
CUST-00726,Male,0,Yes,No,65,Yes,No phone service,DSL,Yes,No,Month-to-month,No,Credit card,43.76,2844.4,Yes
CUST-00727,Male,0,Yes,No,61,Yes,Yes,No,No internet service,No,Two year,No,Mailed check,84.97,5183.17,No
CUST-00728,Male,0,No,Yes,18,Yes,Yes,DSL,No internet service,Yes,Two year,No,Credit card,67.89,1255.97,No
CUST-00729,Female,0,No,Yes,29,Yes,No,Fiber optic,No,No,One year,Yes,Electronic check,39.55,1231.89,No
CUST-00730,Male,0,Yes,Yes,15,No,Yes,Fiber optic,No,Yes,One year,Yes,Credit card,25.1,376.5,Yes
CUST-00731,Male,0,Yes,No,12,Yes,No phone service,DSL,No,No,Month-to-month,No,Mailed check,25.21,302.52,No
CUST-00732,Male,0,No,No,68,No,Yes,Fiber optic,No internet service,No,One year,Yes,Bank transfer,77.76,5325.8,No
CUST-00733,Female,0,No,Yes,22,Yes,No,No,No,No,Month-to-month,Yes,Mailed check,95.34,2097.48,Yes
CUST-00734,Female,0,Yes,No,61,Yes,Yes,DSL,No,No,Month-to-month,Yes,Mailed check,88.35,5389.35,Yes
CUST-00735,Male,0,No,No,30,Yes,Yes,No,No internet service,No,Month-to-month,Yes,Mailed check,78.47,2355.38,No
CUST-00736,Female,0,No,Yes,52,Yes,Yes,DSL,Yes,No,One year,No,Electronic check,39.51,2076.37,No
CUST-00737,Male,1,No,No,16,Yes,No,No,No,Yes,One year,No,Bank transfer,105.9,1745.34,Yes
CUST-00738,Male,0,No,No,48,Yes,No,Fiber optic,No,No,Month-to-month,Yes,Electronic check,82.14,3950.93,No
CUST-00739,Female,0,Yes,No,48,Yes,Yes,Fiber optic,No,No internet service,Month-to-month,Yes,Credit card,88.81,4267.26,Yes
CUST-00740,Male,0,No,Yes,66,Yes,No,DSL,No,No,Two year,Yes,Credit card,40.83,2723.41,No
CUST-00741,Female,0,No,Yes,25,Yes,No,Fiber optic,Yes,No internet service,Two year,Yes,Electronic check,44.67,1116.75,No
CUST-00742,Female,0,Yes,Yes,12,No,Yes,No,Yes,No,Month-to-month,Yes,Bank transfer,110.57,1330.81,Yes
CUST-00743,Male,0,Yes,No,37,No,Yes,Fiber optic,Yes,No,Month-to-month,No,Credit card,66.56,2543.38,No
CUST-00744,Male,0,Yes,No,21,No,Yes,Fiber optic,No internet service,Yes,Month-to-month,Yes,Bank transfer,74.49,1603.42,Yes
CUST-00745,Female,0,No,No,28,Yes,Yes,No,No,Yes,Month-to-month,Yes,Electronic check,29.3,820.4,No
CUST-00746,Male,0,Yes,No,44,Yes,No,Fiber optic,Yes,No,One year,Yes,Credit card,58.25,2599.78,No
CUST-00747,Male,0,No,Yes,45,Yes,No,Fiber optic,No,Yes,One year,Yes,Electronic check,108.48,4881.6,No
CUST-00748,Male,1,No,No,38,Yes,No phone service,No,No,Yes,One year,Yes,Credit card,109.82,4194.83,Yes
CUST-00749,Female,0,No,No,68,No,No,No,Yes,No,Month-to-month,Yes,Mailed check,92.48,6288.64,No
CUST-00750,Female,0,No,No,67,Yes,Yes,Fiber optic,No internet service,Yes,One year,Yes,Bank transfer,73.66,4940.38,No
CUST-00751,Male,0,No,No,38,Yes,Yes,Fiber optic,No,No,Month-to-month,No,Electronic check,112.94,4291.72,Yes
CUST-00752,Female,0,Yes,No,19,Yes,No phone service,No,No,No,Month-to-month,Yes,Mailed check,106.93,2101.86,No
CUST-00753,Female,0,No,Yes,67,Yes,No,DSL,No,No,Month-to-month,Yes,Electronic check,104.33,6990.11,Yes
CUST-00754,Female,0,Yes,Yes,34,Yes,Yes,DSL,No,No,Two year,No,Electronic check,107.94,3669.96,No
CUST-00755,Female,0,No,Yes,7,Yes,Yes,Fiber optic,No,No internet service,One year,No,Bank transfer,64.23,449.61,No
CUST-00756,Female,0,Yes,Yes,51,Yes,No,DSL,No,Yes,Month-to-month,Yes,Electronic check,71.6,3651.6,No
CUST-00757,Male,0,No,No,39,Yes,No,Fiber optic,No internet service,No,One year,Yes,Bank transfer,61.25,2399.68,No
CUST-00758,Male,0,No,Yes,35,Yes,No,Fiber optic,No,No,Month-to-month,No,Electronic check,93.49,3272.15,Yes
CUST-00759,Male,1,No,Yes,5,Yes,Yes,DSL,Yes,Yes,One year,No,Credit card,78.38,391.9,No
CUST-00760,Female,0,Yes,No,69,Yes,Yes,No,No,No,Two year,Yes,Mailed check,25.11,1732.59,No
CUST-00761,Female,0,Yes,No,72,No,Yes,DSL,No,No,Month-to-month,Yes,Credit card,31.93,2333.13,No
CUST-00762,Male,0,No,No,15,Yes,Yes,Fiber optic,No,Yes,Month-to-month,Yes,Bank transfer,37.62,564.3,Yes
CUST-00763,Female,0,Yes,No,45,Yes,No,DSL,Yes,No,Month-to-month,Yes,Bank transfer,86.4,3894.7,Yes
CUST-00764,Male,0,No,No,58,Yes,No,No,Yes,No internet service,One year,No,Mailed check,29.2,1752.18,No
CUST-00765,Male,0,Yes,No,37,Yes,Yes,DSL,Yes,Yes,Month-to-month,Yes,Bank transfer,73.16,2748.1,Yes
CUST-00766,Male,0,No,Yes,17,Yes,No,DSL,No,Yes,Month-to-month,Yes,Credit card,103.77,1769.66,No
CUST-00767,Female,0,Yes,No,11,Yes,Yes,No,No,No,Month-to-month,Yes,Mailed check,114.65,1261.15,Yes
CUST-00768,Female,0,No,No,53,Yes,No,No,No,No internet service,Month-to-month,Yes,Bank transfer,61.68,3269.04,Yes
CUST-00769,Male,0,No,No,46,Yes,No,DSL,Yes,Yes,One year,Yes,Bank transfer,72.41,3332.29,No
CUST-00770,Male,0,Yes,Yes,0,Yes,Yes,DSL,No internet service,No internet service,One year,No,Bank transfer,102.82,35.88,No
CUST-00771,Male,0,Yes,No,14,Yes,No,Fiber optic,No internet service,No,One year,No,Bank transfer,113.45,1605.34,Yes
CUST-00772,Male,0,Yes,Yes,20,Yes,Yes,Fiber optic,No,No,Month-to-month,No,Electronic check,57.77,1155.4,Yes
CUST-00773,Female,0,No,No,0,Yes,Yes,No,No,No internet service,Two year,Yes,Electronic check,54.01,20.05,No
CUST-00774,Female,0,No,No,66,Yes,Yes,DSL,No internet service,No internet service,Month-to-month,Yes,Electronic check,63.99,4308.63,No
CUST-00775,Male,0,No,No,11,Yes,Yes,DSL,No,Yes,Month-to-month,Yes,Bank transfer,43.89,497.38,Yes
CUST-00776,Male,1,No,No,27,Yes,No,Fiber optic,No,Yes,Month-to-month,No,Electronic check,105.69,2884.44,Yes
CUST-00777,Female,0,Yes,No,38,Yes,Yes,Fiber optic,No internet service,Yes,Two year,No,Bank transfer,50.46,1917.48,Yes
CUST-00778,Female,0,Yes,No,36,Yes,No,Fiber optic,No,No,One year,Yes,Credit card,63.84,2298.24,No
CUST-00779,Male,0,Yes,No,59,Yes,No phone service,No,Yes,No,Month-to-month,Yes,Bank transfer,50.64,2987.76,No
CUST-00780,Male,0,Yes,No,30,Yes,Yes,Fiber optic,No internet service,No,Two year,No,Mailed check,30.13,910.74,No
CUST-00781,Male,0,No,Yes,57,Yes,Yes,DSL,No internet service,No,Two year,Yes,Mailed check,79.88,4553.16,No
CUST-00782,Female,1,No,No,10,Yes,Yes,Fiber optic,No internet service,No internet service,Month-to-month,No,Mailed check,77.94,779.4,No
CUST-00783,Female,1,Yes,Yes,28,Yes,Yes,Fiber optic,No internet service,Yes,Month-to-month,No,Bank transfer,48.08,1363.03,Yes
CUST-00784,Female,0,No,No,12,No,Yes,Fiber optic,No,No,Month-to-month,No,Mailed check,21.2,254.4,Yes
CUST-00785,Male,0,No,No,50,Yes,No,No,No internet service,Yes,Month-to-month,Yes,Mailed check,113.55,5677.5,Yes
CUST-00786,Male,0,Yes,No,53,Yes,Yes,Fiber optic,No internet service,No,Two year,Yes,Bank transfer,54.27,2879.72,No
CUST-00787,Female,0,Yes,No,18,Yes,No,DSL,No,Yes,Two year,Yes,Bank transfer,72.95,1313.1,No
CUST-00788,Female,1,Yes,Yes,57,Yes,Yes,Fiber optic,No,No,Month-to-month,No,Electronic check,32.66,1914.19,No
CUST-00789,Male,0,No,Yes,35,Yes,Yes,DSL,No,No internet service,Month-to-month,Yes,Bank transfer,43.62,1550.36,No
CUST-00790,Female,0,No,No,27,Yes,Yes,DSL,Yes,No internet service,Month-to-month,Yes,Electronic check,62.4,1776.18,No
CUST-00791,Female,1,No,Yes,67,Yes,Yes,Fiber optic,No,Yes,Month-to-month,Yes,Bank transfer,75.35,5068.01,No
CUST-00792,Male,0,Yes,No,2,Yes,Yes,Fiber optic,Yes,No internet service,One year,Yes,Credit card,105.11,304.55,Yes
CUST-00793,Female,0,Yes,Yes,40,Yes,No,Fiber optic,No,No,Month-to-month,No,Mailed check,47.62,1904.8,No
CUST-00794,Male,1,No,No,34,Yes,No,Fiber optic,Yes,No,Month-to-month,No,Credit card,106.92,3635.28,Yes
CUST-00795,Male,0,No,Yes,49,Yes,Yes,DSL,No,Yes,Month-to-month,No,Bank transfer,64.76,3187.86,No
CUST-00796,Male,0,No,No,29,Yes,No,DSL,No,No,Two year,No,Credit card,62.13,1801.77,No
CUST-00797,Male,0,No,No,71,Yes,Yes,DSL,No,No,Month-to-month,Yes,Electronic check,58.43,4155.79,Yes
CUST-00798,Male,0,Yes,No,69,Yes,Yes,No,No,No,Month-to-month,No,Bank transfer,108.39,7478.91,No
CUST-00799,Male,0,No,Yes,53,Yes,No,No,No,Yes,One year,Yes,Bank transfer,43.6,2310.8,No
CUST-00800,Male,0,No,No,70,Yes,No phone service,No,No internet service,No,Month-to-month,Yes,Credit card,105.45,7381.5,No
CUST-00801,Female,1,Yes,Yes,50,Yes,No,Fiber optic,No,No,One year,Yes,Mailed check,27.09,1354.5,No
CUST-00802,Male,0,No,No,27,Yes,Yes,Fiber optic,Yes,Yes,Month-to-month,No,Bank transfer,115.44,3116.88,Yes
CUST-00803,Male,0,Yes,No,63,Yes,No phone service,DSL,Yes,No internet service,Two year,Yes,Mailed check,69.31,4366.53,No
CUST-00804,Female,0,Yes,No,20,Yes,No,DSL,No,Yes,Month-to-month,No,Credit card,119.89,2401.08,Yes
CUST-00805,Female,0,Yes,No,26,Yes,No,Fiber optic,Yes,No,Month-to-month,No,Credit card,80.01,2080.26,Yes
CUST-00806,Female,0,Yes,No,26,Yes,No phone service,Fiber optic,No internet service,Yes,Month-to-month,Yes,Credit card,30.0,780.0,Yes
CUST-00807,Male,0,Yes,No,49,Yes,No,Fiber optic,No,No,Two year,Yes,Electronic check,24.21,1256.3,No
CUST-00808,Female,0,Yes,No,28,Yes,No,Fiber optic,Yes,No internet service,One year,No,Bank transfer,37.73,1080.35,No
CUST-00809,Male,0,No,No,38,Yes,No,No,Yes,No,Month-to-month,Yes,Credit card,60.96,2356.94,No
CUST-00810,Male,0,Yes,No,56,No,Yes,Fiber optic,No,Yes,Month-to-month,No,Credit card,94.21,5331.86,No
CUST-00811,Male,0,Yes,No,36,Yes,No,DSL,Yes,No internet service,Month-to-month,Yes,Electronic check,18.07,732.7,Yes
CUST-00812,Male,0,Yes,Yes,63,Yes,Yes,No,Yes,Yes,One year,No,Bank transfer,44.25,2787.75,No
CUST-00813,Female,0,No,No,47,Yes,No phone service,Fiber optic,No internet service,Yes,One year,No,Mailed check,77.93,3676.4,No
CUST-00814,Female,0,Yes,No,21,Yes,No,No,No,No,Month-to-month,Yes,Bank transfer,48.38,1015.98,No
CUST-00815,Male,0,Yes,Yes,29,No,No,DSL,No internet service,No internet service,Two year,Yes,Credit card,54.41,1577.89,No
CUST-00816,Male,0,No,Yes,27,Yes,Yes,Fiber optic,No,Yes,Month-to-month,Yes,Mailed check,48.68,1314.36,Yes
CUST-00817,Male,0,No,No,22,Yes,No,DSL,No,No,Two year,Yes,Electronic check,115.22,2534.84,No
CUST-00818,Female,0,No,No,3,Yes,Yes,DSL,No internet service,No,Two year,No,Electronic check,24.71,74.13,No
CUST-00819,Male,0,No,No,2,Yes,No,Fiber optic,No,No,One year,Yes,Credit card,110.57,231.13,Yes
CUST-00820,Male,0,Yes,No,60,Yes,No,DSL,No,Yes,Two year,No,Mailed check,50.97,3058.2,No
CUST-00821,Female,0,No,No,3,Yes,Yes,DSL,No,No internet service,Month-to-month,No,Bank transfer,43.15,129.45,Yes
CUST-00822,Female,0,Yes,No,64,Yes,Yes,No,No,Yes,One year,No,Credit card,108.09,6917.76,No
CUST-00823,Male,0,Yes,No,11,Yes,No,No,No internet service,Yes,Month-to-month,Yes,Mailed check,47.28,520.08,No
CUST-00824,Female,0,Yes,No,12,Yes,Yes,DSL,No internet service,Yes,Two year,Yes,Mailed check,118.72,1427.76,No
CUST-00825,Female,0,No,Yes,33,Yes,Yes,DSL,No,No internet service,Month-to-month,No,Mailed check,73.9,2441.31,Yes
CUST-00826,Male,0,Yes,No,58,Yes,Yes,Fiber optic,No,Yes,Month-to-month,No,Mailed check,66.59,3862.22,No
CUST-00827,Female,0,No,Yes,72,Yes,Yes,No,Yes,Yes,Two year,Yes,Electronic check,117.6,8467.2,No
CUST-00828,Male,0,No,No,30,Yes,No,No,No,Yes,Two year,Yes,Mailed check,41.13,1234.17,No
CUST-00829,Female,0,Yes,No,70,Yes,No phone service,DSL,No,No,Month-to-month,Yes,Mailed check,110.71,7811.96,No
CUST-00830,Male,0,No,Yes,12,Yes,No,Fiber optic,Yes,No,Month-to-month,No,Credit card,78.34,940.08,No
CUST-00831,Male,0,No,No,53,Yes,Yes,DSL,No,No internet service,Month-to-month,No,Electronic check,95.01,5035.53,No
CUST-00832,Male,0,No,No,1,Yes,No,DSL,Yes,No internet service,Month-to-month,Yes,Electronic check,77.37,77.37,No
CUST-00833,Female,0,Yes,No,32,No,No,DSL,No,No internet service,Month-to-month,No,Electronic check,81.1,2618.72,Yes
CUST-00834,Male,1,No,No,49,No,No,DSL,No internet service,No,Month-to-month,Yes,Bank transfer,33.8,1656.2,No
CUST-00835,Female,0,Yes,No,6,Yes,No,Fiber optic,No,No internet service,Month-to-month,No,Bank transfer,33.47,200.82,Yes
CUST-00836,Male,1,No,No,17,Yes,Yes,DSL,No,No,Month-to-month,No,Electronic check,58.51,994.67,Yes
CUST-00837,Male,0,No,No,50,Yes,No,No,No,Yes,Month-to-month,No,Credit card,53.33,2683.92,No
CUST-00838,Female,0,Yes,No,7,Yes,No,Fiber optic,Yes,Yes,Two year,No,Mailed check,90.63,634.41,No
CUST-00839,Male,0,No,No,54,Yes,No,DSL,No,No,Month-to-month,Yes,Mailed check,91.72,4979.44,Yes
CUST-00840,Male,1,No,No,42,Yes,No,No,Yes,No internet service,Month-to-month,No,Electronic check,75.51,3261.0,Yes
CUST-00841,Female,0,No,Yes,58,Yes,Yes,No,Yes,Yes,Month-to-month,No,Electronic check,59.0,3479.59,No
CUST-00842,Male,0,Yes,No,29,Yes,No,Fiber optic,No,No internet service,Two year,No,Bank transfer,87.03,2525.38,No
CUST-00843,Male,0,Yes,No,58,No,No,DSL,No,Yes,Two year,Yes,Electronic check,88.11,5141.59,Yes
CUST-00844,Male,0,No,No,8,No,Yes,DSL,No,No,Month-to-month,Yes,Bank transfer,100.53,804.24,No
CUST-00845,Male,0,No,No,67,Yes,Yes,DSL,Yes,No,Two year,Yes,Electronic check,100.8,6753.6,No
CUST-00846,Female,0,No,No,38,No,Yes,Fiber optic,No internet service,No,Month-to-month,Yes,Mailed check,25.1,960.44,Yes
CUST-00847,Female,0,Yes,Yes,10,Yes,Yes,DSL,Yes,No internet service,Month-to-month,Yes,Electronic check,56.15,561.5,No
CUST-00848,Male,0,Yes,No,1,Yes,Yes,Fiber optic,No,No,Month-to-month,Yes,Mailed check,60.83,60.83,Yes
CUST-00849,Female,0,No,No,22,Yes,Yes,DSL,No,No,Month-to-month,No,Electronic check,104.39,2296.58,Yes
CUST-00850,Male,0,No,No,62,Yes,Yes,Fiber optic,No internet service,No,One year,No,Bank transfer,69.18,4289.16,No
CUST-00851,Female,0,Yes,Yes,21,No,No,Fiber optic,No,No,Month-to-month,Yes,Electronic check,67.86,1474.72,Yes
CUST-00852,Male,1,No,No,60,Yes,Yes,DSL,No internet service,No internet service,One year,Yes,Credit card,74.48,4468.8,No
CUST-00853,Male,0,No,No,25,Yes,No,Fiber optic,Yes,No,Month-to-month,No,Mailed check,30.98,774.5,Yes
CUST-00854,Male,0,Yes,Yes,11,Yes,Yes,Fiber optic,No,No,Month-to-month,Yes,Mailed check,75.66,832.26,No
CUST-00855,Male,0,Yes,No,31,Yes,Yes,No,No,No internet service,Month-to-month,No,Mailed check,74.26,2302.06,Yes
CUST-00856,Male,0,Yes,Yes,8,Yes,No phone service,Fiber optic,No,No internet service,Month-to-month,No,Electronic check,94.95,759.6,Yes
CUST-00857,Male,0,No,No,68,Yes,No,Fiber optic,Yes,No internet service,Two year,Yes,Credit card,82.68,5684.91,No
CUST-00858,Female,0,Yes,No,70,Yes,No,No,No,No internet service,Two year,No,Credit card,115.41,8155.07,No
CUST-00859,Male,0,Yes,Yes,32,Yes,No,Fiber optic,No,No,Month-to-month,Yes,Bank transfer,26.17,889.63,No
CUST-00860,Female,0,No,Yes,23,Yes,No,DSL,No,No,Month-to-month,Yes,Bank transfer,96.71,2262.84,No
CUST-00861,Male,0,Yes,No,68,Yes,No phone service,DSL,Yes,Yes,Month-to-month,No,Bank transfer,94.65,6513.58,Yes
CUST-00862,Female,0,Yes,No,37,Yes,Yes,DSL,No internet service,No,Two year,No,Credit card,45.47,1682.39,No
CUST-00863,Female,0,Yes,No,10,No,No,DSL,No,Yes,Month-to-month,No,Mailed check,89.25,1028.66,No
CUST-00864,Female,1,No,No,31,Yes,No,Fiber optic,Yes,Yes,Month-to-month,No,Mailed check,85.25,2642.75,No
CUST-00865,Male,0,No,No,63,Yes,No phone service,Fiber optic,No,No,One year,No,Bank transfer,48.47,3053.61,Yes
CUST-00866,Male,0,Yes,Yes,71,Yes,Yes,No,No internet service,Yes,Month-to-month,No,Bank transfer,91.83,6519.93,No
CUST-00867,Female,0,No,No,19,Yes,No,DSL,No,Yes,Two year,No,Electronic check,112.93,2183.29,No
CUST-00868,Male,0,No,No,33,Yes,Yes,Fiber optic,No internet service,Yes,One year,No,Electronic check,49.13,1621.29,Yes
CUST-00869,Female,0,Yes,No,41,Yes,No phone service,Fiber optic,No internet service,No,Two year,Yes,Credit card,117.97,4836.77,Yes
CUST-00870,Male,0,Yes,No,7,Yes,No,No,No internet service,No,Two year,No,Electronic check,40.88,354.73,No
CUST-00871,Female,0,Yes,Yes,65,No,No,DSL,No,No internet service,One year,Yes,Bank transfer,31.73,2062.45,No
CUST-00872,Female,0,Yes,Yes,20,Yes,No,DSL,No,No,Two year,Yes,Bank transfer,25.86,549.11,No
CUST-00873,Male,0,No,No,69,Yes,No,DSL,Yes,No,One year,Yes,Bank transfer,39.8,2746.2,No
CUST-00874,Female,0,No,No,4,No,No,Fiber optic,No,No,Month-to-month,Yes,Mailed check,52.94,211.76,Yes
CUST-00875,Male,0,Yes,No,66,Yes,No,Fiber optic,Yes,No internet service,Month-to-month,Yes,Bank transfer,92.78,6168.15,Yes
CUST-00876,Female,0,Yes,No,42,Yes,No,Fiber optic,Yes,No,Month-to-month,Yes,Electronic check,25.35,1073.27,No
CUST-00877,Female,0,Yes,No,15,Yes,No,DSL,No,Yes,Month-to-month,Yes,Credit card,69.74,1056.79,Yes
CUST-00878,Male,0,No,No,72,Yes,Yes,DSL,No,No,Month-to-month,Yes,Electronic check,70.91,5105.52,Yes
CUST-00879,Male,0,Yes,No,34,Yes,Yes,Fiber optic,Yes,No internet service,Month-to-month,Yes,Mailed check,41.25,1402.5,Yes
CUST-00880,Male,0,No,Yes,42,Yes,No phone service,No,Yes,No,Month-to-month,No,Electronic check,22.64,950.88,Yes
CUST-00881,Female,0,Yes,Yes,38,Yes,Yes,Fiber optic,No,No,Month-to-month,No,Electronic check,40.96,1594.46,Yes
CUST-00882,Male,0,No,No,9,Yes,No,No,No,No,Two year,Yes,Mailed check,41.5,375.07,No
CUST-00883,Female,0,No,No,19,Yes,Yes,Fiber optic,No,No internet service,One year,No,Electronic check,88.18,1706.55,Yes
CUST-00884,Female,0,Yes,No,0,Yes,No,DSL,Yes,No,Two year,Yes,Mailed check,41.85,0.0,No
CUST-00885,Male,1,No,No,5,Yes,Yes,Fiber optic,No internet service,No,Month-to-month,Yes,Electronic check,52.71,353.13,No
CUST-00886,Male,0,No,No,52,Yes,No,DSL,No,Yes,Month-to-month,No,Mailed check,22.84,1187.68,Yes
CUST-00887,Female,0,Yes,Yes,45,Yes,Yes,DSL,No,No internet service,Month-to-month,No,Credit card,81.64,3691.53,No
CUST-00888,Female,0,No,No,65,Yes,No,DSL,No,No internet service,Month-to-month,No,Credit card,66.36,4342.46,No
CUST-00889,Male,0,Yes,Yes,37,Yes,No,DSL,No,Yes,Month-to-month,Yes,Mailed check,53.19,1968.03,Yes
CUST-00890,Male,0,No,Yes,32,Yes,No,Fiber optic,No,Yes,Two year,Yes,Bank transfer,89.69,2870.08,No
CUST-00891,Male,1,Yes,No,66,Yes,No,Fiber optic,Yes,No internet service,One year,Yes,Mailed check,87.58,5808.68,Yes
CUST-00892,Male,1,No,Yes,34,Yes,No phone service,Fiber optic,No internet service,No internet service,Month-to-month,Yes,Electronic check,51.45,1749.3,Yes
CUST-00893,Male,0,No,No,44,Yes,No,Fiber optic,Yes,No,Two year,Yes,Bank transfer,90.36,3997.32,Yes
CUST-00894,Female,1,No,Yes,21,Yes,Yes,Fiber optic,No,Yes,Two year,Yes,Bank transfer,53.52,1123.92,Yes
CUST-00895,Female,1,No,Yes,67,Yes,Yes,DSL,No,Yes,One year,Yes,Bank transfer,40.64,2722.88,No
CUST-00896,Female,0,No,No,16,Yes,Yes,Fiber optic,No internet service,No internet service,Month-to-month,Yes,Mailed check,91.42,1462.72,Yes
CUST-00897,Female,1,Yes,No,4,Yes,Yes,DSL,Yes,No,Two year,Yes,Mailed check,92.26,392.45,No
CUST-00898,Male,0,No,Yes,56,Yes,No,Fiber optic,No,No,Month-to-month,Yes,Bank transfer,106.31,6085.81,No
CUST-00899,Male,0,No,Yes,39,No,No phone service,Fiber optic,No internet service,Yes,Month-to-month,Yes,Mailed check,69.1,2694.9,No
CUST-00900,Male,0,No,No,29,Yes,No,Fiber optic,Yes,Yes,One year,No,Credit card,41.7,1212.66,Yes
CUST-00901,Female,0,No,No,41,Yes,No,Fiber optic,Yes,Yes,Month-to-month,No,Electronic check,103.36,4287.03,Yes
CUST-00902,Female,1,No,No,6,Yes,Yes,DSL,No,No internet service,Two year,Yes,Electronic check,35.82,240.56,No
CUST-00903,Male,0,No,No,70,Yes,Yes,Fiber optic,Yes,No,Two year,Yes,Electronic check,113.74,7961.8,No
CUST-00904,Male,0,Yes,Yes,18,Yes,No,Fiber optic,No internet service,No,Month-to-month,Yes,Mailed check,49.28,921.39,Yes
CUST-00905,Female,0,Yes,No,40,Yes,Yes,Fiber optic,No,No internet service,Month-to-month,Yes,Electronic check,19.91,796.4,No
CUST-00906,Female,1,Yes,No,33,No,No,Fiber optic,Yes,No,Month-to-month,Yes,Credit card,37.05,1222.65,No
CUST-00907,Male,1,Yes,No,21,Yes,Yes,DSL,No,No,Month-to-month,Yes,Electronic check,60.31,1266.51,No
CUST-00908,Male,0,No,Yes,51,Yes,No,DSL,Yes,Yes,Month-to-month,Yes,Credit card,23.63,1259.17,No
CUST-00909,Female,0,Yes,No,5,Yes,No,Fiber optic,No internet service,No,Month-to-month,Yes,Mailed check,59.77,313.58,Yes
CUST-00910,Male,0,Yes,Yes,24,Yes,No,DSL,Yes,No,Month-to-month,Yes,Mailed check,38.69,928.56,Yes
CUST-00911,Male,0,No,Yes,65,Yes,No,DSL,No,No,Two year,No,Electronic check,19.93,1311.93,No
CUST-00912,Male,0,Yes,Yes,9,Yes,Yes,No,Yes,No,Month-to-month,Yes,Bank transfer,48.5,441.07,Yes
CUST-00913,Female,0,Yes,Yes,25,Yes,Yes,DSL,No,No,Two year,No,Credit card,41.08,1042.42,No
CUST-00914,Female,0,Yes,No,4,Yes,Yes,Fiber optic,No internet service,No internet service,Month-to-month,No,Bank transfer,60.82,281.9,No
CUST-00915,Female,0,Yes,No,67,Yes,Yes,No,Yes,Yes,Month-to-month,Yes,Credit card,95.42,6408.9,No
CUST-00916,Female,0,No,Yes,70,Yes,No,DSL,No,No,Two year,Yes,Mailed check,70.0,4900.0,No
CUST-00917,Female,0,No,No,49,Yes,No,No,No internet service,Yes,Month-to-month,Yes,Mailed check,96.34,4720.66,No
CUST-00918,Female,0,No,No,16,Yes,Yes,DSL,No,No internet service,One year,Yes,Credit card,52.34,875.46,No
CUST-00919,Female,0,Yes,No,10,No,No phone service,DSL,No,No,One year,Yes,Credit card,19.34,193.4,Yes
CUST-00920,Male,0,No,No,52,Yes,No phone service,DSL,No internet service,No,One year,Yes,Mailed check,112.06,5882.97,No
CUST-00921,Male,0,Yes,Yes,49,Yes,No,Fiber optic,No internet service,No,Month-to-month,Yes,Credit card,50.1,2454.9,Yes
CUST-00922,Male,0,Yes,No,7,Yes,No phone service,No,No,Yes,Two year,Yes,Credit card,71.74,502.18,No
CUST-00923,Male,0,Yes,No,61,Yes,No,No,No,No,One year,Yes,Bank transfer,65.86,4017.46,Yes
CUST-00924,Male,0,Yes,No,28,Yes,No,Fiber optic,No,No internet service,One year,No,Electronic check,77.47,2174.59,No
CUST-00925,Male,0,Yes,No,43,Yes,No,DSL,Yes,Yes,Two year,No,Bank transfer,108.27,4703.08,No
CUST-00926,Male,0,Yes,No,44,Yes,No,No,No internet service,No internet service,Month-to-month,No,Mailed check,106.46,4736.58,No
CUST-00927,Female,0,No,No,28,Yes,Yes,Fiber optic,Yes,No,Month-to-month,Yes,Bank transfer,118.07,3305.96,Yes
CUST-00928,Female,1,Yes,Yes,58,Yes,Yes,DSL,Yes,Yes,Month-to-month,Yes,Mailed check,71.89,4207.29,No
CUST-00929,Male,0,Yes,No,14,Yes,No,No,No internet service,No,Month-to-month,Yes,Credit card,112.09,1569.26,No
CUST-00930,Male,0,Yes,Yes,69,Yes,Yes,No,Yes,Yes,Month-to-month,No,Electronic check,67.21,4637.49,No
CUST-00931,Female,1,No,No,43,Yes,No phone service,Fiber optic,Yes,No,Month-to-month,No,Mailed check,22.53,1009.15,No
CUST-00932,Male,0,Yes,Yes,35,Yes,No,DSL,No,No,Month-to-month,Yes,Electronic check,32.91,1155.41,No
CUST-00933,Male,0,No,No,56,Yes,Yes,No,No,Yes,Month-to-month,No,Electronic check,52.07,2988.73,No
CUST-00934,Female,0,No,No,63,Yes,Yes,DSL,No,Yes,Two year,No,Bank transfer,92.0,5796.0,No
CUST-00935,Male,0,Yes,No,37,Yes,Yes,Fiber optic,No internet service,No,Month-to-month,No,Mailed check,26.3,1017.74,Yes
CUST-00936,Female,0,Yes,No,16,Yes,Yes,DSL,Yes,No internet service,Two year,No,Bank transfer,54.88,878.08,No
CUST-00937,Male,0,Yes,No,26,Yes,Yes,No,Yes,No,Month-to-month,Yes,Credit card,118.2,3097.93,Yes
CUST-00938,Female,1,No,No,16,Yes,No phone service,Fiber optic,Yes,No,One year,Yes,Credit card,98.14,1570.24,Yes
CUST-00939,Female,1,Yes,No,62,Yes,Yes,Fiber optic,No,No internet service,Month-to-month,Yes,Mailed check,76.34,4740.32,No
CUST-00940,Female,0,Yes,No,10,Yes,No,DSL,Yes,No,Month-to-month,No,Mailed check,24.3,286.73,No
CUST-00941,Male,0,Yes,No,63,Yes,Yes,Fiber optic,No,Yes,Two year,No,Credit card,19.49,1266.68,No
CUST-00942,Female,0,No,No,38,Yes,No phone service,No,No internet service,No,One year,No,Mailed check,28.74,1098.16,No
CUST-00943,Male,1,Yes,No,1,Yes,No,No,No internet service,No internet service,Two year,Yes,Bank transfer,51.37,92.39,No
CUST-00944,Male,1,Yes,Yes,65,Yes,No,DSL,No internet service,No,Month-to-month,Yes,Bank transfer,79.85,5222.43,Yes
CUST-00945,Male,0,No,No,53,Yes,No,Fiber optic,No internet service,No internet service,Two year,No,Mailed check,38.14,2021.42,No
CUST-00946,Male,0,No,No,28,Yes,No,DSL,Yes,No,Month-to-month,Yes,Bank transfer,23.22,659.59,Yes
CUST-00947,Female,0,No,No,44,Yes,Yes,Fiber optic,Yes,No,Month-to-month,Yes,Mailed check,27.27,1244.01,Yes
CUST-00948,Female,0,Yes,No,30,Yes,No,No,No,Yes,Month-to-month,No,Bank transfer,61.53,1939.03,Yes
CUST-00949,Male,0,No,Yes,48,Yes,Yes,Fiber optic,No,No,Month-to-month,Yes,Bank transfer,96.86,4676.93,Yes
CUST-00950,Male,0,No,No,8,Yes,No,Fiber optic,Yes,No,Month-to-month,No,Electronic check,101.75,814.0,Yes
CUST-00951,Female,0,Yes,No,26,Yes,Yes,Fiber optic,No internet service,No,One year,Yes,Bank transfer,47.69,1260.04,No
CUST-00952,Male,0,No,No,55,Yes,No,Fiber optic,No,No internet service,Two year,Yes,Mailed check,85.67,4804.08,No
CUST-00953,Female,0,Yes,Yes,44,Yes,Yes,DSL,No internet service,Yes,Month-to-month,Yes,Bank transfer,58.06,2554.64,No
CUST-00954,Male,1,No,No,42,Yes,Yes,DSL,Yes,No,Two year,No,Bank transfer,117.2,4922.4,No
CUST-00955,Male,0,Yes,No,21,Yes,No phone service,DSL,Yes,Yes,Two year,No,Credit card,59.31,1270.85,No
CUST-00956,Female,0,No,Yes,32,Yes,No phone service,DSL,No,No,Month-to-month,Yes,Mailed check,58.38,1871.18,No
CUST-00957,Male,0,Yes,Yes,26,Yes,No phone service,Fiber optic,Yes,No,Month-to-month,Yes,Bank transfer,69.16,1802.52,Yes
CUST-00958,Female,0,No,No,39,Yes,No,No,No internet service,No internet service,Month-to-month,Yes,Electronic check,20.6,803.4,No
CUST-00959,Male,0,Yes,Yes,25,No,Yes,DSL,No internet service,No internet service,Month-to-month,No,Credit card,60.63,1515.75,Yes
CUST-00960,Male,0,No,No,44,Yes,No,No,No,No,Two year,Yes,Electronic check,102.53,4511.32,Yes
CUST-00961,Male,0,No,Yes,44,Yes,Yes,Fiber optic,No internet service,No,Month-to-month,Yes,Electronic check,80.43,3553.46,Yes
CUST-00962,Female,0,Yes,No,25,Yes,Yes,Fiber optic,Yes,No,Month-to-month,Yes,Credit card,116.88,2957.8,Yes
CUST-00963,Male,0,No,No,69,Yes,Yes,DSL,No,No,Month-to-month,No,Electronic check,51.21,3533.49,Yes
CUST-00964,Male,0,No,No,66,Yes,No,DSL,Yes,No,Month-to-month,Yes,Mailed check,34.48,2341.21,No
CUST-00965,Male,0,Yes,No,5,Yes,Yes,DSL,No,No,Month-to-month,Yes,Mailed check,94.56,474.92,Yes
CUST-00966,Male,0,Yes,No,27,Yes,No,Fiber optic,Yes,No internet service,Month-to-month,Yes,Electronic check,22.45,644.5,Yes
CUST-00967,Female,0,No,No,66,Yes,Yes,Fiber optic,No,No,Two year,Yes,Mailed check,34.27,2261.82,No
CUST-00968,Female,0,Yes,Yes,12,Yes,Yes,No,No,Yes,Month-to-month,No,Bank transfer,69.71,843.96,No
CUST-00969,Male,0,Yes,No,62,Yes,No,Fiber optic,No,No internet service,Month-to-month,Yes,Bank transfer,94.86,5898.93,No
CUST-00970,Female,0,Yes,Yes,12,Yes,Yes,Fiber optic,No,No,Two year,Yes,Bank transfer,79.3,951.6,No
CUST-00971,Male,0,Yes,No,0,Yes,No phone service,Fiber optic,No,No internet service,One year,No,Electronic check,119.48,0.0,Yes
CUST-00972,Male,0,Yes,Yes,39,Yes,No phone service,DSL,Yes,No,Month-to-month,No,Electronic check,84.8,3370.78,Yes
CUST-00973,Male,0,Yes,No,36,Yes,Yes,DSL,Yes,No internet service,Month-to-month,Yes,Mailed check,91.95,3310.2,No
CUST-00974,Female,0,No,No,30,No,No phone service,No,No,No,Month-to-month,Yes,Mailed check,119.38,3581.4,Yes
CUST-00975,Female,0,No,Yes,16,Yes,No,Fiber optic,No,No,One year,No,Mailed check,78.43,1254.88,Yes
CUST-00976,Female,1,Yes,Yes,8,Yes,Yes,No,Yes,No internet service,Month-to-month,Yes,Electronic check,90.89,806.73,No
CUST-00977,Female,0,No,No,63,Yes,No,DSL,No internet service,No,One year,No,Mailed check,48.43,3111.36,No
CUST-00978,Female,0,No,No,56,No,No phone service,DSL,No internet service,No internet service,One year,No,Bank transfer,72.75,4087.77,No
CUST-00979,Female,0,No,No,12,Yes,Yes,Fiber optic,No,No internet service,Month-to-month,Yes,Bank transfer,111.02,1374.6,Yes
CUST-00980,Female,0,Yes,No,36,Yes,Yes,DSL,No,Yes,Month-to-month,Yes,Credit card,105.04,3852.17,Yes
CUST-00981,Female,0,Yes,Yes,13,Yes,Yes,No,No internet service,Yes,Two year,Yes,Credit card,49.24,645.82,No
CUST-00982,Female,0,No,No,24,Yes,Yes,No,No internet service,No,Two year,No,Credit card,54.44,1359.6,No
CUST-00983,Male,1,No,Yes,56,Yes,Yes,Fiber optic,No internet service,No internet service,One year,No,Bank transfer,104.33,5842.48,No
CUST-00984,Female,0,No,No,70,Yes,No,No,No internet service,Yes,Month-to-month,Yes,Electronic check,47.04,3292.8,No
CUST-00985,Female,0,No,No,41,Yes,No,DSL,No internet service,Yes,Month-to-month,No,Mailed check,108.54,4451.0,No
CUST-00986,Female,0,Yes,No,41,Yes,Yes,Fiber optic,No,No,Month-to-month,Yes,Mailed check,96.92,4010.71,Yes
CUST-00987,Female,0,No,No,46,Yes,Yes,No,No,No,Two year,Yes,Electronic check,33.54,1605.84,No
CUST-00988,Female,0,Yes,Yes,43,No,No,Fiber optic,No,Yes,One year,Yes,Credit card,91.42,3931.06,No
CUST-00989,Female,0,Yes,No,40,No,Yes,DSL,Yes,No internet service,Two year,Yes,Electronic check,103.1,4124.0,Yes
CUST-00990,Female,0,No,No,2,Yes,No,DSL,Yes,Yes,Two year,Yes,Bank transfer,32.72,173.51,Yes
CUST-00991,Female,0,Yes,Yes,0,Yes,No phone service,Fiber optic,No,Yes,One year,No,Electronic check,64.65,0.0,Yes
CUST-00992,Female,1,Yes,Yes,10,Yes,No phone service,Fiber optic,No,No,One year,Yes,Bank transfer,105.99,1059.9,Yes
CUST-00993,Female,1,No,No,6,No,No,DSL,No internet service,No,Month-to-month,No,Bank transfer,38.26,258.53,Yes
CUST-00994,Female,0,Yes,No,11,No,Yes,Fiber optic,Yes,Yes,Month-to-month,No,Credit card,63.81,870.64,Yes
CUST-00995,Male,0,No,No,37,Yes,Yes,DSL,No internet service,No internet service,Month-to-month,No,Mailed check,80.5,2983.16,No
CUST-00996,Male,1,No,No,53,Yes,No,Fiber optic,Yes,Yes,Month-to-month,Yes,Credit card,27.92,1483.63,No
CUST-00997,Female,1,No,Yes,66,Yes,No phone service,No,Yes,Yes,Month-to-month,Yes,Bank transfer,39.63,2653.36,No
CUST-00998,Female,0,Yes,No,52,Yes,Yes,Fiber optic,No,No internet service,Month-to-month,Yes,Credit card,65.61,3458.58,No
CUST-00999,Male,0,Yes,No,31,Yes,Yes,Fiber optic,No internet service,Yes,Two year,No,Mailed check,56.12,1739.72,No
CUST-01000,Female,0,Yes,Yes,44,Yes,No,DSL,Yes,No internet service,Two year,No,Credit card,51.13,2324.24,No
CUST-01001,Male,0,Yes,No,50,Yes,Yes,DSL,Yes,Yes,Two year,Yes,Bank transfer,20.69,1034.5,No
CUST-01002,Male,1,Yes,Yes,36,Yes,Yes,DSL,No internet service,Yes,Month-to-month,Yes,Mailed check,112.65,4058.73,Yes
CUST-01003,Male,0,No,Yes,58,Yes,No phone service,Fiber optic,Yes,Yes,Month-to-month,No,Credit card,106.89,6199.62,Yes
CUST-01004,Male,1,Yes,Yes,53,Yes,Yes,DSL,Yes,No,Month-to-month,Yes,Electronic check,58.05,3076.65,No
CUST-01005,Male,0,No,No,17,Yes,Yes,Fiber optic,No,No,Month-to-month,Yes,Mailed check,36.5,691.73,Yes
CUST-01006,Female,1,Yes,No,0,Yes,No,Fiber optic,No internet service,No,One year,Yes,Credit card,25.04,57.33,Yes
CUST-01007,Male,0,No,No,20,No,No,Fiber optic,No internet service,No,Month-to-month,Yes,Electronic check,30.57,634.34,No
CUST-01008,Female,1,No,No,27,Yes,Yes,Fiber optic,No,No,Month-to-month,Yes,Mailed check,79.41,2144.07,Yes
CUST-01009,Female,0,Yes,No,15,Yes,No,Fiber optic,No,No,Month-to-month,No,Electronic check,92.86,1392.9,No
CUST-01010,Male,0,Yes,No,47,Yes,No,DSL,No internet service,No internet service,One year,Yes,Credit card,33.96,1617.91,No
CUST-01011,Male,0,No,No,27,Yes,No,DSL,Yes,No internet service,Two year,Yes,Electronic check,29.5,796.5,No
CUST-01012,Female,1,No,No,21,Yes,Yes,Fiber optic,No,No internet service,Two year,Yes,Electronic check,88.49,1891.09,No
CUST-01013,Male,0,No,No,0,Yes,Yes,Fiber optic,No,No,Two year,Yes,Bank transfer,70.74,39.9,No
CUST-01014,Male,1,Yes,Yes,41,Yes,No,DSL,No internet service,No,Month-to-month,Yes,Electronic check,55.93,2363.44,No
CUST-01015,Female,1,Yes,No,69,Yes,No,No,No,Yes,Two year,Yes,Mailed check,91.95,6344.55,No
CUST-01016,Female,0,No,No,2,Yes,No,Fiber optic,No,No,One year,Yes,Electronic check,64.48,128.96,No
CUST-01017,Male,0,No,No,43,Yes,No,DSL,No,No,One year,No,Electronic check,65.44,2813.92,No
CUST-01018,Female,0,Yes,Yes,26,Yes,No,DSL,No internet service,No internet service,Two year,No,Mailed check,19.61,509.86,No
CUST-01019,Male,0,No,Yes,50,Yes,Yes,Fiber optic,No internet service,No,Month-to-month,No,Credit card,50.23,2511.5,No
CUST-01020,Male,0,Yes,No,23,Yes,No,Fiber optic,No,No,Two year,No,Credit card,18.51,437.98,No
CUST-01021,Male,0,Yes,Yes,19,Yes,No,DSL,No internet service,No internet service,Month-to-month,No,Electronic check,112.23,2165.2,Yes
CUST-01022,Female,0,Yes,Yes,31,Yes,No,Fiber optic,No,Yes,Month-to-month,No,Mailed check,47.98,1487.38,Yes
CUST-01023,Female,0,Yes,No,12,Yes,Yes,DSL,No,No,Month-to-month,No,Electronic check,36.41,436.92,No
CUST-01024,Female,0,No,No,42,Yes,No,DSL,Yes,Yes,One year,No,Mailed check,27.27,1151.64,No
CUST-01025,Female,0,Yes,No,19,Yes,No,Fiber optic,No,No,One year,Yes,Mailed check,22.76,435.97,No
CUST-01026,Female,1,Yes,No,1,Yes,Yes,No,Yes,No,One year,No,Credit card,108.37,108.37,Yes
CUST-01027,Male,0,No,Yes,67,Yes,No,No,No,Yes,Month-to-month,Yes,Electronic check,35.19,2357.73,No
CUST-01028,Male,1,No,No,59,Yes,No,No,Yes,No,Month-to-month,No,Electronic check,80.98,4777.82,Yes
CUST-01029,Male,0,No,Yes,3,Yes,No,Fiber optic,No,No,One year,No,Electronic check,84.42,253.26,Yes
CUST-01030,Male,0,No,No,16,Yes,Yes,No,No internet service,Yes,Month-to-month,No,Electronic check,50.39,806.24,Yes
CUST-01031,Female,0,Yes,No,0,Yes,Yes,No,Yes,No internet service,Month-to-month,No,Electronic check,102.99,0.0,Yes
CUST-01032,Male,0,No,No,32,Yes,No,Fiber optic,No,Yes,Month-to-month,Yes,Electronic check,39.83,1278.29,Yes
CUST-01033,Female,0,No,No,29,Yes,No,DSL,Yes,No,Month-to-month,No,Bank transfer,25.29,792.04,No
CUST-01034,Male,0,No,No,4,No,No,Fiber optic,No,No internet service,Month-to-month,No,Electronic check,24.99,99.96,Yes
CUST-01035,Female,0,Yes,Yes,11,Yes,No,No,No,Yes,Month-to-month,No,Bank transfer,48.64,557.02,Yes
CUST-01036,Female,0,Yes,No,31,Yes,Yes,No,Yes,No internet service,Two year,Yes,Bank transfer,65.25,2093.16,No
CUST-01037,Male,0,No,No,37,Yes,No,DSL,Yes,No,One year,Yes,Bank transfer,82.2,3055.64,No
CUST-01038,Male,0,Yes,No,16,Yes,No phone service,No,Yes,No internet service,One year,Yes,Electronic check,92.33,1477.28,Yes
CUST-01039,Male,0,No,No,57,Yes,No,Fiber optic,No,No,Month-to-month,Yes,Mailed check,36.23,2065.11,Yes
CUST-01040,Male,0,No,No,39,Yes,No phone service,DSL,No,No,One year,Yes,Credit card,87.76,3513.48,No
CUST-01041,Female,0,No,No,23,Yes,No,No,No,No,Month-to-month,Yes,Mailed check,36.62,898.47,Yes
CUST-01042,Male,0,No,Yes,11,Yes,No,No,No,No internet service,Month-to-month,No,Mailed check,119.71,1316.81,Yes
CUST-01043,Male,0,No,No,18,Yes,Yes,Fiber optic,No,No,Month-to-month,No,Electronic check,115.82,2084.76,Yes
CUST-01044,Female,1,Yes,Yes,28,No,Yes,No,No,Yes,One year,No,Mailed check,28.45,816.87,No
CUST-01045,Male,0,No,No,51,Yes,Yes,Fiber optic,No internet service,No,Month-to-month,Yes,Mailed check,84.82,4348.56,Yes
CUST-01046,Male,0,No,No,16,Yes,No,Fiber optic,No,No internet service,Month-to-month,Yes,Electronic check,110.13,1832.72,Yes
CUST-01047,Male,0,Yes,No,72,No,Yes,No,No,Yes,Month-to-month,Yes,Electronic check,26.23,1888.56,No
CUST-01048,Male,0,Yes,No,20,No,No,No,No,No,One year,Yes,Credit card,30.65,613.0,No
CUST-01049,Male,0,Yes,Yes,59,Yes,No phone service,DSL,No,No,Two year,No,Credit card,53.39,3150.01,No
CUST-01050,Female,0,No,No,19,Yes,No,Fiber optic,No,No internet service,Two year,Yes,Bank transfer,27.76,527.44,No
CUST-01051,Male,0,Yes,No,52,Yes,Yes,Fiber optic,No internet service,No,Month-to-month,Yes,Credit card,108.33,5633.16,Yes
CUST-01052,Male,0,No,No,62,Yes,No phone service,No,No internet service,No,Two year,Yes,Electronic check,107.31,6653.22,No
CUST-01053,Male,0,Yes,Yes,56,Yes,No,No,Yes,Yes,Two year,No,Mailed check,114.77,6475.06,No
CUST-01054,Male,0,Yes,No,28,Yes,No,No,No internet service,No,Month-to-month,Yes,Electronic check,38.91,1126.9,No
CUST-01055,Male,0,No,No,0,Yes,No,Fiber optic,No internet service,Yes,Two year,No,Electronic check,22.63,0.0,Yes
CUST-01056,Female,0,Yes,Yes,58,Yes,No phone service,Fiber optic,No internet service,No,Month-to-month,No,Mailed check,63.35,3674.3,No
CUST-01057,Male,0,No,No,63,Yes,No,No,Yes,No,Month-to-month,No,Credit card,107.82,6792.66,No
CUST-01058,Female,0,No,Yes,71,Yes,No,DSL,No,No,Month-to-month,Yes,Mailed check,83.12,5901.52,No
CUST-01059,Female,0,No,No,70,No,No,Fiber optic,No,No,Month-to-month,Yes,Electronic check,119.83,8428.38,No
CUST-01060,Male,0,Yes,Yes,43,Yes,No,Fiber optic,No,No internet service,Month-to-month,Yes,Credit card,110.38,4814.09,Yes
CUST-01061,Male,0,No,No,47,Yes,No,Fiber optic,No,No internet service,Two year,Yes,Electronic check,58.06,2766.5,No
CUST-01062,Male,0,No,No,14,Yes,No,Fiber optic,No internet service,No,Month-to-month,No,Electronic check,22.03,308.42,Yes
CUST-01063,Male,0,No,No,34,Yes,No,No,No,Yes,Month-to-month,No,Credit card,18.53,630.02,No
CUST-01064,Female,0,No,No,22,Yes,No,DSL,No,No internet service,Month-to-month,Yes,Mailed check,83.71,1914.69,No
CUST-01065,Male,0,No,No,52,Yes,Yes,DSL,No,No,One year,Yes,Bank transfer,111.41,5797.39,No
CUST-01066,Male,0,No,Yes,44,Yes,No,No,No,No,Two year,No,Credit card,63.31,2785.64,No
CUST-01067,Male,0,No,No,12,No,No,Fiber optic,No,No internet service,One year,No,Electronic check,107.18,1290.77,No
CUST-01068,Male,0,Yes,No,33,Yes,No,DSL,Yes,No internet service,Month-to-month,No,Electronic check,75.81,2501.73,No
CUST-01069,Male,1,Yes,No,37,Yes,Yes,DSL,No,No,One year,Yes,Credit card,28.0,1036.0,Yes
CUST-01070,Male,0,Yes,Yes,69,Yes,No,DSL,Yes,No internet service,Month-to-month,No,Electronic check,99.43,6860.67,No
CUST-01071,Female,0,Yes,Yes,67,Yes,No phone service,Fiber optic,No internet service,Yes,Two year,Yes,Bank transfer,68.24,4616.84,No
CUST-01072,Female,1,Yes,No,4,Yes,No,Fiber optic,No internet service,Yes,One year,Yes,Credit card,23.21,92.84,Yes
CUST-01073,Male,1,Yes,No,39,Yes,No,Fiber optic,No internet service,No,One year,Yes,Electronic check,101.09,3977.36,Yes
CUST-01074,Male,1,No,No,69,Yes,Yes,Fiber optic,No,No internet service,Two year,No,Bank transfer,95.28,6583.32,No
CUST-01075,Male,0,Yes,No,20,Yes,No phone service,Fiber optic,No,No,One year,Yes,Electronic check,64.64,1292.8,Yes
CUST-01076,Female,0,No,No,27,Yes,No,DSL,No internet service,No,One year,Yes,Credit card,19.99,618.47,Yes
CUST-01077,Male,0,Yes,No,2,Yes,Yes,No,No,Yes,One year,No,Mailed check,53.39,106.78,No
CUST-01078,Female,0,Yes,No,22,No,Yes,Fiber optic,No,No,Month-to-month,No,Bank transfer,62.36,1371.92,Yes
CUST-01079,Male,0,Yes,No,71,Yes,No,DSL,No,No,Month-to-month,Yes,Credit card,34.86,2475.06,No
CUST-01080,Male,0,Yes,Yes,18,Yes,Yes,Fiber optic,No,No,Two year,No,Credit card,34.41,659.25,No
CUST-01081,Male,0,No,Yes,49,Yes,No,DSL,No internet service,No,Month-to-month,No,Credit card,35.03,1716.47,No
CUST-01082,Male,0,No,Yes,57,Yes,Yes,DSL,No,Yes,Month-to-month,Yes,Mailed check,55.8,3180.6,No
CUST-01083,Female,1,Yes,No,19,Yes,No,DSL,No,Yes,Month-to-month,No,Electronic check,101.39,1969.05,No
CUST-01084,Female,0,Yes,Yes,71,No,No,No,Yes,No,Month-to-month,Yes,Mailed check,95.45,6776.95,No
CUST-01085,Male,0,Yes,Yes,52,Yes,No,Fiber optic,No,No,One year,No,Credit card,19.03,1021.36,No
CUST-01086,Male,0,No,No,8,Yes,No,DSL,No internet service,No internet service,One year,Yes,Bank transfer,18.98,272.54,No
CUST-01087,Female,0,No,Yes,3,Yes,No,Fiber optic,Yes,Yes,Month-to-month,No,Electronic check,25.93,77.79,No
CUST-01088,Female,0,No,Yes,40,Yes,No phone service,No,No internet service,Yes,Two year,No,Mailed check,65.59,2645.6,No
CUST-01089,Female,0,No,Yes,24,Yes,No,Fiber optic,No internet service,Yes,Two year,Yes,Bank transfer,108.67,2608.08,No
CUST-01090,Female,1,No,Yes,33,No,No,DSL,Yes,No internet service,Month-to-month,Yes,Credit card,36.59,1207.47,No
CUST-01091,Male,0,Yes,No,72,Yes,Yes,Fiber optic,Yes,Yes,Month-to-month,No,Bank transfer,66.63,4812.49,Yes
CUST-01092,Female,0,Yes,No,8,Yes,No,DSL,Yes,No,Two year,Yes,Bank transfer,22.16,249.0,No
CUST-01093,Male,0,No,No,12,Yes,Yes,Fiber optic,Yes,No,Month-to-month,Yes,Credit card,20.07,240.84,No
CUST-01094,Female,0,No,No,8,Yes,No phone service,Fiber optic,Yes,Yes,One year,No,Mailed check,18.76,169.15,No
CUST-01095,Female,0,No,No,3,Yes,Yes,Fiber optic,Yes,No internet service,Month-to-month,Yes,Credit card,93.14,279.42,Yes
CUST-01096,Female,0,No,No,33,Yes,Yes,Fiber optic,No,No,Month-to-month,Yes,Bank transfer,20.43,674.19,Yes
CUST-01097,Female,0,Yes,Yes,6,No,Yes,Fiber optic,No internet service,Yes,Two year,No,Credit card,45.93,275.58,No
CUST-01098,Female,0,No,Yes,14,Yes,Yes,No,Yes,No,Two year,No,Electronic check,83.79,1173.06,No
CUST-01099,Male,0,No,No,37,Yes,No,Fiber optic,Yes,No,Month-to-month,No,Electronic check,81.1,3009.5,Yes
CUST-01100,Male,0,Yes,Yes,51,Yes,No,Fiber optic,No internet service,No internet service,Two year,No,Bank transfer,23.62,1204.62,Yes
CUST-01101,Female,0,No,Yes,6,Yes,No phone service,No,Yes,No,Month-to-month,Yes,Credit card,44.18,265.08,No
CUST-01102,Female,0,No,No,44,Yes,Yes,DSL,Yes,Yes,Month-to-month,No,Bank transfer,83.21,3661.24,No
CUST-01103,Male,0,Yes,No,58,Yes,Yes,DSL,Yes,No,One year,No,Credit card,58.01,3364.58,No
CUST-01104,Female,0,Yes,Yes,20,Yes,No,No,Yes,No,Month-to-month,Yes,Electronic check,65.51,1310.2,No
CUST-01105,Female,0,Yes,Yes,27,Yes,Yes,Fiber optic,No,No,Two year,No,Electronic check,39.12,1056.24,No
CUST-01106,Male,0,No,No,2,Yes,No,Fiber optic,Yes,No,One year,Yes,Bank transfer,21.85,68.34,Yes
CUST-01107,Female,0,Yes,No,13,Yes,Yes,No,No,No,Month-to-month,No,Electronic check,53.21,720.14,Yes
CUST-01108,Female,1,No,Yes,1,No,No,Fiber optic,No,No internet service,Two year,No,Bank transfer,87.66,87.66,Yes
CUST-01109,Male,1,No,No,28,Yes,Yes,No,No internet service,No,Month-to-month,Yes,Mailed check,96.19,2752.21,Yes
CUST-01110,Male,0,Yes,No,17,Yes,Yes,No,No,No,Month-to-month,Yes,Bank transfer,78.44,1366.19,No
CUST-01111,Male,0,No,No,36,Yes,No,DSL,Yes,Yes,One year,Yes,Credit card,58.11,2091.96,No
CUST-01112,Female,0,No,No,44,Yes,No,Fiber optic,No,No,Two year,Yes,Credit card,77.48,3409.12,No
CUST-01113,Male,0,Yes,Yes,44,Yes,No phone service,No,No internet service,No,Month-to-month,Yes,Credit card,89.91,4002.91,No
CUST-01114,Male,0,Yes,No,23,Yes,No,Fiber optic,Yes,No,Two year,No,Bank transfer,95.04,2185.92,Yes
CUST-01115,Male,0,No,No,45,Yes,No,Fiber optic,No,No internet service,Month-to-month,No,Mailed check,27.64,1280.42,No
CUST-01116,Male,0,No,Yes,11,Yes,No phone service,Fiber optic,No internet service,No,Month-to-month,No,Bank transfer,99.9,1113.3,Yes
CUST-01117,Male,1,Yes,No,52,Yes,Yes,DSL,No internet service,No,Two year,Yes,Bank transfer,24.47,1313.74,No
CUST-01118,Male,0,Yes,Yes,44,Yes,No,DSL,No,Yes,One year,Yes,Mailed check,106.79,4727.52,Yes
CUST-01119,Female,0,Yes,Yes,31,Yes,Yes,Fiber optic,No,No,Month-to-month,Yes,Electronic check,58.01,1798.31,Yes
CUST-01120,Female,0,No,No,17,No,No,Fiber optic,Yes,Yes,Two year,Yes,Electronic check,73.79,1261.45,No
CUST-01121,Male,0,Yes,Yes,12,No,No,Fiber optic,No,No internet service,One year,Yes,Electronic check,47.58,612.22,No
CUST-01122,Male,0,No,No,3,Yes,No,No,No internet service,No,One year,No,Electronic check,61.52,221.28,No
CUST-01123,Male,1,No,No,22,Yes,Yes,DSL,No internet service,No,One year,No,Electronic check,104.21,2325.05,Yes
CUST-01124,Female,0,Yes,No,61,Yes,No,Fiber optic,Yes,Yes,One year,No,Mailed check,48.16,2937.76,No
CUST-01125,Female,0,No,No,53,Yes,No,Fiber optic,No,No internet service,Month-to-month,Yes,Mailed check,75.55,4076.81,No
CUST-01126,Female,0,Yes,No,54,Yes,No phone service,No,No,No,Month-to-month,No,Bank transfer,84.0,4552.75,No
CUST-01127,Female,1,No,Yes,68,Yes,No,Fiber optic,No,No,Two year,Yes,Electronic check,32.93,2322.07,No
CUST-01128,Female,0,Yes,No,39,Yes,Yes,Fiber optic,Yes,Yes,Month-to-month,Yes,Credit card,97.34,3796.26,Yes
CUST-01129,Female,0,No,No,13,Yes,No,Fiber optic,No internet service,No,Month-to-month,No,Mailed check,119.9,1558.7,No
CUST-01130,Female,0,No,Yes,27,Yes,No,Fiber optic,No,No,Month-to-month,Yes,Mailed check,33.82,913.14,Yes
CUST-01131,Female,0,Yes,Yes,71,Yes,Yes,DSL,Yes,No,Month-to-month,Yes,Electronic check,96.32,6880.21,Yes
CUST-01132,Female,0,Yes,Yes,70,Yes,Yes,DSL,No,Yes,One year,Yes,Credit card,33.0,2310.0,No
CUST-01133,Male,0,Yes,No,66,Yes,No,DSL,Yes,Yes,Month-to-month,Yes,Credit card,114.93,7585.38,No
CUST-01134,Male,0,Yes,No,28,Yes,No,DSL,Yes,No,Month-to-month,Yes,Mailed check,59.92,1725.58,No
CUST-01135,Male,0,No,No,60,Yes,Yes,Fiber optic,Yes,No,Two year,No,Bank transfer,117.95,7077.0,No
CUST-01136,Male,1,No,No,67,Yes,No phone service,Fiber optic,Yes,No internet service,Two year,No,Credit card,24.93,1698.63,No
CUST-01137,Female,0,Yes,No,8,Yes,No,DSL,Yes,No,Month-to-month,No,Bank transfer,98.68,789.44,No
CUST-01138,Female,0,No,No,16,Yes,No phone service,DSL,No,No,Month-to-month,Yes,Electronic check,66.28,1095.42,No
CUST-01139,Male,0,No,No,48,Yes,No,Fiber optic,No,No,Two year,No,Electronic check,47.53,2323.84,Yes
CUST-01140,Female,0,No,No,62,Yes,No,DSL,No,No,Two year,No,Electronic check,94.28,5908.91,Yes
CUST-01141,Male,1,Yes,No,45,Yes,Yes,DSL,No,No,Month-to-month,Yes,Bank transfer,82.8,3726.0,No
CUST-01142,Female,0,Yes,No,12,Yes,No,No,No,No,One year,Yes,Mailed check,110.09,1321.08,Yes
CUST-01143,Male,0,Yes,No,44,Yes,No,DSL,Yes,Yes,Month-to-month,Yes,Bank transfer,43.38,1908.72,No
CUST-01144,Female,0,No,No,52,Yes,No,DSL,No,No,One year,No,Electronic check,113.85,5980.89,No
CUST-01145,Female,0,Yes,No,16,Yes,Yes,DSL,No internet service,Yes,Month-to-month,No,Credit card,83.47,1335.52,No
CUST-01146,Male,0,Yes,No,46,Yes,No,No,No,No internet service,Two year,No,Mailed check,63.94,2941.24,No
CUST-01147,Female,0,Yes,No,61,Yes,No,Fiber optic,No,No,Month-to-month,Yes,Bank transfer,23.42,1428.62,Yes
CUST-01148,Male,0,No,No,49,Yes,Yes,DSL,No,No,One year,Yes,Credit card,96.05,4715.72,No
CUST-01149,Male,1,Yes,No,42,Yes,Yes,Fiber optic,No,No internet service,Month-to-month,Yes,Credit card,105.56,4439.28,Yes
CUST-01150,Male,0,Yes,No,67,No,Yes,DSL,Yes,No,Month-to-month,Yes,Electronic check,100.58,6738.86,No
CUST-01151,Male,0,Yes,Yes,71,Yes,No,Fiber optic,No,No,Month-to-month,Yes,Electronic check,93.04,6605.84,Yes
CUST-01152,Female,0,Yes,Yes,27,Yes,No,Fiber optic,No,No,Month-to-month,No,Credit card,116.88,3155.76,Yes
CUST-01153,Female,0,No,No,44,Yes,Yes,DSL,No internet service,No internet service,Month-to-month,Yes,Mailed check,104.61,4602.84,No
CUST-01154,Female,0,Yes,No,40,Yes,Yes,Fiber optic,Yes,No internet service,Two year,Yes,Bank transfer,112.64,4505.6,No
CUST-01155,Male,0,Yes,No,35,Yes,No,Fiber optic,No,Yes,Two year,Yes,Mailed check,92.51,3264.33,No
CUST-01156,Female,0,No,No,32,Yes,Yes,No,No,No internet service,One year,No,Mailed check,101.66,3253.12,No
CUST-01157,Male,0,Yes,No,24,Yes,No,No,No,Yes,Two year,No,Bank transfer,47.49,1139.76,No
CUST-01158,Female,0,Yes,Yes,18,Yes,No,Fiber optic,Yes,Yes,Month-to-month,No,Bank transfer,86.23,1552.14,No
CUST-01159,Female,1,No,Yes,46,Yes,No,No,No,No internet service,Two year,Yes,Bank transfer,38.96,1806.78,No
CUST-01160,Female,0,Yes,No,32,Yes,No,Fiber optic,Yes,No internet service,Two year,Yes,Mailed check,25.07,805.07,No
CUST-01161,Male,0,Yes,Yes,66,No,Yes,No,No,No,Month-to-month,Yes,Mailed check,77.08,5087.28,No
CUST-01162,Female,0,Yes,No,13,Yes,Yes,Fiber optic,No,No,Two year,No,Bank transfer,97.86,1272.18,No
CUST-01163,Female,0,No,No,32,Yes,No,Fiber optic,Yes,Yes,Month-to-month,Yes,Credit card,26.44,846.08,Yes
CUST-01164,Male,0,No,No,41,Yes,No phone service,No,No internet service,No,Month-to-month,No,Credit card,36.49,1568.79,No
CUST-01165,Female,0,No,No,64,Yes,No,No,No,No,Month-to-month,No,Bank transfer,27.48,1758.72,No
CUST-01166,Male,0,No,No,46,Yes,Yes,DSL,Yes,Yes,Two year,Yes,Mailed check,82.69,3803.74,No
CUST-01167,Female,0,Yes,Yes,34,Yes,No,DSL,No,No,One year,Yes,Bank transfer,26.11,887.74,No
CUST-01168,Male,0,Yes,No,31,Yes,No,No,Yes,No,One year,No,Electronic check,27.52,900.44,No
CUST-01169,Male,0,No,No,54,Yes,No,Fiber optic,No,No,Month-to-month,Yes,Credit card,44.95,2427.3,No
CUST-01170,Female,0,No,Yes,53,No,No,No,No,Yes,Month-to-month,Yes,Credit card,45.56,2430.56,No
CUST-01171,Male,0,Yes,Yes,50,Yes,Yes,No,No internet service,Yes,Two year,No,Credit card,74.87,3782.49,No
CUST-01172,Male,0,No,Yes,58,Yes,No,No,Yes,Yes,Month-to-month,No,Bank transfer,21.28,1234.24,No
CUST-01173,Male,0,Yes,Yes,71,Yes,No,Fiber optic,No,No,Month-to-month,No,Electronic check,80.77,5734.67,No
CUST-01174,Male,0,Yes,No,13,Yes,No,DSL,Yes,No,Month-to-month,Yes,Credit card,59.99,782.84,No
CUST-01175,Male,0,Yes,No,17,Yes,No,Fiber optic,No,Yes,Month-to-month,No,Electronic check,36.23,731.35,Yes
CUST-01176,Male,0,Yes,No,54,Yes,No,No,Yes,No,One year,Yes,Mailed check,84.64,4570.56,No
CUST-01177,Female,0,No,No,55,Yes,No,Fiber optic,No,No,One year,Yes,Mailed check,51.63,2839.65,No
CUST-01178,Male,0,No,No,48,Yes,No phone service,Fiber optic,No,No internet service,Month-to-month,No,Credit card,102.4,4957.02,No
CUST-01179,Male,0,Yes,No,59,Yes,Yes,Fiber optic,No,No,Month-to-month,No,Mailed check,118.92,7046.0,No
CUST-01180,Female,0,Yes,No,52,Yes,No,Fiber optic,Yes,Yes,Month-to-month,Yes,Bank transfer,97.46,5067.92,No
CUST-01181,Female,0,No,No,70,No,No phone service,No,No,Yes,Month-to-month,Yes,Mailed check,93.78,6564.6,No
CUST-01182,Female,0,Yes,No,5,Yes,Yes,DSL,No,No,Two year,No,Bank transfer,54.23,271.15,No
CUST-01183,Female,0,No,No,69,Yes,Yes,DSL,Yes,Yes,Month-to-month,Yes,Mailed check,72.53,5095.32,Yes
CUST-01184,Female,0,Yes,No,7,Yes,Yes,Fiber optic,No,No,Month-to-month,No,Electronic check,23.37,163.59,Yes
CUST-01185,Female,0,No,Yes,14,Yes,Yes,Fiber optic,Yes,No internet service,Month-to-month,No,Mailed check,92.19,1331.18,Yes
CUST-01186,Female,1,Yes,No,25,Yes,No phone service,No,Yes,No,Month-to-month,No,Electronic check,86.85,2171.25,Yes
CUST-01187,Male,0,Yes,No,38,Yes,No,DSL,No,No internet service,One year,Yes,Bank transfer,45.47,1769.78,No
CUST-01188,Male,0,Yes,Yes,2,Yes,No,No,Yes,Yes,Month-to-month,No,Mailed check,72.48,189.28,No
CUST-01189,Female,0,Yes,No,56,Yes,Yes,No,No,No,Month-to-month,Yes,Mailed check,87.29,4889.71,Yes
CUST-01190,Male,0,Yes,No,9,Yes,Yes,DSL,Yes,No,Month-to-month,Yes,Electronic check,55.53,561.23,No
CUST-01191,Male,0,No,Yes,2,Yes,No,No,Yes,No,One year,No,Mailed check,92.01,184.02,Yes
CUST-01192,Male,0,Yes,No,45,Yes,No,Fiber optic,No,No,Two year,No,Bank transfer,99.26,4565.76,No
CUST-01193,Female,0,Yes,Yes,21,Yes,Yes,Fiber optic,No,Yes,Month-to-month,Yes,Electronic check,40.8,856.8,Yes
CUST-01194,Female,0,No,No,66,Yes,No phone service,DSL,No,No,Two year,Yes,Bank transfer,48.73,3216.18,No
CUST-01195,Male,0,No,Yes,64,Yes,No,No,No,No,One year,Yes,Credit card,58.96,3789.96,No
CUST-01196,Female,1,No,No,18,Yes,No,Fiber optic,No internet service,No internet service,Month-to-month,No,Bank transfer,42.04,756.72,No
CUST-01197,Male,0,No,Yes,61,Yes,No,No,No,No,Two year,No,Electronic check,97.11,5935.61,No
CUST-01198,Male,1,Yes,Yes,56,Yes,Yes,Fiber optic,No internet service,No,Month-to-month,Yes,Bank transfer,76.33,4274.48,No
CUST-01199,Male,0,No,Yes,12,Yes,No,Fiber optic,Yes,No internet service,Two year,Yes,Mailed check,56.77,729.78,No
CUST-01200,Male,0,No,No,15,Yes,No,DSL,No internet service,No internet service,Month-to-month,Yes,Bank transfer,19.64,338.99,Yes
CUST-01201,Female,0,No,No,15,Yes,Yes,DSL,No,No,One year,No,Mailed check,51.24,768.6,No
CUST-01202,Female,0,Yes,No,51,Yes,No,Fiber optic,No internet service,Yes,Two year,Yes,Electronic check,103.32,5269.32,No
CUST-01203,Female,1,Yes,No,40,Yes,Yes,No,No,No,Month-to-month,Yes,Mailed check,93.84,3802.1,No
CUST-01204,Male,1,Yes,No,47,Yes,No,DSL,Yes,No internet service,Month-to-month,No,Bank transfer,24.87,1266.33,No
CUST-01205,Female,1,No,Yes,38,Yes,Yes,No,No internet service,No,One year,No,Credit card,99.75,3791.06,Yes
CUST-01206,Male,0,No,No,12,Yes,No phone service,No,No,No internet service,One year,No,Mailed check,36.26,476.7,No
CUST-01207,Female,0,No,Yes,3,Yes,No,Fiber optic,No,Yes,Two year,No,Credit card,118.68,393.78,No
CUST-01208,Male,0,Yes,No,42,Yes,Yes,DSL,Yes,No internet service,Month-to-month,No,Credit card,106.59,4514.88,No
CUST-01209,Male,1,No,No,45,Yes,No phone service,No,No,Yes,Month-to-month,No,Credit card,111.15,5001.75,Yes
CUST-01210,Male,0,No,No,46,Yes,No,DSL,No,No internet service,Month-to-month,Yes,Credit card,96.48,4438.08,No
CUST-01211,Female,0,Yes,Yes,52,Yes,No,Fiber optic,No internet service,Yes,Month-to-month,No,Bank transfer,90.5,4779.55,Yes
CUST-01212,Female,0,No,No,24,Yes,No,DSL,Yes,No,Month-to-month,Yes,Mailed check,42.93,1030.32,Yes
CUST-01213,Female,0,Yes,Yes,40,Yes,Yes,No,No,No,One year,Yes,Electronic check,77.81,3112.4,No
CUST-01214,Female,1,No,Yes,2,Yes,Yes,Fiber optic,No,Yes,Month-to-month,No,Electronic check,89.04,276.62,Yes
CUST-01215,Male,0,No,Yes,12,Yes,Yes,DSL,No internet service,Yes,Month-to-month,No,Mailed check,47.38,568.56,No
CUST-01216,Female,0,No,No,17,Yes,No,DSL,No,No,Month-to-month,Yes,Electronic check,58.63,1003.58,Yes
CUST-01217,Female,0,No,No,36,Yes,Yes,Fiber optic,No,No internet service,One year,Yes,Mailed check,114.6,4146.68,No
CUST-01218,Male,0,No,No,42,Yes,No,DSL,No internet service,No,Month-to-month,Yes,Bank transfer,59.61,2561.98,No
CUST-01219,Male,0,No,Yes,33,Yes,Yes,No,No,Yes,Month-to-month,Yes,Mailed check,50.17,1686.32,No
CUST-01220,Male,0,Yes,No,54,Yes,No,Fiber optic,No,Yes,Month-to-month,Yes,Bank transfer,28.94,1562.76,Yes
CUST-01221,Female,0,No,No,51,No,Yes,Fiber optic,No,Yes,Month-to-month,No,Mailed check,52.82,2694.36,Yes
CUST-01222,Male,1,Yes,Yes,35,Yes,Yes,DSL,Yes,Yes,Month-to-month,No,Credit card,80.44,2815.4,No
CUST-01223,Male,0,Yes,Yes,53,Yes,Yes,Fiber optic,No,No,Month-to-month,No,Credit card,33.07,1798.05,No
CUST-01224,Male,0,No,No,58,Yes,No,DSL,No,No,One year,Yes,Bank transfer,79.74,4624.92,No
CUST-01225,Female,1,No,No,51,Yes,No,No,No,No internet service,Month-to-month,Yes,Electronic check,93.6,4784.72,Yes
CUST-01226,Male,0,Yes,No,18,Yes,Yes,Fiber optic,No,No,Month-to-month,No,Credit card,96.36,1734.48,Yes
CUST-01227,Female,0,Yes,No,11,No,No,DSL,No,No,Month-to-month,Yes,Mailed check,118.45,1403.15,Yes
CUST-01228,Female,0,Yes,Yes,10,Yes,No,DSL,No,No internet service,Month-to-month,No,Electronic check,62.33,623.3,No
CUST-01229,Male,0,Yes,Yes,47,Yes,No phone service,No,Yes,No,Month-to-month,Yes,Electronic check,21.31,1107.77,Yes
CUST-01230,Male,0,Yes,No,15,Yes,No,DSL,No,No,One year,No,Bank transfer,105.18,1577.7,Yes
CUST-01231,Female,1,No,No,70,Yes,Yes,Fiber optic,No,No internet service,One year,Yes,Electronic check,26.52,1902.08,Yes
CUST-01232,Male,0,Yes,No,46,No,Yes,Fiber optic,Yes,No,Two year,Yes,Bank transfer,105.89,4876.82,No
CUST-01233,Male,0,Yes,No,66,Yes,Yes,DSL,No,Yes,Month-to-month,Yes,Credit card,118.24,7803.84,No
CUST-01234,Female,0,Yes,No,30,Yes,No,Fiber optic,No,No,Two year,No,Credit card,110.5,3315.0,No
CUST-01235,Female,0,No,Yes,7,Yes,No,Fiber optic,No,No,Month-to-month,No,Electronic check,116.33,870.44,Yes
CUST-01236,Male,0,Yes,No,60,Yes,No,Fiber optic,No,No,Month-to-month,Yes,Electronic check,20.38,1222.8,Yes
CUST-01237,Female,0,Yes,No,43,Yes,Yes,Fiber optic,No,No,Month-to-month,Yes,Mailed check,19.16,823.88,Yes
CUST-01238,Male,0,Yes,Yes,49,Yes,Yes,No,No internet service,No internet service,Month-to-month,Yes,Mailed check,39.45,1933.05,Yes
CUST-01239,Male,0,No,No,34,Yes,No phone service,DSL,No internet service,No,One year,Yes,Bank transfer,99.47,3382.35,No
CUST-01240,Male,1,No,Yes,60,Yes,No phone service,Fiber optic,No,Yes,Month-to-month,Yes,Electronic check,27.12,1627.2,Yes
CUST-01241,Female,0,Yes,Yes,54,Yes,No,DSL,No,No,One year,Yes,Electronic check,94.14,5086.48,Yes
CUST-01242,Male,0,Yes,No,65,Yes,Yes,No,No internet service,Yes,Month-to-month,Yes,Mailed check,19.28,1282.72,No
CUST-01243,Male,0,Yes,No,13,Yes,No phone service,DSL,No,Yes,Month-to-month,Yes,Bank transfer,92.57,1234.91,No
CUST-01244,Male,0,No,Yes,3,Yes,Yes,Fiber optic,No,Yes,Two year,No,Mailed check,43.51,149.29,Yes
CUST-01245,Female,0,No,No,16,Yes,No,Fiber optic,No internet service,No internet service,Month-to-month,No,Electronic check,62.92,1108.09,No
CUST-01246,Female,0,Yes,No,68,Yes,Yes,No,No,No,One year,No,Bank transfer,117.6,8075.85,No
CUST-01247,Female,0,Yes,No,23,Yes,No,Fiber optic,No,Yes,Month-to-month,Yes,Credit card,74.28,1708.44,Yes
CUST-01248,Female,0,Yes,No,48,Yes,No,Fiber optic,No,No internet service,Month-to-month,Yes,Electronic check,25.61,1260.55,Yes
CUST-01249,Female,1,Yes,Yes,54,No,No,No,No,No internet service,Month-to-month,Yes,Mailed check,107.06,5809.8,No
CUST-01250,Male,1,No,Yes,70,Yes,No,Fiber optic,Yes,No internet service,Two year,Yes,Bank transfer,51.01,3570.7,No
CUST-01251,Female,1,Yes,Yes,22,Yes,No phone service,No,No,Yes,Month-to-month,No,Mailed check,77.71,1709.62,Yes
CUST-01252,Female,0,Yes,Yes,11,Yes,No,DSL,No,Yes,One year,Yes,Credit card,90.6,996.6,No
CUST-01253,Female,0,Yes,Yes,10,No,No,Fiber optic,No,Yes,Two year,No,Electronic check,97.31,973.1,No
CUST-01254,Male,0,No,Yes,28,Yes,Yes,No,No internet service,No internet service,Two year,No,Electronic check,62.11,1771.3,No
CUST-01255,Female,0,No,No,61,Yes,Yes,No,No,No,Two year,Yes,Mailed check,96.85,5961.31,No
CUST-01256,Female,0,Yes,No,52,Yes,No,No,No,Yes,Two year,Yes,Electronic check,29.92,1666.59,No
CUST-01257,Male,0,Yes,No,47,No,No,Fiber optic,No,No internet service,Month-to-month,No,Mailed check,71.62,3405.71,Yes
CUST-01258,Female,0,Yes,Yes,65,Yes,Yes,No,Yes,No,Two year,Yes,Mailed check,20.23,1335.34,No
CUST-01259,Male,0,No,No,47,Yes,Yes,DSL,Yes,No internet service,Two year,Yes,Bank transfer,59.44,2885.39,No
CUST-01260,Male,0,Yes,Yes,58,Yes,Yes,DSL,No,No,One year,Yes,Credit card,55.21,3279.83,No
CUST-01261,Male,0,No,No,70,No,No,DSL,Yes,No,Month-to-month,No,Electronic check,117.77,8243.9,Yes
CUST-01262,Male,0,No,Yes,56,Yes,Yes,No,No internet service,No,Month-to-month,Yes,Electronic check,58.58,3280.48,No
CUST-01263,Male,0,No,No,2,Yes,Yes,Fiber optic,No internet service,No,Month-to-month,Yes,Mailed check,110.52,255.76,No
CUST-01264,Female,0,Yes,No,31,Yes,Yes,Fiber optic,Yes,Yes,Month-to-month,Yes,Credit card,62.4,1934.4,No
CUST-01265,Male,0,No,No,7,Yes,Yes,DSL,No,Yes,One year,Yes,Bank transfer,72.41,526.39,Yes
CUST-01266,Male,0,No,Yes,29,Yes,No,DSL,Yes,No internet service,One year,Yes,Mailed check,53.77,1581.27,No
CUST-01267,Female,0,Yes,No,14,Yes,No phone service,Fiber optic,Yes,No internet service,Two year,Yes,Credit card,83.28,1202.65,No
CUST-01268,Male,0,Yes,No,54,No,Yes,Fiber optic,No,No,Month-to-month,Yes,Electronic check,93.39,5086.78,Yes
CUST-01269,Female,0,Yes,Yes,37,Yes,Yes,DSL,Yes,No,Month-to-month,Yes,Bank transfer,98.69,3651.53,No
CUST-01270,Female,0,Yes,No,14,No,No,Fiber optic,No,Yes,Two year,Yes,Bank transfer,88.78,1264.87,No
CUST-01271,Female,1,Yes,No,29,Yes,No,DSL,No,No,One year,Yes,Mailed check,51.65,1497.85,Yes
CUST-01272,Male,0,No,No,45,Yes,Yes,Fiber optic,No,No,One year,Yes,Mailed check,51.72,2375.35,No
CUST-01273,Male,0,Yes,No,63,Yes,Yes,DSL,Yes,No,One year,No,Bank transfer,53.49,3380.15,No
CUST-01274,Male,0,No,No,25,Yes,No phone service,Fiber optic,No,No,One year,No,Electronic check,21.86,594.98,Yes
CUST-01275,Female,1,Yes,No,66,Yes,No,DSL,No,No,Two year,No,Electronic check,114.19,7536.54,Yes
CUST-01276,Male,0,No,No,35,Yes,No phone service,Fiber optic,Yes,No,Month-to-month,No,Bank transfer,37.96,1328.6,No
CUST-01277,Male,0,Yes,No,30,No,Yes,DSL,Yes,No,Month-to-month,Yes,Mailed check,34.24,1043.19,No
CUST-01278,Male,0,No,No,39,Yes,No,Fiber optic,No internet service,No,Month-to-month,Yes,Mailed check,74.34,2899.26,No
CUST-01279,Female,1,Yes,No,72,Yes,No,Fiber optic,No,No internet service,Two year,No,Electronic check,22.84,1695.13,No
CUST-01280,Female,0,Yes,No,45,Yes,No,Fiber optic,No internet service,No,Two year,No,Credit card,103.46,4706.75,No
CUST-01281,Male,0,No,Yes,41,Yes,No phone service,Fiber optic,No,Yes,Month-to-month,Yes,Credit card,107.37,4425.22,No
CUST-01282,Male,0,Yes,No,17,Yes,Yes,No,No,Yes,Month-to-month,Yes,Credit card,58.58,995.86,Yes
CUST-01283,Male,0,No,Yes,35,Yes,No,No,No internet service,No,Month-to-month,No,Electronic check,117.08,4097.8,Yes
CUST-01284,Male,0,No,Yes,49,Yes,Yes,Fiber optic,No,No,Two year,Yes,Bank transfer,51.07,2547.2,No
CUST-01285,Female,0,Yes,Yes,60,Yes,No,Fiber optic,Yes,No,Month-to-month,Yes,Credit card,44.54,2702.98,Yes
CUST-01286,Female,0,No,No,39,No,No,Fiber optic,Yes,No internet service,Month-to-month,Yes,Electronic check,118.95,4639.05,Yes
CUST-01287,Female,0,No,Yes,2,Yes,No,Fiber optic,No internet service,No,Month-to-month,Yes,Electronic check,43.53,108.08,Yes
CUST-01288,Female,0,Yes,No,6,No,Yes,Fiber optic,No,Yes,Two year,No,Mailed check,63.31,454.09,No
CUST-01289,Male,1,No,No,30,Yes,Yes,DSL,No,No,One year,No,Mailed check,80.41,2440.67,No
CUST-01290,Male,0,No,Yes,64,Yes,Yes,Fiber optic,Yes,No,One year,No,Electronic check,50.9,3257.6,No
CUST-01291,Male,0,Yes,Yes,63,Yes,Yes,Fiber optic,No,Yes,Month-to-month,Yes,Mailed check,57.19,3602.97,No
CUST-01292,Female,0,Yes,No,2,Yes,Yes,Fiber optic,No,No,One year,No,Mailed check,91.52,183.04,Yes
CUST-01293,Male,0,No,No,34,Yes,No phone service,Fiber optic,No,No internet service,Month-to-month,Yes,Mailed check,91.75,3119.5,Yes
CUST-01294,Female,0,Yes,No,14,Yes,No,DSL,Yes,No,Month-to-month,No,Electronic check,99.97,1399.58,Yes
CUST-01295,Female,0,Yes,No,20,Yes,No,Fiber optic,No,No,Month-to-month,Yes,Credit card,78.56,1576.6,No
CUST-01296,Male,0,Yes,No,61,Yes,No,No,No,Yes,One year,No,Mailed check,41.82,2551.02,No
CUST-01297,Male,0,No,No,27,Yes,No,DSL,No,Yes,Two year,No,Electronic check,51.98,1442.43,Yes
CUST-01298,Male,0,Yes,No,3,Yes,No,Fiber optic,No,No internet service,Month-to-month,No,Electronic check,109.87,329.61,Yes
CUST-01299,Female,0,Yes,No,12,Yes,Yes,No,No,No,Month-to-month,No,Bank transfer,92.84,1180.17,Yes
CUST-01300,Male,0,No,No,50,Yes,Yes,Fiber optic,No,No internet service,Two year,Yes,Bank transfer,26.98,1349.0,No
CUST-01301,Female,1,Yes,Yes,47,Yes,No,No,No,No internet service,One year,Yes,Credit card,94.87,4458.89,No
CUST-01302,Male,0,No,No,38,Yes,No,No,No,No,Month-to-month,Yes,Bank transfer,51.73,1971.27,Yes
CUST-01303,Female,1,No,No,66,Yes,No,DSL,No,No internet service,Month-to-month,Yes,Electronic check,20.37,1344.42,No
CUST-01304,Female,0,No,No,57,Yes,No,DSL,No internet service,No,One year,No,Bank transfer,67.34,3862.85,No
CUST-01305,Male,1,No,Yes,1,Yes,No,DSL,No,Yes,Month-to-month,Yes,Mailed check,108.11,108.11,No
CUST-01306,Female,0,Yes,No,24,Yes,No,Fiber optic,No,Yes,Two year,Yes,Bank transfer,63.32,1541.12,No
CUST-01307,Female,0,No,Yes,10,Yes,No phone service,No,No internet service,Yes,One year,Yes,Electronic check,118.86,1262.76,No
CUST-01308,Male,0,Yes,Yes,0,Yes,No,DSL,No,No,Two year,Yes,Credit card,36.16,29.67,Yes
CUST-01309,Female,0,Yes,Yes,47,Yes,Yes,No,No,No,Two year,No,Credit card,53.79,2528.13,No
CUST-01310,Male,0,Yes,No,47,Yes,Yes,DSL,No,Yes,One year,No,Credit card,19.7,984.2,No
CUST-01311,Female,0,Yes,Yes,9,Yes,Yes,No,No internet service,Yes,Month-to-month,Yes,Credit card,23.14,324.41,No
CUST-01312,Male,0,No,No,29,Yes,No,DSL,No,No,Month-to-month,Yes,Mailed check,54.14,1582.51,Yes
CUST-01313,Male,0,Yes,Yes,34,No,No,Fiber optic,No,No,Two year,No,Mailed check,71.9,2444.6,No
CUST-01314,Female,0,No,No,18,Yes,Yes,DSL,No,No internet service,One year,Yes,Mailed check,42.18,763.08,No
CUST-01315,Female,0,No,Yes,52,No,No,DSL,No,No,Month-to-month,No,Bank transfer,34.98,1818.96,No
CUST-01316,Female,0,No,Yes,33,Yes,Yes,DSL,No internet service,Yes,One year,No,Bank transfer,60.91,2066.7,No
CUST-01317,Female,0,Yes,No,31,Yes,No phone service,DSL,No internet service,Yes,Month-to-month,No,Bank transfer,35.41,1113.07,No
CUST-01318,Female,0,No,No,5,Yes,No,DSL,Yes,No,Month-to-month,No,Credit card,82.35,411.75,Yes
CUST-01319,Male,0,Yes,Yes,12,Yes,Yes,Fiber optic,No,Yes,Month-to-month,Yes,Credit card,115.44,1411.34,No
CUST-01320,Female,0,Yes,Yes,63,Yes,Yes,Fiber optic,No,No internet service,Month-to-month,No,Bank transfer,100.27,6317.01,Yes
CUST-01321,Male,0,No,Yes,6,Yes,Yes,Fiber optic,No internet service,No,Two year,Yes,Mailed check,39.95,239.7,Yes
CUST-01322,Male,0,Yes,No,44,Yes,Yes,Fiber optic,Yes,No,Month-to-month,Yes,Electronic check,115.02,5060.97,Yes
CUST-01323,Female,0,Yes,No,44,Yes,No,No,No internet service,No,Month-to-month,Yes,Bank transfer,94.62,4253.65,Yes
CUST-01324,Male,0,No,No,64,Yes,Yes,No,No,Yes,One year,Yes,Electronic check,33.81,2163.84,No
CUST-01325,Male,0,Yes,Yes,18,Yes,No,No,No,No,Two year,Yes,Mailed check,77.1,1426.63,No
CUST-01326,Male,0,No,No,46,Yes,Yes,Fiber optic,No,No,Month-to-month,No,Electronic check,116.58,5362.68,Yes
CUST-01327,Male,0,Yes,Yes,45,Yes,Yes,DSL,No,No,One year,No,Credit card,27.87,1342.37,No
CUST-01328,Female,1,Yes,Yes,28,No,No,Fiber optic,Yes,No,Month-to-month,No,Electronic check,45.64,1277.92,No
CUST-01329,Male,0,Yes,No,60,No,No,Fiber optic,No,No,Month-to-month,Yes,Bank transfer,56.16,3369.6,No
CUST-01330,Female,0,Yes,No,64,Yes,No,DSL,No internet service,No internet service,Month-to-month,Yes,Bank transfer,29.79,1944.95,No
CUST-01331,Female,0,Yes,Yes,22,Yes,Yes,Fiber optic,No internet service,No,One year,No,Mailed check,48.52,1067.51,No
CUST-01332,Male,0,No,No,50,Yes,Yes,DSL,No,Yes,One year,No,Bank transfer,88.62,4471.84,No
CUST-01333,Female,0,No,No,62,Yes,Yes,DSL,No,Yes,Month-to-month,No,Electronic check,66.68,4195.2,No
CUST-01334,Female,0,No,No,21,No,No,Fiber optic,Yes,No,Month-to-month,No,Credit card,60.95,1289.5,Yes
CUST-01335,Female,0,Yes,No,70,No,Yes,DSL,Yes,No,Month-to-month,Yes,Electronic check,62.06,4395.18,No
CUST-01336,Male,1,No,No,32,Yes,No,DSL,Yes,No,Two year,Yes,Electronic check,95.48,3055.36,Yes
CUST-01337,Female,0,No,No,43,Yes,No,DSL,No,No internet service,One year,No,Electronic check,119.11,5140.02,No
CUST-01338,Female,1,No,No,6,Yes,Yes,Fiber optic,Yes,No internet service,One year,No,Bank transfer,78.04,468.24,No
CUST-01339,Female,0,Yes,No,1,Yes,No phone service,DSL,Yes,No,Month-to-month,Yes,Mailed check,94.66,170.06,Yes
CUST-01340,Male,0,No,Yes,16,Yes,Yes,Fiber optic,Yes,Yes,Month-to-month,Yes,Bank transfer,56.0,896.0,No
CUST-01341,Female,0,No,No,64,No,No,DSL,No,No,Month-to-month,Yes,Electronic check,105.79,6770.56,No
CUST-01342,Male,0,Yes,Yes,57,Yes,No,DSL,No,Yes,Month-to-month,No,Mailed check,60.87,3469.59,Yes
CUST-01343,Male,0,No,Yes,29,No,Yes,DSL,No,Yes,Month-to-month,Yes,Mailed check,113.38,3298.76,Yes
CUST-01344,Male,0,Yes,No,25,Yes,No phone service,Fiber optic,No,No internet service,Two year,No,Electronic check,93.84,2358.65,No
CUST-01345,Male,0,No,Yes,34,Yes,Yes,DSL,No,No,Two year,Yes,Electronic check,90.16,3067.32,No
CUST-01346,Male,1,No,No,62,Yes,Yes,No,No internet service,No internet service,One year,Yes,Bank transfer,47.59,2990.72,No
CUST-01347,Male,0,No,No,70,Yes,No,Fiber optic,No,No internet service,Month-to-month,Yes,Mailed check,99.21,6999.9,No
CUST-01348,Female,0,Yes,No,27,Yes,No phone service,Fiber optic,No,No,Month-to-month,No,Credit card,28.74,794.18,Yes
CUST-01349,Male,0,Yes,Yes,24,Yes,No,Fiber optic,No,No internet service,Month-to-month,Yes,Mailed check,72.88,1749.12,No
CUST-01350,Female,0,No,Yes,60,No,Yes,Fiber optic,No,No,Month-to-month,Yes,Bank transfer,93.01,5580.6,Yes
CUST-01351,Female,0,Yes,No,30,Yes,No,No,No,Yes,Month-to-month,Yes,Electronic check,108.13,3278.14,Yes
CUST-01352,Male,0,Yes,No,53,Yes,Yes,DSL,No,No,Two year,Yes,Mailed check,76.1,4045.89,No
CUST-01353,Female,1,No,Yes,66,Yes,No,DSL,No internet service,No,One year,Yes,Credit card,44.35,2927.1,No
CUST-01354,Female,0,No,Yes,50,Yes,No,DSL,No,No,Month-to-month,Yes,Bank transfer,104.58,5280.79,No
CUST-01355,Female,0,Yes,No,57,Yes,Yes,No,No,No internet service,Month-to-month,Yes,Mailed check,96.33,5520.35,No
CUST-01356,Female,0,Yes,Yes,33,Yes,No,No,Yes,No,Month-to-month,Yes,Bank transfer,33.66,1161.88,No
CUST-01357,Male,0,Yes,No,58,Yes,No phone service,No,No,Yes,Month-to-month,Yes,Mailed check,106.98,6223.86,Yes
CUST-01358,Female,0,No,No,20,Yes,No,Fiber optic,No internet service,Yes,Two year,No,Electronic check,115.91,2318.2,No
CUST-01359,Male,0,No,No,55,Yes,No,No,No,No,One year,Yes,Credit card,72.85,4079.53,No
CUST-01360,Female,0,No,No,36,Yes,Yes,DSL,No,No,Month-to-month,No,Electronic check,21.91,822.89,No
CUST-01361,Female,0,No,Yes,63,Yes,No phone service,Fiber optic,Yes,Yes,Month-to-month,Yes,Mailed check,111.39,7044.28,Yes
CUST-01362,Male,0,No,No,18,Yes,Yes,No,No internet service,No,Month-to-month,No,Credit card,30.52,594.56,No
CUST-01363,Female,0,No,No,52,No,No,Fiber optic,No internet service,No,One year,Yes,Mailed check,82.58,4294.16,No
CUST-01364,Female,0,Yes,No,70,Yes,No,DSL,No,No,Month-to-month,Yes,Mailed check,58.89,4150.91,Yes
CUST-01365,Female,0,No,No,62,No,No,Fiber optic,No internet service,No,Month-to-month,Yes,Credit card,119.19,7389.78,No
CUST-01366,Male,0,Yes,No,61,Yes,Yes,DSL,No,Yes,Month-to-month,Yes,Credit card,111.55,6804.55,Yes
CUST-01367,Female,0,No,Yes,71,Yes,Yes,DSL,No internet service,No,Month-to-month,No,Bank transfer,98.02,6959.42,Yes
CUST-01368,Male,0,No,No,18,Yes,No,Fiber optic,No internet service,Yes,Month-to-month,No,Credit card,38.33,689.94,No
CUST-01369,Female,0,Yes,No,1,No,Yes,DSL,Yes,No internet service,Month-to-month,No,Electronic check,89.32,108.54,No
CUST-01370,Male,0,No,No,5,Yes,No,DSL,No,No,Month-to-month,Yes,Credit card,76.36,381.8,Yes
CUST-01371,Male,0,Yes,No,28,Yes,Yes,Fiber optic,Yes,Yes,Month-to-month,Yes,Credit card,31.81,890.68,No
CUST-01372,Female,0,No,No,40,Yes,Yes,Fiber optic,Yes,No,Month-to-month,No,Bank transfer,99.06,3962.4,Yes
CUST-01373,Female,0,Yes,No,50,Yes,Yes,DSL,No,Yes,Month-to-month,No,Electronic check,26.82,1341.0,No
CUST-01374,Male,0,No,No,4,Yes,Yes,DSL,No,No,Two year,Yes,Electronic check,67.12,321.84,No
CUST-01375,Male,0,Yes,Yes,40,No,No,No,No internet service,No,Month-to-month,No,Credit card,61.51,2561.8,No
CUST-01376,Female,0,Yes,No,61,No,No,DSL,Yes,No,Month-to-month,No,Credit card,100.23,6114.03,No
CUST-01377,Male,1,Yes,No,29,Yes,No,Fiber optic,Yes,No,Month-to-month,Yes,Bank transfer,61.61,1806.06,No
CUST-01378,Female,0,Yes,No,61,Yes,Yes,No,No internet service,No internet service,Month-to-month,Yes,Electronic check,88.82,5418.02,Yes
CUST-01379,Female,0,Yes,No,26,Yes,Yes,Fiber optic,Yes,Yes,Month-to-month,Yes,Electronic check,66.78,1776.73,Yes
CUST-01380,Female,0,No,No,49,Yes,No,DSL,Yes,No,Two year,No,Mailed check,77.37,3861.75,No
CUST-01381,Female,0,Yes,No,51,Yes,Yes,Fiber optic,No,No,Month-to-month,No,Bank transfer,42.59,2211.01,Yes
CUST-01382,Male,1,Yes,No,48,Yes,No,Fiber optic,Yes,No,Two year,No,Bank transfer,38.65,1855.2,No
CUST-01383,Female,0,Yes,Yes,61,Yes,No phone service,Fiber optic,Yes,No internet service,Two year,No,Credit card,90.41,5515.01,No
CUST-01384,Male,1,No,Yes,59,Yes,No,Fiber optic,No,Yes,Two year,Yes,Electronic check,30.48,1798.32,Yes
CUST-01385,Female,1,No,No,53,Yes,No,DSL,Yes,No,Month-to-month,Yes,Credit card,35.95,1940.04,Yes
CUST-01386,Male,1,No,No,4,Yes,No,DSL,No internet service,Yes,Month-to-month,No,Bank transfer,113.98,455.92,Yes
CUST-01387,Female,0,No,Yes,8,Yes,No phone service,Fiber optic,No,Yes,One year,No,Electronic check,43.84,385.29,Yes
CUST-01388,Male,0,Yes,Yes,33,Yes,No,Fiber optic,Yes,Yes,Month-to-month,Yes,Electronic check,50.98,1682.96,No
CUST-01389,Male,0,Yes,No,35,Yes,No,Fiber optic,No,No,One year,Yes,Bank transfer,82.59,2890.65,Yes
CUST-01390,Female,0,Yes,No,19,Yes,No,DSL,No internet service,No,Two year,Yes,Electronic check,62.92,1201.57,No
CUST-01391,Female,0,No,No,62,Yes,No,No,Yes,No,Two year,Yes,Mailed check,75.02,4651.24,Yes
CUST-01392,Female,0,No,Yes,66,Yes,No,Fiber optic,Yes,No,Month-to-month,Yes,Bank transfer,32.75,2161.5,No
CUST-01393,Female,0,No,No,29,Yes,No,No,No,No,Month-to-month,Yes,Bank transfer,86.59,2511.11,No
CUST-01394,Male,0,Yes,No,68,Yes,No,Fiber optic,No,Yes,Month-to-month,Yes,Electronic check,33.97,2392.44,Yes
CUST-01395,Female,0,Yes,No,69,Yes,No,Fiber optic,Yes,No,Month-to-month,No,Bank transfer,94.27,6528.45,No
CUST-01396,Male,0,Yes,No,2,Yes,Yes,Fiber optic,No,Yes,Month-to-month,No,Credit card,71.41,232.93,No
CUST-01397,Male,0,No,Yes,48,Yes,No,Fiber optic,No internet service,Yes,Two year,No,Bank transfer,101.25,4860.0,No
CUST-01398,Female,0,Yes,No,41,Yes,Yes,Fiber optic,No internet service,No,One year,No,Credit card,35.61,1460.01,No
CUST-01399,Male,1,No,Yes,23,Yes,No,Fiber optic,No,No internet service,Two year,No,Mailed check,56.51,1299.73,No
CUST-01400,Male,0,Yes,Yes,43,Yes,Yes,DSL,Yes,Yes,Month-to-month,Yes,Mailed check,104.38,4488.34,No
CUST-01401,Male,0,No,No,0,Yes,Yes,Fiber optic,No,No,One year,Yes,Credit card,99.47,0.0,Yes
CUST-01402,Male,1,No,No,53,Yes,No,DSL,Yes,Yes,Two year,No,Bank transfer,116.51,6175.03,No
CUST-01403,Female,0,No,No,51,Yes,No,No,Yes,No internet service,Two year,Yes,Credit card,40.64,2125.02,No
CUST-01404,Female,1,No,No,35,Yes,Yes,DSL,Yes,No,Two year,Yes,Electronic check,72.98,2554.3,No
CUST-01405,Female,0,No,No,37,Yes,Yes,DSL,Yes,No,Month-to-month,Yes,Credit card,19.82,733.34,No
CUST-01406,Female,0,No,No,43,Yes,No phone service,DSL,Yes,Yes,Two year,Yes,Mailed check,116.45,5007.35,No
CUST-01407,Male,0,No,Yes,46,Yes,Yes,DSL,No,No internet service,Month-to-month,No,Mailed check,35.86,1657.7,No
CUST-01408,Male,0,No,No,28,Yes,Yes,DSL,No,No,Two year,No,Credit card,110.28,3087.84,No
CUST-01409,Female,0,No,Yes,50,Yes,No,DSL,No internet service,Yes,Two year,Yes,Mailed check,87.19,4359.5,No
CUST-01410,Female,0,No,No,40,Yes,No,DSL,No,No,Month-to-month,Yes,Electronic check,113.56,4562.29,Yes
CUST-01411,Female,0,No,Yes,63,Yes,No,DSL,No,Yes,Two year,Yes,Bank transfer,43.32,2810.63,No
CUST-01412,Male,0,No,No,47,Yes,No,No,No,Yes,Month-to-month,No,Bank transfer,53.21,2500.87,No
CUST-01413,Female,1,Yes,No,21,Yes,No,DSL,No internet service,Yes,Two year,Yes,Credit card,34.77,730.17,No
CUST-01414,Female,1,Yes,No,16,Yes,No phone service,No,Yes,Yes,One year,Yes,Mailed check,61.09,977.44,No
CUST-01415,Female,0,No,No,4,Yes,No,No,No,No internet service,One year,Yes,Bank transfer,114.64,458.56,No
CUST-01416,Male,0,No,No,60,Yes,Yes,DSL,Yes,No,Month-to-month,Yes,Mailed check,76.26,4575.6,Yes
CUST-01417,Male,0,No,No,5,Yes,No,DSL,No,No,Month-to-month,No,Credit card,60.44,307.17,No
CUST-01418,Male,0,Yes,No,52,Yes,No,DSL,No internet service,No internet service,Two year,Yes,Mailed check,51.14,2687.92,No
CUST-01419,Male,0,No,No,16,Yes,No,Fiber optic,Yes,No internet service,Month-to-month,No,Electronic check,77.65,1242.4,Yes
CUST-01420,Male,1,No,Yes,58,Yes,Yes,Fiber optic,Yes,No,Two year,No,Electronic check,91.77,5322.66,No
CUST-01421,Male,0,Yes,Yes,38,Yes,No,DSL,No,Yes,One year,Yes,Mailed check,59.49,2294.47,No
CUST-01422,Male,0,No,Yes,53,Yes,No,DSL,No,Yes,One year,No,Electronic check,41.55,2202.15,No
CUST-01423,Male,0,No,Yes,47,Yes,Yes,Fiber optic,No,No,One year,No,Credit card,77.67,3658.33,Yes
CUST-01424,Female,1,Yes,No,36,Yes,No,DSL,Yes,No,Month-to-month,No,Electronic check,55.29,1990.44,Yes
CUST-01425,Female,0,No,Yes,47,Yes,No,No,Yes,No internet service,Month-to-month,No,Electronic check,119.42,5617.28,No
CUST-01426,Male,0,No,Yes,67,Yes,Yes,Fiber optic,No,Yes,One year,No,Bank transfer,62.99,4299.29,No
CUST-01427,Male,0,Yes,Yes,26,Yes,No,DSL,Yes,No internet service,Two year,Yes,Bank transfer,62.32,1649.06,No
CUST-01428,Female,0,Yes,No,26,Yes,Yes,DSL,No internet service,Yes,One year,No,Credit card,103.63,2694.38,No
CUST-01429,Male,0,No,No,71,Yes,No,Fiber optic,No,No,Month-to-month,Yes,Electronic check,43.6,3103.88,Yes
CUST-01430,Male,1,Yes,No,62,Yes,No,DSL,No,No internet service,Two year,Yes,Bank transfer,24.73,1621.48,No
CUST-01431,Male,0,Yes,No,51,Yes,No,DSL,No internet service,No,One year,Yes,Mailed check,105.09,5362.03,Yes
CUST-01432,Female,0,Yes,Yes,46,Yes,Yes,DSL,No,No,Month-to-month,Yes,Mailed check,78.08,3591.68,No
CUST-01433,Female,0,No,No,20,Yes,Yes,DSL,No,No,Two year,No,Electronic check,44.54,890.8,No
CUST-01434,Female,0,No,No,56,Yes,No,Fiber optic,Yes,No internet service,One year,Yes,Credit card,52.96,2965.76,Yes
CUST-01435,Female,0,No,Yes,41,Yes,Yes,DSL,Yes,Yes,One year,No,Electronic check,61.42,2518.22,No
CUST-01436,Female,0,Yes,No,47,Yes,Yes,Fiber optic,No,Yes,One year,No,Bank transfer,87.4,4188.88,Yes
CUST-01437,Male,0,No,No,26,Yes,No,DSL,No,No,Month-to-month,Yes,Electronic check,65.75,1709.5,Yes
CUST-01438,Female,0,Yes,No,71,Yes,No,Fiber optic,No internet service,Yes,Month-to-month,Yes,Electronic check,58.37,4144.27,No
CUST-01439,Male,0,Yes,No,32,Yes,No,Fiber optic,Yes,No,Month-to-month,Yes,Mailed check,97.61,3123.52,Yes
CUST-01440,Male,0,Yes,Yes,34,Yes,No phone service,Fiber optic,No internet service,Yes,One year,No,Mailed check,25.33,938.61,No
CUST-01441,Female,1,Yes,Yes,15,Yes,Yes,Fiber optic,No,No internet service,Month-to-month,Yes,Bank transfer,84.56,1268.4,No
CUST-01442,Female,0,No,Yes,35,Yes,Yes,DSL,Yes,No,Month-to-month,Yes,Credit card,63.79,2289.54,Yes
CUST-01443,Male,0,No,Yes,65,No,No,No,Yes,No,Two year,No,Credit card,52.16,3390.4,No
CUST-01444,Male,0,Yes,Yes,55,Yes,No,Fiber optic,No,No internet service,Month-to-month,No,Bank transfer,112.61,6193.55,Yes
CUST-01445,Male,0,No,No,16,Yes,Yes,DSL,No,No internet service,One year,Yes,Bank transfer,97.35,1557.6,Yes
CUST-01446,Female,0,No,Yes,19,Yes,Yes,DSL,No,No internet service,Month-to-month,No,Electronic check,40.36,766.84,Yes
CUST-01447,Female,0,No,No,7,Yes,Yes,DSL,No,No,Month-to-month,No,Electronic check,84.54,642.12,Yes
CUST-01448,Female,0,Yes,No,17,Yes,No,Fiber optic,Yes,Yes,Month-to-month,Yes,Credit card,101.87,1767.78,No
CUST-01449,Female,0,No,No,17,Yes,Yes,DSL,No,No,Two year,Yes,Electronic check,118.91,2021.47,Yes
CUST-01450,Female,0,Yes,No,17,Yes,No phone service,No,No,No,Month-to-month,Yes,Electronic check,89.24,1517.08,Yes
CUST-01451,Male,0,No,No,1,Yes,No,DSL,Yes,No,Month-to-month,No,Mailed check,88.45,88.45,Yes
CUST-01452,Female,1,Yes,No,71,Yes,Yes,Fiber optic,No internet service,No internet service,Month-to-month,Yes,Bank transfer,80.56,5719.76,Yes
CUST-01453,Male,0,No,No,50,Yes,Yes,Fiber optic,Yes,No internet service,Month-to-month,Yes,Bank transfer,22.08,1104.0,Yes
CUST-01454,Male,0,Yes,No,9,Yes,Yes,No,No,No internet service,Two year,No,Mailed check,77.68,714.92,No
CUST-01455,Male,1,Yes,No,13,Yes,No,DSL,No,No,Two year,Yes,Mailed check,100.11,1324.8,Yes
CUST-01456,Female,1,No,Yes,25,Yes,No,No,No internet service,No,Month-to-month,No,Electronic check,58.33,1458.25,No
CUST-01457,Female,0,No,No,46,Yes,Yes,No,No,No,Month-to-month,No,Bank transfer,77.87,3582.02,No
CUST-01458,Female,0,No,No,29,Yes,No,No,No,No,Month-to-month,No,Credit card,112.5,3262.5,Yes
CUST-01459,Male,0,No,No,55,Yes,No,No,No,No,Two year,Yes,Bank transfer,35.55,1955.25,No
CUST-01460,Male,0,Yes,Yes,41,Yes,Yes,No,No internet service,No internet service,Month-to-month,No,Credit card,46.61,1944.85,No
CUST-01461,Male,0,No,No,3,Yes,No,Fiber optic,No internet service,No,One year,Yes,Mailed check,29.25,87.75,Yes
CUST-01462,Male,0,Yes,No,10,Yes,Yes,No,Yes,Yes,One year,Yes,Bank transfer,69.02,719.06,No
CUST-01463,Male,0,Yes,Yes,23,Yes,Yes,Fiber optic,No internet service,Yes,Month-to-month,No,Mailed check,103.64,2386.74,Yes
CUST-01464,Male,0,No,No,66,Yes,No,Fiber optic,No,No internet service,One year,No,Bank transfer,62.39,4117.74,No
CUST-01465,Female,0,No,No,36,Yes,Yes,Fiber optic,Yes,Yes,Month-to-month,Yes,Credit card,25.12,920.4,No
CUST-01466,Female,0,No,No,1,Yes,No,No,Yes,No,Month-to-month,Yes,Mailed check,44.88,74.47,Yes
CUST-01467,Female,0,No,No,11,Yes,No phone service,DSL,No internet service,No,Month-to-month,Yes,Electronic check,108.75,1196.25,Yes
CUST-01468,Female,0,No,No,20,Yes,Yes,No,No,No internet service,Month-to-month,Yes,Bank transfer,74.87,1594.84,Yes
CUST-01469,Male,0,Yes,No,68,Yes,Yes,DSL,Yes,No,Two year,No,Credit card,111.24,7564.32,No
CUST-01470,Male,1,Yes,Yes,70,No,No,Fiber optic,Yes,Yes,One year,Yes,Electronic check,103.11,7240.75,Yes
CUST-01471,Female,0,No,No,63,Yes,Yes,DSL,Yes,Yes,Two year,Yes,Mailed check,60.26,3818.07,No
CUST-01472,Male,0,Yes,No,67,Yes,Yes,Fiber optic,No,Yes,Month-to-month,No,Bank transfer,82.62,5543.91,No
CUST-01473,Female,0,Yes,No,42,Yes,No,No,No internet service,Yes,Month-to-month,Yes,Bank transfer,85.77,3602.34,No
CUST-01474,Female,0,Yes,No,53,Yes,No phone service,Fiber optic,No,No internet service,Month-to-month,Yes,Electronic check,94.17,4995.62,No
CUST-01475,Female,1,No,Yes,61,Yes,Yes,Fiber optic,No,No,Two year,No,Electronic check,51.96,3169.74,No
CUST-01476,Male,0,Yes,No,72,No,No phone service,DSL,Yes,Yes,Month-to-month,Yes,Mailed check,47.48,3432.76,No
CUST-01477,Female,0,No,No,11,Yes,No,No,No,No,Month-to-month,Yes,Electronic check,87.83,1042.68,Yes
CUST-01478,Female,0,No,Yes,0,Yes,No,No,No,No,Month-to-month,No,Bank transfer,101.51,0.0,Yes
CUST-01479,Female,0,Yes,Yes,71,Yes,No,Fiber optic,Yes,No,Month-to-month,Yes,Bank transfer,60.25,4277.75,No
CUST-01480,Male,0,No,Yes,32,No,Yes,Fiber optic,No internet service,No internet service,Month-to-month,No,Bank transfer,50.75,1626.23,Yes
CUST-01481,Male,0,No,No,63,Yes,Yes,Fiber optic,No internet service,No,Month-to-month,No,Bank transfer,102.2,6438.6,No
CUST-01482,Female,0,No,Yes,67,Yes,Yes,Fiber optic,No,No,Month-to-month,No,Electronic check,88.07,5900.69,Yes
CUST-01483,Male,0,No,Yes,13,No,Yes,DSL,No,No,Month-to-month,Yes,Electronic check,53.04,689.52,Yes
CUST-01484,Male,0,Yes,No,13,No,No phone service,No,No,Yes,One year,Yes,Credit card,72.03,936.39,No
CUST-01485,Male,1,No,No,8,No,No,No,Yes,No,One year,Yes,Mailed check,116.01,928.08,No
CUST-01486,Male,0,Yes,Yes,72,Yes,No,DSL,No,No,One year,Yes,Electronic check,94.49,6876.32,No
CUST-01487,Male,0,No,Yes,25,Yes,No,No,No,No,Month-to-month,Yes,Mailed check,40.61,1068.0,No
CUST-01488,Male,0,No,Yes,48,Yes,No phone service,DSL,No,Yes,One year,Yes,Electronic check,48.09,2308.32,No
CUST-01489,Male,1,No,Yes,16,Yes,No phone service,Fiber optic,No internet service,No,Month-to-month,Yes,Credit card,45.05,720.8,Yes
CUST-01490,Male,0,Yes,Yes,67,Yes,No,Fiber optic,No,No,Two year,No,Electronic check,104.53,7003.51,No
CUST-01491,Male,0,Yes,No,59,Yes,Yes,DSL,No,No,Month-to-month,Yes,Bank transfer,83.42,4921.78,No
CUST-01492,Male,0,Yes,Yes,2,Yes,Yes,DSL,No,No,Month-to-month,No,Electronic check,113.88,260.23,Yes
CUST-01493,Female,0,Yes,No,24,Yes,Yes,DSL,No,Yes,Month-to-month,Yes,Mailed check,27.28,654.72,No
CUST-01494,Female,0,Yes,No,20,Yes,Yes,Fiber optic,Yes,Yes,One year,No,Bank transfer,23.3,513.09,Yes
CUST-01495,Male,0,No,No,11,Yes,Yes,No,Yes,No internet service,Month-to-month,No,Electronic check,86.97,956.67,Yes
CUST-01496,Female,0,Yes,No,53,Yes,No phone service,Fiber optic,No,No,Month-to-month,Yes,Bank transfer,45.2,2395.6,No
CUST-01497,Female,0,No,No,0,Yes,No phone service,Fiber optic,Yes,Yes,Month-to-month,Yes,Bank transfer,87.28,26.92,No
CUST-01498,Male,0,Yes,No,0,Yes,No,Fiber optic,No,Yes,Month-to-month,No,Bank transfer,91.79,0.0,Yes
CUST-01499,Male,0,No,No,44,Yes,No,Fiber optic,No,No internet service,Month-to-month,Yes,Credit card,49.06,2168.71,No
CUST-01500,Male,0,No,Yes,45,Yes,No,No,No,Yes,Month-to-month,Yes,Mailed check,115.17,5190.32,No
CUST-01501,Female,0,No,Yes,47,No,Yes,Fiber optic,No,No,Two year,Yes,Mailed check,97.02,4559.94,No
CUST-01502,Female,0,No,No,6,Yes,No phone service,DSL,No internet service,No,Month-to-month,Yes,Electronic check,55.47,399.75,Yes
CUST-01503,Male,0,Yes,No,9,Yes,Yes,DSL,No,No,One year,No,Bank transfer,60.04,574.81,No
CUST-01504,Male,0,No,No,14,No,No,No,No,Yes,Month-to-month,Yes,Electronic check,91.02,1274.28,No
CUST-01505,Male,0,Yes,No,39,Yes,Yes,DSL,No internet service,Yes,Month-to-month,No,Mailed check,49.01,1911.39,No
CUST-01506,Female,0,Yes,No,10,Yes,No,No,No,No internet service,Two year,Yes,Bank transfer,48.13,481.3,No
CUST-01507,Female,0,No,No,55,Yes,No,DSL,Yes,Yes,One year,No,Mailed check,81.74,4495.7,No
CUST-01508,Female,0,No,No,45,Yes,No,Fiber optic,No,No,Month-to-month,Yes,Bank transfer,31.75,1428.75,Yes
CUST-01509,Female,0,No,No,44,Yes,Yes,DSL,Yes,No internet service,One year,No,Bank transfer,119.32,5250.08,Yes
CUST-01510,Male,0,Yes,No,12,Yes,Yes,No,No,No,Two year,Yes,Credit card,47.3,567.6,No
CUST-01511,Male,0,Yes,No,26,Yes,No,Fiber optic,Yes,No,Two year,No,Bank transfer,57.04,1487.07,No
CUST-01512,Male,0,Yes,Yes,49,No,Yes,DSL,No internet service,No,One year,Yes,Electronic check,40.88,2003.12,No
CUST-01513,Male,0,Yes,No,60,Yes,No,DSL,No,No internet service,One year,No,Mailed check,83.64,5018.4,Yes
CUST-01514,Female,0,Yes,Yes,12,Yes,No,DSL,No,No internet service,Month-to-month,Yes,Mailed check,24.17,290.04,Yes
CUST-01515,Female,0,Yes,Yes,11,Yes,No,No,Yes,Yes,Two year,Yes,Mailed check,112.64,1254.97,No
CUST-01516,Male,1,Yes,No,28,Yes,Yes,Fiber optic,No internet service,Yes,Month-to-month,Yes,Bank transfer,49.01,1372.28,Yes
CUST-01517,Male,1,No,Yes,19,Yes,No,No,Yes,No internet service,Month-to-month,No,Electronic check,112.59,2139.21,Yes
CUST-01518,Female,0,Yes,No,30,Yes,Yes,DSL,No internet service,No internet service,Two year,Yes,Credit card,43.86,1357.47,No
CUST-01519,Male,0,No,Yes,7,Yes,Yes,Fiber optic,No,Yes,Month-to-month,No,Credit card,70.41,492.87,No
CUST-01520,Female,0,Yes,No,23,Yes,Yes,No,No,No internet service,Month-to-month,Yes,Electronic check,88.91,2071.19,Yes
CUST-01521,Male,0,No,Yes,38,Yes,Yes,No,No,Yes,Month-to-month,Yes,Electronic check,80.49,3129.69,Yes
CUST-01522,Male,0,No,No,32,Yes,No,DSL,Yes,Yes,Two year,No,Electronic check,70.27,2248.64,No
CUST-01523,Male,0,Yes,Yes,41,Yes,Yes,Fiber optic,No,No,Month-to-month,Yes,Bank transfer,98.43,4035.63,Yes
CUST-01524,Male,0,No,No,14,Yes,No,Fiber optic,Yes,No,Month-to-month,Yes,Bank transfer,65.99,923.86,No
CUST-01525,Male,0,Yes,No,67,No,No,Fiber optic,Yes,Yes,Month-to-month,Yes,Credit card,51.98,3482.66,No
CUST-01526,Male,0,No,No,64,Yes,No,DSL,No internet service,No internet service,Month-to-month,Yes,Electronic check,91.3,5893.22,Yes
CUST-01527,Male,0,Yes,Yes,31,Yes,Yes,DSL,No internet service,No,Two year,Yes,Electronic check,113.6,3521.6,No
CUST-01528,Female,0,No,Yes,10,Yes,No,No,No internet service,No,Month-to-month,Yes,Mailed check,79.34,894.96,Yes
CUST-01529,Female,0,Yes,Yes,36,Yes,No,DSL,No internet service,No,Month-to-month,Yes,Credit card,46.53,1675.08,Yes
CUST-01530,Female,0,Yes,No,18,Yes,Yes,Fiber optic,No internet service,Yes,Month-to-month,Yes,Bank transfer,95.81,1724.58,Yes
CUST-01531,Female,0,No,No,50,Yes,No,No,No internet service,No,Month-to-month,Yes,Electronic check,95.72,4852.31,Yes
CUST-01532,Female,0,Yes,No,33,Yes,Yes,Fiber optic,Yes,No,One year,Yes,Bank transfer,45.22,1492.26,No
CUST-01533,Male,1,No,Yes,70,Yes,Yes,No,Yes,No,Month-to-month,Yes,Mailed check,57.23,4011.57,No
CUST-01534,Male,0,Yes,No,59,No,No phone service,DSL,Yes,Yes,Month-to-month,Yes,Electronic check,32.38,1937.62,No
CUST-01535,Female,1,No,No,52,Yes,Yes,Fiber optic,Yes,Yes,Month-to-month,No,Bank transfer,26.13,1414.52,No
CUST-01536,Male,1,Yes,Yes,11,Yes,No,DSL,No internet service,Yes,Two year,Yes,Bank transfer,100.35,1148.57,No
CUST-01537,Female,0,No,No,61,Yes,Yes,DSL,No internet service,No internet service,One year,No,Credit card,56.0,3429.11,No
CUST-01538,Female,0,No,No,65,Yes,No phone service,DSL,No,No internet service,Month-to-month,Yes,Bank transfer,46.69,3099.63,Yes
CUST-01539,Male,0,Yes,Yes,47,Yes,Yes,Fiber optic,Yes,No internet service,Month-to-month,Yes,Bank transfer,44.12,2142.03,No
CUST-01540,Male,1,Yes,Yes,39,Yes,Yes,Fiber optic,No,No internet service,One year,Yes,Bank transfer,25.63,1032.06,Yes
CUST-01541,Male,0,Yes,Yes,23,Yes,No,Fiber optic,No,No,Two year,Yes,Bank transfer,118.46,2724.58,No
CUST-01542,Female,0,No,No,49,Yes,No,DSL,No internet service,Yes,One year,Yes,Mailed check,55.44,2724.15,No
CUST-01543,Male,0,Yes,Yes,67,Yes,No,Fiber optic,No,No,Month-to-month,No,Bank transfer,34.75,2369.31,Yes
CUST-01544,Female,0,Yes,Yes,42,Yes,No,DSL,No,No,Two year,Yes,Credit card,106.14,4457.88,No
CUST-01545,Female,0,Yes,No,16,Yes,Yes,DSL,No,Yes,Month-to-month,Yes,Mailed check,91.76,1503.09,No
CUST-01546,Female,0,Yes,Yes,54,Yes,No,Fiber optic,Yes,Yes,Month-to-month,Yes,Mailed check,85.59,4621.86,No
CUST-01547,Male,0,No,Yes,33,Yes,No,Fiber optic,No,Yes,Month-to-month,No,Bank transfer,48.32,1594.56,No
CUST-01548,Male,1,No,No,69,Yes,No,Fiber optic,No,Yes,Month-to-month,Yes,Electronic check,60.38,4173.7,No
CUST-01549,Female,0,No,Yes,59,Yes,Yes,Fiber optic,No internet service,Yes,Month-to-month,Yes,Bank transfer,103.79,6123.61,Yes
CUST-01550,Male,1,No,No,50,Yes,No,DSL,No internet service,Yes,Two year,Yes,Mailed check,83.27,4176.14,No
CUST-01551,Male,0,No,No,72,Yes,No phone service,No,No,No,Month-to-month,No,Bank transfer,53.26,3834.72,No
CUST-01552,Male,0,Yes,No,34,Yes,No,Fiber optic,No,Yes,One year,No,Credit card,29.15,1020.0,No
CUST-01553,Female,0,Yes,No,33,Yes,Yes,DSL,Yes,No internet service,Two year,Yes,Credit card,109.83,3624.39,No
CUST-01554,Female,0,No,Yes,15,Yes,No,Fiber optic,Yes,No internet service,One year,No,Credit card,115.46,1827.67,No
CUST-01555,Male,0,No,No,17,No,No,Fiber optic,No internet service,No internet service,One year,Yes,Bank transfer,91.32,1552.44,No
CUST-01556,Female,0,No,No,37,Yes,Yes,Fiber optic,No,No,Two year,No,Bank transfer,88.52,3318.08,Yes
CUST-01557,Male,0,Yes,No,42,Yes,No,No,No,No,Month-to-month,No,Mailed check,72.85,3059.7,No
CUST-01558,Male,1,Yes,No,31,Yes,No,No,No internet service,No,Month-to-month,Yes,Mailed check,117.09,3655.83,Yes
CUST-01559,Male,1,Yes,No,6,Yes,Yes,No,No,Yes,Two year,Yes,Mailed check,88.8,569.42,Yes
CUST-01560,Male,0,No,No,45,Yes,Yes,Fiber optic,No internet service,No,Month-to-month,No,Electronic check,25.83,1162.35,Yes
CUST-01561,Female,0,No,No,60,Yes,Yes,Fiber optic,Yes,No internet service,Month-to-month,Yes,Credit card,27.36,1641.6,No
CUST-01562,Female,0,No,No,17,Yes,Yes,DSL,No,No,Month-to-month,No,Electronic check,116.28,1976.76,Yes
CUST-01563,Female,0,Yes,No,70,Yes,Yes,No,Yes,No,Two year,No,Electronic check,114.21,7994.7,No
CUST-01564,Male,1,No,No,39,Yes,Yes,DSL,No internet service,No,Two year,Yes,Credit card,74.9,2962.8,No
CUST-01565,Male,0,Yes,No,49,Yes,Yes,Fiber optic,No,No,Month-to-month,No,Electronic check,39.84,1954.24,Yes
CUST-01566,Male,0,Yes,No,4,No,No,DSL,No,No internet service,Month-to-month,Yes,Bank transfer,77.52,310.08,No
CUST-01567,Female,1,No,No,53,Yes,No,DSL,No,Yes,Month-to-month,Yes,Credit card,95.88,5081.64,Yes
CUST-01568,Male,0,Yes,No,57,Yes,No,DSL,No internet service,No internet service,One year,Yes,Electronic check,18.84,1073.88,No
CUST-01569,Female,1,Yes,Yes,21,No,No,DSL,No,No,Month-to-month,Yes,Electronic check,101.93,2140.53,Yes
CUST-01570,Female,0,No,No,37,Yes,Yes,DSL,Yes,No internet service,Month-to-month,No,Electronic check,65.41,2420.17,No
CUST-01571,Female,0,No,Yes,48,Yes,No,DSL,No internet service,No,One year,Yes,Bank transfer,65.24,3131.52,No
CUST-01572,Female,0,Yes,No,0,Yes,Yes,Fiber optic,No internet service,No,One year,No,Electronic check,62.3,0.0,Yes
CUST-01573,Female,0,No,No,35,Yes,No,Fiber optic,Yes,No internet service,One year,Yes,Electronic check,88.57,3102.52,No
CUST-01574,Female,0,Yes,Yes,27,Yes,Yes,Fiber optic,No,No internet service,Month-to-month,Yes,Electronic check,39.37,1105.4,Yes
CUST-01575,Male,0,No,No,34,Yes,Yes,Fiber optic,No,Yes,One year,Yes,Mailed check,79.88,2715.92,Yes
CUST-01576,Male,0,No,No,59,No,Yes,No,No,No,Month-to-month,Yes,Credit card,22.5,1327.5,Yes
CUST-01577,Female,0,No,Yes,61,Yes,No phone service,Fiber optic,No,Yes,Month-to-month,Yes,Electronic check,100.76,6148.85,Yes
CUST-01578,Female,0,No,No,45,No,Yes,DSL,Yes,Yes,Month-to-month,Yes,Electronic check,101.18,4574.43,No
CUST-01579,Male,0,Yes,No,60,Yes,Yes,DSL,No,No,Month-to-month,No,Credit card,49.81,3074.44,No
CUST-01580,Female,0,Yes,Yes,64,No,Yes,Fiber optic,No internet service,Yes,Month-to-month,Yes,Electronic check,28.75,1840.0,No
CUST-01581,Female,0,Yes,No,25,Yes,No,No,Yes,No,Month-to-month,Yes,Bank transfer,94.27,2358.46,No
CUST-01582,Male,0,Yes,No,34,Yes,No,DSL,No,No internet service,Month-to-month,Yes,Electronic check,65.96,2303.34,Yes
CUST-01583,Female,0,No,Yes,56,Yes,No,Fiber optic,No internet service,No internet service,Month-to-month,No,Electronic check,112.35,6291.6,Yes
CUST-01584,Female,0,Yes,Yes,62,Yes,Yes,DSL,Yes,Yes,Month-to-month,No,Mailed check,54.06,3379.53,No
CUST-01585,Female,0,Yes,No,3,Yes,No,Fiber optic,No internet service,Yes,Month-to-month,Yes,Mailed check,103.83,337.65,Yes
CUST-01586,Male,0,Yes,No,41,Yes,Yes,Fiber optic,Yes,No,Month-to-month,Yes,Bank transfer,20.58,874.68,Yes
CUST-01587,Male,0,No,Yes,44,Yes,Yes,Fiber optic,Yes,Yes,One year,No,Credit card,96.82,4260.08,Yes
CUST-01588,Male,1,Yes,Yes,38,Yes,No,Fiber optic,No,Yes,Month-to-month,Yes,Bank transfer,87.18,3312.84,Yes
CUST-01589,Female,0,No,No,64,Yes,No,No,No,Yes,One year,Yes,Credit card,71.68,4587.52,No
CUST-01590,Female,0,Yes,No,21,No,No phone service,DSL,Yes,No internet service,One year,No,Electronic check,110.86,2328.06,No
CUST-01591,Male,0,Yes,No,10,Yes,No,Fiber optic,Yes,No internet service,Two year,Yes,Mailed check,114.09,1140.9,Yes
CUST-01592,Female,0,No,No,36,Yes,No,Fiber optic,No,No internet service,Month-to-month,Yes,Bank transfer,112.83,4087.88,No
CUST-01593,Female,1,No,No,50,Yes,No,No,Yes,No,Month-to-month,No,Bank transfer,78.98,3990.99,Yes
CUST-01594,Female,0,No,No,57,Yes,No,No,Yes,No,One year,Yes,Mailed check,70.98,4045.86,No
CUST-01595,Female,0,No,No,6,Yes,Yes,DSL,No,No internet service,Month-to-month,Yes,Credit card,45.44,317.59,No
CUST-01596,Female,0,Yes,No,7,Yes,Yes,No,No,No,Month-to-month,Yes,Electronic check,34.53,241.71,Yes
CUST-01597,Male,0,Yes,No,50,Yes,Yes,DSL,No internet service,No,Two year,Yes,Credit card,74.82,3741.0,No
CUST-01598,Female,0,No,No,22,Yes,Yes,DSL,No,No internet service,Two year,No,Mailed check,33.15,730.65,No
CUST-01599,Male,0,Yes,No,8,Yes,Yes,Fiber optic,Yes,No,One year,No,Electronic check,35.56,289.32,No
CUST-01600,Female,0,No,No,45,Yes,No phone service,Fiber optic,No,No,Month-to-month,Yes,Credit card,54.39,2515.26,Yes
CUST-01601,Male,0,No,No,37,Yes,No,Fiber optic,No internet service,No,One year,No,Electronic check,37.05,1402.54,Yes
CUST-01602,Female,0,Yes,Yes,12,Yes,No,Fiber optic,No,Yes,Month-to-month,Yes,Mailed check,69.18,843.98,Yes
CUST-01603,Male,0,No,No,6,Yes,Yes,Fiber optic,No,Yes,Two year,No,Electronic check,85.7,514.2,No
CUST-01604,Female,0,Yes,No,10,Yes,Yes,No,No internet service,No internet service,One year,No,Bank transfer,89.19,891.9,No
CUST-01605,Male,0,Yes,Yes,49,Yes,No,No,No,No,Month-to-month,Yes,Mailed check,72.34,3544.66,Yes
CUST-01606,Female,1,Yes,No,66,Yes,No,Fiber optic,Yes,Yes,Month-to-month,Yes,Bank transfer,71.22,4700.52,Yes
CUST-01607,Male,0,No,Yes,40,No,No,DSL,No internet service,No,One year,No,Electronic check,66.43,2743.48,No
CUST-01608,Female,1,Yes,No,28,Yes,No phone service,No,Yes,No,Two year,No,Credit card,43.02,1204.56,No
CUST-01609,Male,0,No,Yes,36,Yes,Yes,Fiber optic,No internet service,No internet service,Two year,No,Electronic check,84.73,3059.39,No
CUST-01610,Male,0,No,No,55,Yes,Yes,No,No,No internet service,Two year,Yes,Mailed check,85.02,4676.1,No
CUST-01611,Female,0,No,No,15,No,Yes,DSL,No,Yes,Month-to-month,Yes,Mailed check,44.09,661.35,No
CUST-01612,Female,0,No,Yes,43,Yes,No,Fiber optic,No,No,Month-to-month,Yes,Electronic check,89.46,3854.15,Yes
CUST-01613,Male,0,Yes,No,49,Yes,Yes,No,Yes,No,One year,Yes,Credit card,105.52,5177.95,No
CUST-01614,Female,0,Yes,Yes,70,Yes,No,Fiber optic,Yes,No internet service,Month-to-month,No,Mailed check,78.66,5564.23,No
CUST-01615,Male,0,Yes,No,5,Yes,No phone service,Fiber optic,No,Yes,Two year,No,Electronic check,29.99,149.95,Yes
CUST-01616,Male,1,No,No,17,Yes,No phone service,No,Yes,Yes,One year,Yes,Credit card,51.38,873.46,No
CUST-01617,Male,0,No,Yes,18,Yes,No,Fiber optic,Yes,No internet service,Two year,Yes,Bank transfer,27.46,494.28,No
CUST-01618,Female,0,No,No,50,Yes,No phone service,Fiber optic,No,No,Month-to-month,Yes,Mailed check,48.81,2451.52,No
CUST-01619,Male,0,No,Yes,65,Yes,No phone service,DSL,No,No,Month-to-month,Yes,Bank transfer,39.62,2628.88,No
CUST-01620,Male,0,No,No,2,No,No,Fiber optic,Yes,No internet service,Month-to-month,Yes,Mailed check,74.57,200.81,No
CUST-01621,Female,0,Yes,No,53,No,Yes,DSL,No,No,Month-to-month,No,Bank transfer,61.2,3329.31,No
CUST-01622,Female,0,No,No,48,Yes,Yes,DSL,Yes,No,One year,No,Electronic check,91.71,4402.08,Yes
CUST-01623,Female,1,No,No,27,No,Yes,Fiber optic,No internet service,No,Month-to-month,Yes,Credit card,55.03,1502.41,No
CUST-01624,Female,0,Yes,No,37,Yes,Yes,DSL,Yes,No,One year,No,Electronic check,33.78,1272.25,No
CUST-01625,Male,0,No,No,27,Yes,No,No,No,No,Month-to-month,Yes,Electronic check,42.07,1135.89,Yes
CUST-01626,Male,0,Yes,No,31,No,No,Fiber optic,Yes,No,Two year,Yes,Electronic check,73.67,2331.75,Yes
CUST-01627,Male,1,No,Yes,40,Yes,Yes,Fiber optic,No,Yes,One year,Yes,Mailed check,63.89,2555.6,No
CUST-01628,Male,0,No,No,35,Yes,Yes,DSL,No internet service,No internet service,Two year,Yes,Bank transfer,22.35,782.25,No
CUST-01629,Female,0,No,Yes,35,Yes,Yes,DSL,No internet service,No,Month-to-month,No,Mailed check,39.41,1379.35,No
CUST-01630,Male,0,Yes,Yes,65,Yes,Yes,DSL,No,Yes,Month-to-month,No,Mailed check,48.27,3288.5,Yes
CUST-01631,Male,0,No,No,9,Yes,Yes,DSL,No internet service,No,Two year,Yes,Credit card,91.99,827.91,No
CUST-01632,Female,0,No,No,69,Yes,Yes,No,No internet service,Yes,Month-to-month,No,Electronic check,92.5,6429.99,No
CUST-01633,Male,0,Yes,No,71,Yes,Yes,No,No,No,Month-to-month,Yes,Mailed check,89.19,6333.82,No
CUST-01634,Male,0,No,No,62,No,No,No,No internet service,No internet service,Two year,No,Bank transfer,101.48,6291.76,No
CUST-01635,Male,0,No,No,21,Yes,Yes,Fiber optic,No,Yes,Month-to-month,No,Mailed check,107.14,2305.3,Yes
CUST-01636,Male,0,No,No,19,No,No,Fiber optic,No,Yes,Month-to-month,Yes,Credit card,25.25,479.75,No
CUST-01637,Male,0,Yes,Yes,32,Yes,Yes,Fiber optic,No,No,Month-to-month,Yes,Credit card,68.29,2185.28,No
CUST-01638,Male,0,No,No,14,Yes,Yes,DSL,Yes,No,Month-to-month,No,Bank transfer,33.19,464.66,No
CUST-01639,Female,0,No,No,6,Yes,No,Fiber optic,No,No,One year,Yes,Credit card,54.11,324.66,Yes
CUST-01640,Female,0,Yes,No,49,Yes,Yes,DSL,Yes,No,Month-to-month,Yes,Electronic check,85.65,4196.85,Yes
CUST-01641,Male,0,Yes,No,9,Yes,Yes,Fiber optic,No,Yes,One year,No,Electronic check,79.37,714.33,Yes
CUST-01642,Male,0,No,No,36,Yes,No phone service,DSL,Yes,Yes,Month-to-month,Yes,Credit card,31.11,1119.96,No
CUST-01643,Female,0,No,No,58,Yes,No,Fiber optic,No,Yes,Two year,No,Mailed check,95.22,5546.58,No
CUST-01644,Male,1,No,No,62,Yes,No,DSL,No,No,Month-to-month,No,Credit card,98.28,6227.48,Yes
CUST-01645,Male,0,Yes,No,20,No,No,DSL,Yes,Yes,One year,No,Bank transfer,32.2,647.69,No
CUST-01646,Male,0,Yes,No,36,Yes,No phone service,Fiber optic,No,No,Two year,Yes,Electronic check,80.8,2908.8,Yes
CUST-01647,Female,0,Yes,Yes,44,Yes,Yes,DSL,No,Yes,One year,No,Electronic check,114.41,5147.31,No
CUST-01648,Male,0,Yes,Yes,13,Yes,No,DSL,No,No internet service,Month-to-month,Yes,Mailed check,27.58,432.39,Yes
CUST-01649,Female,0,No,Yes,42,Yes,No,Fiber optic,No,No internet service,Month-to-month,Yes,Bank transfer,34.79,1488.7,Yes
CUST-01650,Male,0,No,No,32,Yes,Yes,Fiber optic,No,No,Month-to-month,Yes,Electronic check,96.08,3081.42,Yes
CUST-01651,Female,0,No,No,2,Yes,No,No,Yes,No internet service,One year,Yes,Electronic check,52.37,124.5,Yes
CUST-01652,Female,0,Yes,No,43,Yes,Yes,Fiber optic,No internet service,No internet service,Month-to-month,Yes,Bank transfer,115.47,4965.21,No
CUST-01653,Male,0,No,Yes,34,Yes,No,No,No,No,Two year,Yes,Mailed check,81.69,2777.46,No
CUST-01654,Female,0,Yes,No,24,Yes,No,DSL,No,No internet service,Two year,Yes,Credit card,67.29,1658.66,No
CUST-01655,Male,0,Yes,No,7,Yes,Yes,Fiber optic,Yes,No internet service,Month-to-month,Yes,Mailed check,52.44,439.27,Yes
CUST-01656,Female,0,No,No,61,Yes,No,Fiber optic,No,No,Month-to-month,Yes,Electronic check,42.39,2585.79,No
CUST-01657,Male,1,No,No,17,Yes,No,DSL,No internet service,No internet service,Two year,Yes,Electronic check,84.3,1433.1,No
CUST-01658,Male,1,No,No,27,Yes,No phone service,DSL,Yes,No internet service,Month-to-month,No,Mailed check,78.39,2116.53,No
CUST-01659,Female,0,Yes,Yes,11,Yes,Yes,Fiber optic,No,Yes,Month-to-month,No,Mailed check,54.51,599.61,No
CUST-01660,Male,0,No,Yes,63,Yes,Yes,Fiber optic,Yes,No internet service,One year,Yes,Electronic check,111.61,7046.65,No
CUST-01661,Male,0,No,Yes,1,Yes,No,DSL,No internet service,No,Month-to-month,No,Bank transfer,95.7,132.95,Yes
CUST-01662,Female,0,No,No,58,Yes,Yes,DSL,No,No internet service,Two year,No,Bank transfer,44.53,2582.74,No
CUST-01663,Male,0,Yes,Yes,36,Yes,No,Fiber optic,No internet service,Yes,Two year,Yes,Credit card,114.22,4111.92,No
CUST-01664,Male,0,No,No,3,No,No,DSL,No internet service,Yes,Month-to-month,No,Electronic check,95.06,285.18,Yes
CUST-01665,Female,0,No,No,40,Yes,Yes,No,No,No internet service,Month-to-month,No,Electronic check,109.5,4380.0,No
CUST-01666,Female,0,No,No,44,Yes,Yes,No,Yes,No,Two year,Yes,Credit card,31.89,1482.58,No
CUST-01667,Male,0,Yes,No,33,Yes,No,No,Yes,No internet service,One year,Yes,Electronic check,21.37,708.55,No
CUST-01668,Male,0,Yes,Yes,12,Yes,Yes,DSL,Yes,No,Month-to-month,No,Electronic check,68.28,915.81,No
CUST-01669,Female,0,Yes,No,6,Yes,No,DSL,No,No internet service,Month-to-month,Yes,Mailed check,63.71,421.88,No
CUST-01670,Female,0,Yes,No,31,Yes,Yes,No,No,No,Month-to-month,Yes,Bank transfer,106.72,3308.32,Yes
CUST-01671,Male,1,No,Yes,22,Yes,Yes,Fiber optic,No,No internet service,Two year,Yes,Bank transfer,35.56,789.09,Yes
CUST-01672,Female,0,Yes,No,48,Yes,No,DSL,Yes,No,Month-to-month,Yes,Bank transfer,20.41,979.68,No
CUST-01673,Male,0,Yes,No,71,Yes,Yes,DSL,Yes,No,Month-to-month,No,Credit card,71.98,5110.58,No
CUST-01674,Male,1,Yes,No,46,Yes,No,DSL,No internet service,No internet service,Two year,Yes,Mailed check,36.11,1661.06,No
CUST-01675,Male,1,Yes,No,36,No,Yes,Fiber optic,No,No,Month-to-month,Yes,Electronic check,23.05,869.35,No
CUST-01676,Male,0,Yes,No,47,Yes,No,No,No,No,Month-to-month,No,Bank transfer,20.27,952.69,No
CUST-01677,Male,0,No,No,28,Yes,No phone service,No,Yes,No internet service,Two year,No,Bank transfer,32.53,910.84,No
CUST-01678,Female,0,No,Yes,36,Yes,No,Fiber optic,No,No internet service,Month-to-month,No,Mailed check,56.34,2028.24,No
CUST-01679,Female,0,Yes,Yes,22,Yes,No,DSL,Yes,No internet service,Two year,Yes,Electronic check,108.16,2447.09,No
CUST-01680,Female,0,Yes,Yes,37,Yes,Yes,Fiber optic,No,No,Month-to-month,No,Credit card,95.58,3536.46,No
CUST-01681,Female,0,Yes,No,43,No,Yes,DSL,No,No,Month-to-month,Yes,Electronic check,72.08,3099.44,Yes
CUST-01682,Male,0,Yes,No,4,Yes,No,DSL,No,No,Month-to-month,No,Credit card,61.9,247.6,No
CUST-01683,Male,0,No,No,51,Yes,No,DSL,No internet service,Yes,Two year,Yes,Credit card,64.49,3305.36,No
CUST-01684,Male,0,No,No,39,Yes,No,Fiber optic,No,Yes,Month-to-month,No,Electronic check,108.23,4225.33,No
CUST-01685,Male,0,No,No,10,Yes,No phone service,DSL,No internet service,Yes,Month-to-month,No,Credit card,91.91,967.23,Yes
CUST-01686,Female,0,No,No,1,Yes,Yes,No,Yes,No internet service,Month-to-month,Yes,Bank transfer,35.55,35.55,Yes
CUST-01687,Male,0,Yes,No,34,Yes,No,No,No,No internet service,Month-to-month,Yes,Mailed check,113.85,3959.59,No
CUST-01688,Male,0,No,Yes,44,Yes,Yes,DSL,No,No,One year,No,Bank transfer,96.84,4260.96,Yes
CUST-01689,Female,0,No,No,48,Yes,No,Fiber optic,Yes,No,One year,No,Credit card,21.48,1037.13,No
CUST-01690,Female,0,No,No,34,Yes,Yes,Fiber optic,No internet service,Yes,Two year,Yes,Credit card,69.23,2377.31,Yes
CUST-01691,Female,1,Yes,Yes,71,Yes,No phone service,No,Yes,Yes,Two year,Yes,Mailed check,84.58,6005.18,No
CUST-01692,Female,0,No,No,31,Yes,No,No,No,No,One year,No,Mailed check,24.22,751.54,No
CUST-01693,Male,0,No,No,67,Yes,Yes,DSL,Yes,No internet service,One year,Yes,Bank transfer,54.01,3618.67,No
CUST-01694,Male,0,No,Yes,70,Yes,No,DSL,No,Yes,Month-to-month,Yes,Mailed check,84.13,5922.73,Yes
CUST-01695,Female,0,Yes,Yes,38,No,No,DSL,No,Yes,Two year,No,Mailed check,101.24,3855.09,No
CUST-01696,Male,0,No,Yes,47,Yes,Yes,Fiber optic,No,No internet service,Month-to-month,Yes,Credit card,117.67,5531.87,Yes
CUST-01697,Male,0,No,No,36,Yes,Yes,Fiber optic,No,No,Month-to-month,Yes,Mailed check,30.41,1094.76,Yes
CUST-01698,Male,0,No,No,59,Yes,Yes,Fiber optic,No,Yes,One year,Yes,Credit card,82.51,4896.39,No
CUST-01699,Female,0,No,No,3,Yes,Yes,DSL,No,Yes,Two year,No,Electronic check,109.06,358.5,No
CUST-01700,Male,1,No,No,22,Yes,No,No,No,No,Month-to-month,Yes,Electronic check,91.13,2004.86,Yes
CUST-01701,Female,0,Yes,No,13,Yes,No,DSL,No internet service,No,Two year,Yes,Electronic check,82.5,1104.49,No
CUST-01702,Male,0,No,No,4,Yes,No,Fiber optic,No internet service,No,Month-to-month,Yes,Credit card,39.87,159.48,Yes
CUST-01703,Male,1,Yes,No,65,Yes,No,Fiber optic,No,No internet service,Month-to-month,Yes,Electronic check,101.16,6575.4,Yes
CUST-01704,Male,0,No,No,23,Yes,No phone service,DSL,No,Yes,Month-to-month,Yes,Bank transfer,75.37,1733.51,Yes
CUST-01705,Female,0,Yes,No,17,Yes,No,Fiber optic,No,No,Two year,Yes,Credit card,29.36,499.12,No
CUST-01706,Male,0,No,No,26,Yes,No,Fiber optic,No internet service,Yes,Month-to-month,Yes,Bank transfer,113.43,2949.18,Yes
CUST-01707,Female,0,No,No,23,Yes,Yes,No,Yes,No,Month-to-month,Yes,Credit card,118.82,2759.7,Yes
CUST-01708,Female,0,No,No,28,Yes,Yes,No,No,No,Month-to-month,Yes,Bank transfer,72.84,2068.91,No
CUST-01709,Female,0,No,Yes,10,Yes,Yes,No,Yes,Yes,Month-to-month,Yes,Electronic check,97.2,1000.9,Yes
CUST-01710,Male,0,No,Yes,17,Yes,No,Fiber optic,No,No,Month-to-month,No,Bank transfer,77.5,1317.5,No
CUST-01711,Male,0,No,No,3,Yes,Yes,Fiber optic,No,Yes,Month-to-month,No,Electronic check,61.06,314.6,No
CUST-01712,Male,0,Yes,Yes,32,Yes,Yes,DSL,No internet service,Yes,Month-to-month,No,Credit card,59.73,1911.36,No
CUST-01713,Male,0,Yes,No,41,Yes,No,Fiber optic,No internet service,Yes,Month-to-month,No,Electronic check,116.36,4770.76,Yes
CUST-01714,Female,0,Yes,No,31,Yes,No,No,No,No,Month-to-month,Yes,Mailed check,55.62,1736.88,No
CUST-01715,Female,0,Yes,Yes,50,Yes,No,DSL,Yes,No internet service,Month-to-month,Yes,Mailed check,68.03,3401.5,Yes
CUST-01716,Female,0,No,Yes,3,No,No,Fiber optic,No,No,Month-to-month,Yes,Electronic check,43.35,130.05,Yes
CUST-01717,Male,0,No,Yes,19,Yes,Yes,No,Yes,No internet service,Month-to-month,Yes,Mailed check,43.83,834.97,No
CUST-01718,Female,0,No,Yes,66,Yes,No phone service,No,No,No,Month-to-month,No,Mailed check,54.34,3586.44,No
CUST-01719,Male,0,Yes,No,67,Yes,Yes,DSL,No,No,Two year,No,Mailed check,112.33,7526.11,No
CUST-01720,Female,0,Yes,No,61,Yes,No phone service,Fiber optic,No,No internet service,Month-to-month,No,Mailed check,58.45,3606.83,Yes
CUST-01721,Male,0,No,No,57,Yes,No,DSL,Yes,Yes,Month-to-month,No,Bank transfer,74.33,4278.52,No
CUST-01722,Male,1,No,No,46,Yes,No,No,No internet service,No,One year,Yes,Mailed check,73.67,3467.7,No
CUST-01723,Female,0,Yes,No,58,Yes,No,DSL,No,No,Month-to-month,Yes,Credit card,77.48,4493.84,No
CUST-01724,Female,0,No,No,5,Yes,No,DSL,No,Yes,One year,Yes,Electronic check,101.64,546.67,Yes
CUST-01725,Female,0,No,No,39,No,No,DSL,No internet service,Yes,Month-to-month,Yes,Credit card,109.92,4286.88,Yes
CUST-01726,Female,0,Yes,No,22,No,No phone service,Fiber optic,Yes,No,Month-to-month,Yes,Mailed check,39.29,864.38,No
CUST-01727,Male,0,No,Yes,51,Yes,No phone service,Fiber optic,Yes,No,Month-to-month,Yes,Credit card,105.77,5394.27,Yes
CUST-01728,Female,0,Yes,Yes,3,Yes,No,Fiber optic,No,No,Two year,No,Mailed check,73.87,221.61,No
CUST-01729,Female,0,No,Yes,36,Yes,No,No,No,No,Month-to-month,Yes,Bank transfer,112.3,4073.89,No
CUST-01730,Female,0,Yes,Yes,41,Yes,Yes,DSL,No,No,Two year,Yes,Bank transfer,111.45,4653.43,No
CUST-01731,Male,0,Yes,No,43,Yes,No,Fiber optic,No,No,One year,No,Bank transfer,57.72,2580.6,Yes
CUST-01732,Male,0,No,Yes,41,No,No,Fiber optic,No,No internet service,Two year,Yes,Mailed check,84.49,3515.87,No
CUST-01733,Female,1,Yes,No,28,Yes,No,DSL,Yes,No,One year,Yes,Electronic check,106.88,2992.64,No
CUST-01734,Male,0,No,No,18,Yes,No,No,No,Yes,One year,No,Bank transfer,57.24,1030.32,Yes
CUST-01735,Female,0,Yes,No,31,Yes,Yes,DSL,No internet service,No internet service,One year,Yes,Mailed check,22.47,696.57,No
CUST-01736,Male,0,Yes,No,43,Yes,Yes,Fiber optic,No,Yes,Two year,No,Mailed check,54.7,2378.73,No
CUST-01737,Male,0,Yes,Yes,54,Yes,Yes,Fiber optic,No,No,Month-to-month,Yes,Credit card,55.27,3021.32,Yes
CUST-01738,Male,0,No,No,4,Yes,No,Fiber optic,Yes,No,One year,Yes,Mailed check,100.29,401.16,Yes
CUST-01739,Male,0,No,Yes,45,Yes,Yes,DSL,No internet service,No,One year,Yes,Credit card,49.58,2293.65,No
CUST-01740,Female,0,Yes,No,44,No,No,Fiber optic,Yes,No,Month-to-month,No,Bank transfer,109.19,4922.03,Yes
CUST-01741,Female,0,No,No,20,Yes,Yes,Fiber optic,No,No,Two year,Yes,Credit card,73.96,1497.11,No
CUST-01742,Female,0,No,No,21,Yes,Yes,Fiber optic,No,Yes,Month-to-month,No,Mailed check,77.79,1633.59,Yes
CUST-01743,Male,0,No,No,29,Yes,Yes,No,No,No internet service,Month-to-month,No,Credit card,100.31,2962.72,No
CUST-01744,Female,0,No,No,22,Yes,Yes,Fiber optic,No,No internet service,One year,Yes,Bank transfer,31.73,753.71,No
CUST-01745,Female,1,No,Yes,4,Yes,Yes,DSL,No,No,One year,Yes,Mailed check,19.83,114.1,No
CUST-01746,Female,0,No,Yes,62,No,No,DSL,Yes,No,Month-to-month,No,Electronic check,23.77,1473.74,No
CUST-01747,Male,0,Yes,No,58,Yes,Yes,Fiber optic,No,No,One year,No,Electronic check,21.13,1295.81,No
CUST-01748,Male,0,Yes,No,51,Yes,Yes,Fiber optic,No internet service,Yes,Two year,Yes,Mailed check,89.39,4558.89,No
CUST-01749,Male,1,Yes,No,64,Yes,No phone service,DSL,No,No,Month-to-month,Yes,Bank transfer,42.99,2751.36,No
CUST-01750,Female,0,Yes,Yes,38,Yes,Yes,DSL,Yes,No,One year,No,Mailed check,105.46,4102.69,No
CUST-01751,Female,0,No,No,2,Yes,No,DSL,No,No internet service,Two year,Yes,Electronic check,108.05,216.1,Yes
CUST-01752,Female,0,Yes,No,41,Yes,No phone service,Fiber optic,Yes,No,Month-to-month,No,Mailed check,54.32,2228.49,Yes
CUST-01753,Male,0,Yes,No,70,Yes,No,Fiber optic,No,No internet service,One year,No,Credit card,37.87,2661.88,No
CUST-01754,Male,0,No,No,26,Yes,No,Fiber optic,Yes,No,Month-to-month,Yes,Credit card,68.88,1790.88,Yes
CUST-01755,Female,0,Yes,No,27,Yes,Yes,DSL,No,Yes,Two year,No,Bank transfer,101.21,2732.67,No
CUST-01756,Male,1,Yes,Yes,53,No,No,Fiber optic,No,Yes,Two year,No,Bank transfer,87.86,4656.58,No
CUST-01757,Male,0,Yes,No,14,Yes,No,Fiber optic,No,No,Month-to-month,Yes,Bank transfer,20.63,288.82,Yes
CUST-01758,Male,0,No,Yes,52,Yes,Yes,DSL,No,No,Month-to-month,Yes,Bank transfer,18.73,1032.7,Yes
CUST-01759,Male,0,Yes,Yes,71,Yes,Yes,DSL,No internet service,No internet service,One year,No,Credit card,29.61,2115.44,No
CUST-01760,Female,0,Yes,No,69,No,No,Fiber optic,Yes,Yes,One year,Yes,Electronic check,52.35,3688.06,No
CUST-01761,Male,1,No,No,3,Yes,Yes,No,No,No,Two year,No,Bank transfer,72.76,245.12,No
CUST-01762,Male,0,No,No,16,Yes,No,Fiber optic,No,No internet service,Month-to-month,Yes,Bank transfer,101.39,1665.51,Yes
CUST-01763,Male,0,No,No,33,No,No,No,No internet service,No internet service,Month-to-month,No,Electronic check,32.56,1106.09,No
CUST-01764,Male,0,No,No,5,Yes,Yes,DSL,No,No,Month-to-month,No,Bank transfer,33.55,247.2,Yes
CUST-01765,Female,0,Yes,Yes,35,Yes,Yes,DSL,No,No,Month-to-month,Yes,Electronic check,106.09,3716.11,Yes
CUST-01766,Female,0,Yes,No,38,Yes,Yes,Fiber optic,No,Yes,Month-to-month,Yes,Bank transfer,112.25,4270.14,Yes
CUST-01767,Male,0,Yes,Yes,65,Yes,No,Fiber optic,No internet service,No,Two year,Yes,Bank transfer,74.23,4824.95,No
CUST-01768,Male,0,Yes,No,7,Yes,Yes,Fiber optic,Yes,No,Month-to-month,No,Bank transfer,98.06,731.06,Yes
CUST-01769,Male,1,Yes,No,14,Yes,No,Fiber optic,No internet service,No,One year,No,Credit card,52.95,741.3,Yes
CUST-01770,Male,0,Yes,No,62,Yes,No,DSL,No,No internet service,Month-to-month,No,Credit card,114.52,7136.67,No
CUST-01771,Male,1,No,No,64,Yes,No,Fiber optic,No,No,One year,Yes,Credit card,110.3,7068.82,No
CUST-01772,Male,0,No,Yes,58,Yes,Yes,DSL,Yes,No,Two year,Yes,Bank transfer,104.66,6070.28,No
CUST-01773,Female,0,Yes,No,9,Yes,No,Fiber optic,No,No,Month-to-month,Yes,Credit card,19.32,178.72,No
CUST-01774,Male,0,No,Yes,6,Yes,Yes,Fiber optic,Yes,No internet service,Month-to-month,Yes,Credit card,71.38,428.28,Yes
CUST-01775,Female,0,Yes,Yes,11,Yes,Yes,Fiber optic,No internet service,Yes,Month-to-month,Yes,Credit card,20.72,227.92,Yes
CUST-01776,Female,0,Yes,Yes,45,Yes,Yes,Fiber optic,Yes,No,Two year,Yes,Mailed check,87.1,3936.28,No
CUST-01777,Male,0,No,No,31,Yes,No,Fiber optic,No,No,Two year,No,Credit card,36.71,1223.67,No
CUST-01778,Female,0,Yes,No,31,Yes,No phone service,Fiber optic,No,Yes,Month-to-month,Yes,Mailed check,83.23,2580.13,Yes
CUST-01779,Female,0,Yes,No,60,Yes,Yes,No,Yes,No,One year,No,Credit card,27.99,1679.4,No
CUST-01780,Female,0,Yes,No,68,Yes,No,No,No internet service,Yes,Month-to-month,Yes,Bank transfer,95.17,6573.5,No
CUST-01781,Female,0,No,No,60,Yes,Yes,Fiber optic,No internet service,No internet service,One year,No,Bank transfer,92.1,5526.0,No
CUST-01782,Female,0,No,No,45,Yes,No,Fiber optic,Yes,No,Two year,No,Bank transfer,18.47,919.48,No
CUST-01783,Female,0,Yes,No,67,Yes,Yes,Fiber optic,No internet service,No internet service,Month-to-month,No,Mailed check,98.79,6684.95,No
CUST-01784,Male,0,No,No,54,Yes,No,Fiber optic,No,No internet service,One year,Yes,Bank transfer,34.71,1878.5,Yes
CUST-01785,Female,0,No,No,0,Yes,No,No,Yes,No internet service,Month-to-month,No,Electronic check,29.15,0.0,Yes
CUST-01786,Female,1,No,Yes,66,Yes,No,DSL,No,Yes,One year,Yes,Credit card,69.03,4613.1,No
CUST-01787,Female,0,No,No,48,Yes,Yes,DSL,Yes,No,Month-to-month,Yes,Mailed check,78.19,3761.26,No
CUST-01788,Male,0,Yes,No,24,Yes,No,Fiber optic,Yes,No,One year,No,Mailed check,28.52,776.61,No
CUST-01789,Female,0,Yes,Yes,15,No,No,DSL,No,No internet service,Month-to-month,No,Mailed check,49.08,763.18,No
CUST-01790,Male,0,No,No,12,Yes,Yes,No,No,Yes,Month-to-month,Yes,Bank transfer,59.6,803.85,Yes
CUST-01791,Female,0,No,Yes,51,Yes,Yes,Fiber optic,Yes,No,One year,Yes,Electronic check,114.25,5867.03,Yes
CUST-01792,Male,0,No,Yes,35,Yes,No,Fiber optic,Yes,No,Month-to-month,Yes,Mailed check,43.63,1593.29,Yes
CUST-01793,Male,1,No,Yes,71,Yes,No,DSL,No,No internet service,Month-to-month,No,Credit card,44.57,3182.7,No
CUST-01794,Female,0,No,No,43,No,Yes,Fiber optic,No internet service,No internet service,Month-to-month,No,Credit card,85.26,3666.18,Yes
CUST-01795,Female,0,No,No,46,Yes,No,Fiber optic,Yes,No,Month-to-month,Yes,Electronic check,92.17,4239.82,Yes
CUST-01796,Male,0,No,No,19,Yes,No,DSL,Yes,No,One year,No,Credit card,19.1,362.9,Yes
CUST-01797,Female,0,No,Yes,17,Yes,No phone service,No,No,No,Two year,Yes,Electronic check,31.67,538.39,No
CUST-01798,Male,0,No,No,53,Yes,No phone service,DSL,No internet service,No internet service,Month-to-month,No,Credit card,54.48,2887.44,No
CUST-01799,Male,0,Yes,No,11,No,No,Fiber optic,No,Yes,One year,No,Electronic check,82.47,907.17,Yes
CUST-01800,Male,0,Yes,Yes,24,Yes,Yes,No,Yes,Yes,One year,Yes,Bank transfer,31.68,771.99,No
CUST-01801,Male,1,No,No,59,Yes,No,No,Yes,No,Month-to-month,No,Credit card,54.41,3236.64,No
CUST-01802,Male,0,No,Yes,33,Yes,No,Fiber optic,No,Yes,Month-to-month,Yes,Credit card,26.18,932.46,No
CUST-01803,Female,0,No,Yes,12,Yes,No phone service,Fiber optic,Yes,No,Two year,Yes,Credit card,76.25,927.7,No
CUST-01804,Male,0,No,No,37,Yes,Yes,No,Yes,Yes,Month-to-month,No,Bank transfer,61.49,2299.38,Yes
CUST-01805,Male,0,Yes,No,11,No,No,No,Yes,No internet service,Month-to-month,Yes,Bank transfer,98.38,1082.18,Yes
CUST-01806,Female,0,Yes,Yes,35,Yes,No,Fiber optic,No,No,One year,Yes,Mailed check,76.54,2679.28,No
CUST-01807,Male,0,No,Yes,27,No,Yes,No,No,Yes,One year,No,Mailed check,85.23,2305.05,No
CUST-01808,Female,0,Yes,Yes,38,No,No,Fiber optic,No,No,Two year,Yes,Electronic check,86.46,3390.61,No
CUST-01809,Female,0,Yes,Yes,42,Yes,Yes,DSL,No internet service,No internet service,Two year,Yes,Mailed check,78.14,3303.04,No
CUST-01810,Female,0,Yes,Yes,30,Yes,No,DSL,No internet service,No internet service,Month-to-month,Yes,Credit card,19.64,589.2,No
CUST-01811,Male,1,Yes,No,1,Yes,No,Fiber optic,Yes,No,One year,No,Bank transfer,102.87,114.51,No
CUST-01812,Male,0,No,No,41,Yes,No phone service,Fiber optic,No,No internet service,Two year,No,Bank transfer,111.5,4571.5,No
CUST-01813,Male,1,Yes,No,30,Yes,No phone service,Fiber optic,No,No,Month-to-month,Yes,Bank transfer,72.49,2174.7,Yes
CUST-01814,Female,1,No,No,60,Yes,Yes,Fiber optic,Yes,No,One year,No,Bank transfer,29.44,1768.99,No
CUST-01815,Male,0,Yes,No,55,Yes,Yes,Fiber optic,No internet service,No,Month-to-month,No,Electronic check,84.78,4685.16,Yes
CUST-01816,Female,0,No,Yes,13,Yes,No,DSL,No internet service,No,Month-to-month,No,Mailed check,55.1,735.44,No
CUST-01817,Male,0,Yes,Yes,13,Yes,No,Fiber optic,Yes,Yes,One year,Yes,Bank transfer,25.47,331.11,No
CUST-01818,Female,0,No,No,28,Yes,No,No,No internet service,No,Two year,No,Electronic check,105.13,2943.64,No
CUST-01819,Male,0,No,Yes,49,Yes,Yes,Fiber optic,No,No,Month-to-month,No,Credit card,90.59,4438.91,Yes
CUST-01820,Male,0,Yes,Yes,49,Yes,No,DSL,Yes,No,Month-to-month,No,Mailed check,100.09,4904.41,No
CUST-01821,Male,1,No,Yes,62,Yes,No,Fiber optic,No,No,Two year,Yes,Electronic check,99.2,6150.4,No
CUST-01822,Female,0,No,No,72,Yes,Yes,No,Yes,No,Month-to-month,Yes,Bank transfer,54.48,3933.22,No
CUST-01823,Female,0,Yes,No,64,Yes,Yes,Fiber optic,No internet service,Yes,One year,Yes,Bank transfer,67.19,4300.16,No
CUST-01824,Male,0,Yes,No,67,Yes,No,Fiber optic,No internet service,Yes,Month-to-month,No,Bank transfer,41.83,2848.31,No
CUST-01825,Male,1,No,No,70,Yes,No,DSL,Yes,No,Month-to-month,No,Credit card,95.0,6683.6,No
CUST-01826,Female,0,No,No,10,Yes,No phone service,DSL,No,No,Month-to-month,No,Mailed check,71.44,755.54,Yes
CUST-01827,Female,1,Yes,No,13,Yes,No,DSL,Yes,No internet service,Month-to-month,Yes,Bank transfer,84.3,1169.25,No
CUST-01828,Female,0,Yes,Yes,2,Yes,Yes,DSL,No internet service,No,Month-to-month,Yes,Mailed check,54.38,132.51,Yes
CUST-01829,Male,0,No,Yes,7,Yes,No,Fiber optic,No internet service,No,Month-to-month,Yes,Credit card,87.28,613.64,Yes
CUST-01830,Female,0,No,Yes,42,Yes,Yes,Fiber optic,Yes,No,Month-to-month,Yes,Electronic check,86.46,3631.32,No
CUST-01831,Male,0,No,Yes,8,No,No,Fiber optic,No,No internet service,Month-to-month,Yes,Mailed check,96.56,807.64,No
CUST-01832,Female,0,Yes,Yes,18,No,Yes,DSL,No,No internet service,Month-to-month,No,Electronic check,33.85,613.15,Yes
CUST-01833,Male,0,No,Yes,11,Yes,No,Fiber optic,No internet service,No internet service,Two year,Yes,Mailed check,81.61,897.71,No
CUST-01834,Female,0,Yes,No,26,Yes,No,Fiber optic,No,No,Month-to-month,Yes,Bank transfer,107.71,2800.46,Yes
CUST-01835,Female,0,Yes,No,57,Yes,Yes,No,Yes,No,Month-to-month,Yes,Bank transfer,27.6,1647.05,No
CUST-01836,Female,0,No,No,24,Yes,Yes,Fiber optic,No,No,Month-to-month,Yes,Electronic check,116.0,2784.0,Yes
CUST-01837,Female,1,No,No,44,Yes,Yes,DSL,Yes,Yes,Month-to-month,Yes,Mailed check,39.19,1741.55,No
CUST-01838,Female,0,Yes,No,47,Yes,No phone service,Fiber optic,No,No internet service,Two year,No,Credit card,113.53,5363.31,No
CUST-01839,Male,0,Yes,No,49,No,No,Fiber optic,No,Yes,Month-to-month,Yes,Mailed check,106.54,5220.46,No
CUST-01840,Female,0,No,No,43,Yes,No,No,No,No internet service,One year,Yes,Electronic check,96.56,4152.08,Yes
CUST-01841,Female,0,No,Yes,58,Yes,Yes,Fiber optic,No,No,One year,Yes,Mailed check,39.36,2282.88,No
CUST-01842,Female,0,No,Yes,32,No,Yes,No,Yes,No,Month-to-month,No,Mailed check,40.08,1292.04,Yes
CUST-01843,Male,0,No,No,27,No,No,Fiber optic,No internet service,No,Month-to-month,No,Electronic check,44.45,1200.15,No
CUST-01844,Female,0,Yes,No,17,Yes,No,DSL,No,No,One year,Yes,Electronic check,100.67,1788.53,Yes
CUST-01845,Male,0,No,Yes,54,Yes,No,No,No,No,Month-to-month,No,Electronic check,37.14,2029.48,No
CUST-01846,Female,0,No,Yes,32,Yes,No,DSL,No,No internet service,One year,Yes,Mailed check,77.25,2472.0,No
CUST-01847,Female,0,No,No,14,Yes,No,DSL,No internet service,Yes,Month-to-month,No,Electronic check,97.31,1377.22,Yes
CUST-01848,Male,0,No,Yes,60,Yes,Yes,No,No,No internet service,Month-to-month,Yes,Electronic check,64.98,3898.8,No
CUST-01849,Female,0,No,No,10,Yes,Yes,Fiber optic,No,No internet service,Two year,Yes,Credit card,103.76,1037.6,No
CUST-01850,Male,0,Yes,Yes,35,Yes,Yes,DSL,Yes,No,Month-to-month,Yes,Credit card,75.33,2636.55,No
CUST-01851,Male,0,Yes,No,14,Yes,Yes,DSL,Yes,No,One year,Yes,Credit card,78.7,1101.8,No
CUST-01852,Female,0,No,Yes,52,Yes,No phone service,Fiber optic,No internet service,No internet service,Month-to-month,Yes,Electronic check,87.03,4552.81,No
CUST-01853,Male,1,Yes,No,61,Yes,No,DSL,No internet service,No,Two year,Yes,Electronic check,104.29,6361.69,No
CUST-01854,Female,0,Yes,Yes,47,No,No,Fiber optic,No,No internet service,Two year,Yes,Credit card,18.47,912.73,No
CUST-01855,Female,0,No,No,14,Yes,No phone service,Fiber optic,No,No,One year,Yes,Bank transfer,58.04,875.86,Yes
CUST-01856,Male,0,No,No,62,Yes,No phone service,No,No internet service,No,One year,No,Bank transfer,116.23,7242.15,No
CUST-01857,Male,0,Yes,No,42,Yes,Yes,Fiber optic,Yes,No internet service,Two year,No,Credit card,28.06,1278.05,No
CUST-01858,Male,0,No,No,49,Yes,No,Fiber optic,No internet service,Yes,Month-to-month,Yes,Credit card,41.81,2100.45,Yes
CUST-01859,Male,0,No,No,59,No,Yes,Fiber optic,No internet service,No,Two year,Yes,Bank transfer,76.23,4499.33,No
CUST-01860,Female,0,No,No,58,Yes,No,DSL,No,No,Month-to-month,Yes,Credit card,105.5,6119.0,Yes
CUST-01861,Female,0,No,No,14,Yes,Yes,Fiber optic,No,No,Month-to-month,Yes,Electronic check,27.91,390.74,Yes
CUST-01862,Male,0,Yes,No,28,Yes,No,Fiber optic,No internet service,Yes,Two year,Yes,Credit card,18.41,515.48,No
CUST-01863,Female,0,Yes,No,39,Yes,Yes,Fiber optic,No,No,One year,Yes,Mailed check,88.08,3451.7,Yes
CUST-01864,Female,0,Yes,Yes,30,Yes,No phone service,Fiber optic,No,No,Month-to-month,Yes,Bank transfer,78.92,2367.6,No
CUST-01865,Female,0,No,No,72,Yes,Yes,DSL,No internet service,Yes,Two year,No,Electronic check,45.65,3286.8,No
CUST-01866,Female,0,No,No,10,Yes,No,DSL,Yes,No,Two year,No,Bank transfer,115.68,1196.7,No
CUST-01867,Male,0,No,No,61,Yes,No,Fiber optic,Yes,Yes,Month-to-month,No,Credit card,75.03,4576.83,No
CUST-01868,Male,0,No,No,7,Yes,No,Fiber optic,No internet service,Yes,One year,No,Bank transfer,85.67,599.69,No
CUST-01869,Female,0,No,No,50,Yes,No,Fiber optic,Yes,No,Month-to-month,No,Credit card,56.64,2887.83,No
CUST-01870,Male,0,No,No,56,Yes,No,Fiber optic,Yes,No,Two year,Yes,Electronic check,112.0,6329.62,No
CUST-01871,Male,0,Yes,No,3,Yes,No,No,No internet service,No,Month-to-month,Yes,Electronic check,46.16,138.48,Yes
CUST-01872,Male,0,Yes,No,35,Yes,Yes,No,No,Yes,Month-to-month,No,Bank transfer,94.38,3303.3,Yes
CUST-01873,Female,0,No,No,18,Yes,Yes,Fiber optic,No internet service,Yes,Month-to-month,Yes,Electronic check,29.9,538.2,No
CUST-01874,Female,0,Yes,No,23,Yes,Yes,Fiber optic,No,Yes,Month-to-month,Yes,Bank transfer,72.85,1675.55,Yes
CUST-01875,Female,0,Yes,No,40,Yes,No phone service,DSL,Yes,No,Month-to-month,Yes,Bank transfer,76.93,3077.2,Yes
CUST-01876,Male,0,No,No,48,Yes,Yes,Fiber optic,No internet service,No internet service,Month-to-month,Yes,Bank transfer,37.21,1786.08,Yes
CUST-01877,Female,0,Yes,No,45,Yes,Yes,Fiber optic,No,No,One year,Yes,Bank transfer,51.03,2296.35,No
CUST-01878,Female,0,No,No,35,Yes,No,No,No,No,Month-to-month,No,Mailed check,36.23,1347.04,No
CUST-01879,Male,0,Yes,Yes,9,Yes,No,DSL,No internet service,No internet service,Month-to-month,Yes,Mailed check,104.19,944.74,Yes
CUST-01880,Female,0,Yes,No,6,Yes,Yes,No,No,No,Month-to-month,Yes,Credit card,85.03,510.18,No
CUST-01881,Female,0,Yes,No,11,Yes,No,No,Yes,No,One year,No,Electronic check,63.54,710.01,No
CUST-01882,Male,0,No,Yes,47,Yes,Yes,No,No,No internet service,Month-to-month,Yes,Mailed check,74.71,3511.37,No
CUST-01883,Male,0,Yes,Yes,36,Yes,No,Fiber optic,No,No internet service,Month-to-month,No,Mailed check,53.09,1915.06,No
CUST-01884,Male,1,No,No,35,Yes,No,DSL,Yes,No,Month-to-month,No,Electronic check,61.73,2160.55,No
CUST-01885,Female,0,No,No,59,Yes,Yes,DSL,Yes,No,One year,Yes,Bank transfer,81.18,4795.98,No
CUST-01886,Female,1,No,No,7,Yes,No phone service,DSL,No,Yes,Month-to-month,No,Mailed check,39.57,300.06,No
CUST-01887,Female,0,Yes,No,6,Yes,Yes,No,Yes,No,Month-to-month,Yes,Mailed check,31.68,190.08,No
CUST-01888,Male,0,Yes,No,42,Yes,Yes,DSL,No,Yes,Two year,No,Mailed check,114.33,4815.46,No
CUST-01889,Male,0,No,No,57,No,No,DSL,No,No,Month-to-month,No,Mailed check,42.16,2403.12,No
CUST-01890,Female,0,No,Yes,45,No,Yes,Fiber optic,Yes,No,Two year,No,Bank transfer,68.51,3082.95,No
CUST-01891,Female,0,No,No,33,Yes,Yes,Fiber optic,No internet service,Yes,Two year,No,Electronic check,95.68,3203.22,Yes
CUST-01892,Male,0,Yes,Yes,71,No,Yes,Fiber optic,No,Yes,Month-to-month,Yes,Mailed check,74.72,5356.52,No
CUST-01893,Male,0,No,No,21,No,No,No,No,No,One year,No,Mailed check,82.76,1748.3,Yes
CUST-01894,Male,1,Yes,No,20,Yes,Yes,DSL,No,Yes,Month-to-month,Yes,Mailed check,34.67,732.45,Yes
CUST-01895,Male,1,Yes,No,14,Yes,No,Fiber optic,No,No internet service,Month-to-month,Yes,Mailed check,58.28,815.92,Yes
CUST-01896,Female,0,Yes,No,4,Yes,Yes,Fiber optic,Yes,No internet service,Two year,No,Electronic check,88.4,394.68,Yes
CUST-01897,Male,0,Yes,Yes,16,Yes,Yes,DSL,Yes,No internet service,Month-to-month,No,Bank transfer,39.4,701.74,No
CUST-01898,Female,0,No,No,71,Yes,No,Fiber optic,No,No,Month-to-month,Yes,Credit card,67.32,4809.91,Yes
CUST-01899,Female,0,Yes,Yes,18,Yes,Yes,Fiber optic,No,No,Two year,No,Electronic check,78.1,1405.8,No
CUST-01900,Female,0,No,Yes,4,Yes,No,Fiber optic,Yes,No internet service,Month-to-month,No,Mailed check,98.51,394.04,No
CUST-01901,Male,0,Yes,No,22,Yes,No,DSL,No,Yes,Month-to-month,Yes,Credit card,40.07,908.72,No
CUST-01902,Male,0,No,Yes,13,Yes,No phone service,No,Yes,No,Month-to-month,Yes,Mailed check,117.77,1558.81,Yes
CUST-01903,Male,0,Yes,No,9,Yes,Yes,No,No,Yes,Month-to-month,No,Electronic check,116.68,1104.71,No
CUST-01904,Male,1,Yes,No,30,Yes,No,DSL,Yes,Yes,Month-to-month,Yes,Bank transfer,19.25,577.5,Yes
CUST-01905,Female,0,Yes,Yes,12,Yes,Yes,Fiber optic,No internet service,No,One year,No,Credit card,55.53,666.36,No
CUST-01906,Male,1,Yes,Yes,21,Yes,No,Fiber optic,No,No internet service,Two year,No,Credit card,24.92,523.32,No
CUST-01907,Male,0,No,No,36,Yes,No phone service,DSL,No,Yes,Month-to-month,No,Bank transfer,50.36,1812.96,Yes
CUST-01908,Female,0,Yes,No,38,Yes,No phone service,Fiber optic,No,Yes,Month-to-month,Yes,Bank transfer,79.92,3061.58,Yes
CUST-01909,Male,0,No,No,9,Yes,Yes,DSL,No,Yes,Two year,Yes,Credit card,80.09,720.81,No
CUST-01910,Female,0,Yes,No,30,Yes,Yes,No,Yes,No internet service,One year,Yes,Credit card,27.86,859.17,No
CUST-01911,Female,0,No,No,42,Yes,No,Fiber optic,Yes,No internet service,One year,No,Credit card,87.07,3664.6,No
CUST-01912,Female,0,No,No,35,Yes,Yes,No,No,No,Month-to-month,No,Credit card,104.33,3651.55,Yes
CUST-01913,Female,0,Yes,Yes,34,Yes,No,DSL,No,No internet service,Month-to-month,Yes,Bank transfer,82.38,2800.92,Yes
CUST-01914,Female,0,Yes,No,67,Yes,Yes,DSL,Yes,No,Month-to-month,Yes,Electronic check,49.62,3390.76,Yes
CUST-01915,Female,0,Yes,No,54,Yes,No,Fiber optic,No internet service,No,Month-to-month,No,Electronic check,18.25,996.75,Yes
CUST-01916,Female,0,No,No,67,Yes,No phone service,No,No,Yes,Month-to-month,No,Bank transfer,84.14,5696.61,No
CUST-01917,Female,0,Yes,No,46,Yes,Yes,Fiber optic,No internet service,No internet service,Month-to-month,Yes,Electronic check,87.13,4031.72,Yes
CUST-01918,Male,0,No,No,5,Yes,No,Fiber optic,No,No,Month-to-month,Yes,Electronic check,90.29,451.45,Yes
CUST-01919,Male,0,No,Yes,27,Yes,Yes,Fiber optic,No internet service,No,Month-to-month,No,Mailed check,22.0,594.0,No
CUST-01920,Male,0,No,No,29,Yes,Yes,DSL,Yes,Yes,Month-to-month,Yes,Electronic check,70.68,2049.72,Yes
CUST-01921,Male,1,No,No,26,Yes,Yes,Fiber optic,No,Yes,Month-to-month,No,Credit card,60.17,1627.96,Yes
CUST-01922,Female,0,No,No,68,Yes,Yes,Fiber optic,Yes,Yes,Two year,No,Electronic check,96.27,6616.5,No
CUST-01923,Male,0,Yes,Yes,38,Yes,Yes,DSL,Yes,No,One year,No,Bank transfer,91.71,3484.98,Yes
CUST-01924,Female,0,No,No,34,Yes,No,DSL,No internet service,No internet service,One year,Yes,Electronic check,114.97,3942.06,No
CUST-01925,Male,0,No,No,43,Yes,No,Fiber optic,No,No internet service,Month-to-month,Yes,Bank transfer,109.55,4710.65,No
CUST-01926,Male,0,Yes,No,14,Yes,Yes,Fiber optic,No,Yes,Month-to-month,No,Credit card,74.92,1048.88,Yes
CUST-01927,Male,0,No,Yes,31,Yes,No,Fiber optic,Yes,No,Month-to-month,No,Mailed check,118.01,3658.31,Yes
CUST-01928,Female,0,Yes,No,28,Yes,No,Fiber optic,No,Yes,Month-to-month,No,Mailed check,33.32,969.38,No
CUST-01929,Male,0,No,Yes,62,Yes,No,Fiber optic,Yes,No,Two year,No,Electronic check,18.73,1211.89,No
CUST-01930,Female,0,No,No,5,Yes,No,Fiber optic,No,No,Month-to-month,Yes,Electronic check,29.0,145.0,Yes
CUST-01931,Female,0,Yes,No,26,Yes,Yes,Fiber optic,No,No internet service,Two year,Yes,Bank transfer,54.22,1409.72,Yes
CUST-01932,Male,0,No,Yes,27,Yes,No,Fiber optic,No,Yes,Month-to-month,Yes,Mailed check,95.04,2566.08,No
CUST-01933,Male,1,Yes,No,4,Yes,No,No,No,No internet service,Two year,No,Credit card,57.07,228.28,No
CUST-01934,Male,0,Yes,No,40,Yes,Yes,Fiber optic,No,No,Month-to-month,Yes,Bank transfer,97.62,3904.8,Yes
CUST-01935,Female,0,Yes,No,55,No,No,No,Yes,No,Two year,Yes,Electronic check,93.76,5156.8,No
CUST-01936,Male,0,No,No,53,Yes,Yes,Fiber optic,No internet service,Yes,Month-to-month,No,Mailed check,99.02,5248.06,No
CUST-01937,Female,0,Yes,No,17,Yes,No,DSL,Yes,No,Month-to-month,No,Electronic check,37.1,648.46,Yes
CUST-01938,Female,1,Yes,No,42,Yes,Yes,DSL,No internet service,Yes,Two year,No,Mailed check,70.64,2971.85,No
CUST-01939,Male,0,No,No,28,Yes,No,DSL,No,No,Month-to-month,No,Bank transfer,90.69,2539.32,No
CUST-01940,Male,1,Yes,No,9,Yes,No,DSL,No,No,Two year,Yes,Credit card,46.99,423.04,No
CUST-01941,Female,0,Yes,No,5,Yes,Yes,Fiber optic,No,Yes,Month-to-month,Yes,Credit card,103.48,544.04,No
CUST-01942,Female,0,Yes,Yes,3,Yes,Yes,Fiber optic,No internet service,No,Month-to-month,No,Credit card,97.49,320.13,Yes
CUST-01943,Female,0,Yes,No,33,Yes,No phone service,Fiber optic,No,No,Month-to-month,No,Credit card,30.23,1060.62,No
CUST-01944,Male,0,Yes,No,32,Yes,No,Fiber optic,Yes,No internet service,One year,Yes,Credit card,40.22,1350.81,No
CUST-01945,Female,1,Yes,No,3,Yes,No,Fiber optic,No,No internet service,One year,Yes,Electronic check,42.21,152.43,Yes
CUST-01946,Male,0,No,No,43,Yes,No,DSL,Yes,No,Month-to-month,Yes,Electronic check,107.6,4626.8,Yes
CUST-01947,Female,0,No,No,30,Yes,No,DSL,Yes,No internet service,One year,No,Credit card,37.05,1111.5,Yes
CUST-01948,Female,0,Yes,No,65,Yes,Yes,Fiber optic,Yes,No,Month-to-month,No,Mailed check,81.45,5337.17,No
CUST-01949,Male,0,Yes,No,57,Yes,No,DSL,No,No internet service,Two year,Yes,Bank transfer,24.62,1403.34,No
CUST-01950,Female,0,Yes,No,59,Yes,Yes,DSL,Yes,No,Month-to-month,Yes,Mailed check,74.36,4391.53,No
CUST-01951,Male,0,No,Yes,1,Yes,Yes,DSL,No internet service,No,Month-to-month,No,Mailed check,32.41,32.41,No
CUST-01952,Male,0,Yes,No,35,Yes,No,DSL,No internet service,Yes,Month-to-month,No,Credit card,76.7,2733.34,No
CUST-01953,Female,0,Yes,No,69,Yes,No phone service,DSL,No,No,Two year,Yes,Mailed check,55.52,3871.36,No
CUST-01954,Male,1,No,No,59,Yes,Yes,Fiber optic,No internet service,No internet service,Month-to-month,No,Electronic check,79.78,4708.51,Yes
CUST-01955,Male,0,Yes,No,22,Yes,No,DSL,No,Yes,Month-to-month,Yes,Bank transfer,58.23,1425.99,No
CUST-01956,Female,0,Yes,Yes,46,Yes,No,DSL,No,No,One year,Yes,Bank transfer,105.14,4836.44,No
CUST-01957,Male,0,No,Yes,45,Yes,Yes,No,No internet service,No,Two year,No,Bank transfer,95.21,4306.82,No
CUST-01958,Male,0,No,No,43,Yes,No phone service,DSL,No,No internet service,Month-to-month,No,Mailed check,104.16,4506.6,Yes
CUST-01959,Male,0,Yes,No,18,Yes,No,Fiber optic,Yes,No internet service,Month-to-month,Yes,Bank transfer,40.65,743.64,Yes
CUST-01960,Female,0,No,No,48,Yes,No,DSL,Yes,No,One year,No,Bank transfer,33.18,1592.64,No
CUST-01961,Male,0,Yes,No,57,Yes,Yes,No,No,No,Month-to-month,No,Electronic check,74.85,4272.04,No
CUST-01962,Female,1,No,Yes,6,Yes,Yes,Fiber optic,Yes,No,Month-to-month,No,Credit card,107.03,731.17,Yes
CUST-01963,Female,0,No,Yes,40,Yes,No,Fiber optic,No internet service,No internet service,Month-to-month,No,Credit card,29.28,1173.55,No
CUST-01964,Male,0,No,No,14,Yes,No,DSL,Yes,Yes,One year,Yes,Electronic check,41.86,618.69,No
CUST-01965,Male,0,No,No,52,Yes,No,DSL,No,No internet service,One year,No,Electronic check,94.09,4892.68,No
CUST-01966,Male,0,No,No,22,Yes,Yes,Fiber optic,Yes,No,Two year,Yes,Credit card,65.47,1440.34,Yes
CUST-01967,Female,0,No,No,72,Yes,No,Fiber optic,No,Yes,Month-to-month,Yes,Mailed check,79.55,5841.9,Yes
CUST-01968,Male,1,No,No,64,Yes,No,DSL,No,No,Month-to-month,Yes,Electronic check,78.36,5015.04,No
CUST-01969,Male,1,Yes,Yes,59,Yes,No,No,No,No internet service,Month-to-month,No,Bank transfer,60.06,3543.54,No
CUST-01970,Male,1,Yes,No,9,Yes,Yes,Fiber optic,No,No,Two year,Yes,Electronic check,89.98,896.69,Yes
CUST-01971,Male,1,No,No,57,Yes,No,Fiber optic,Yes,No,Month-to-month,Yes,Mailed check,104.93,5981.01,Yes
CUST-01972,Male,0,No,Yes,46,Yes,No,No,No,No internet service,Two year,No,Electronic check,110.59,5087.14,No
CUST-01973,Female,0,Yes,No,14,Yes,No,No,No internet service,No,Month-to-month,No,Bank transfer,22.73,353.41,No
CUST-01974,Female,0,No,No,8,Yes,Yes,Fiber optic,Yes,Yes,Month-to-month,Yes,Electronic check,74.47,714.75,Yes
CUST-01975,Male,0,No,No,12,Yes,No,No,Yes,No,Month-to-month,No,Electronic check,22.12,311.44,Yes
CUST-01976,Male,0,No,No,22,Yes,No,No,No,No internet service,Two year,No,Electronic check,109.89,2421.11,No
CUST-01977,Male,0,No,No,32,Yes,Yes,No,No,No,Two year,No,Credit card,61.79,2044.5,No
CUST-01978,Male,0,Yes,Yes,8,Yes,Yes,Fiber optic,No,No,Two year,Yes,Credit card,109.85,878.8,No
CUST-01979,Female,0,Yes,Yes,2,Yes,Yes,Fiber optic,No internet service,No,One year,No,Mailed check,37.14,74.28,Yes
CUST-01980,Male,0,Yes,Yes,72,Yes,Yes,DSL,No,No internet service,Month-to-month,Yes,Credit card,34.56,2563.27,No
CUST-01981,Female,0,Yes,No,24,Yes,No,No,No,No,Month-to-month,No,Mailed check,110.65,2721.89,Yes
CUST-01982,Female,0,No,Yes,70,Yes,Yes,DSL,No internet service,No internet service,Month-to-month,No,Credit card,113.71,7959.7,No
CUST-01983,Male,0,No,No,35,Yes,Yes,Fiber optic,Yes,Yes,One year,No,Mailed check,96.21,3419.37,No
CUST-01984,Female,0,No,Yes,19,Yes,No,DSL,Yes,Yes,Month-to-month,No,Mailed check,40.65,837.52,No
CUST-01985,Female,0,No,No,53,Yes,No,Fiber optic,No,No,One year,No,Mailed check,35.54,1883.62,Yes
CUST-01986,Female,0,Yes,Yes,18,Yes,Yes,Fiber optic,Yes,Yes,Month-to-month,No,Electronic check,94.3,1705.65,No
CUST-01987,Female,0,Yes,No,59,No,No,DSL,No internet service,No,Two year,Yes,Electronic check,82.75,4882.25,No
CUST-01988,Male,0,Yes,Yes,36,No,Yes,Fiber optic,No,No,Two year,No,Mailed check,106.95,3850.2,No
CUST-01989,Male,0,Yes,No,2,Yes,Yes,Fiber optic,No internet service,No,One year,Yes,Mailed check,46.23,92.46,Yes
CUST-01990,Female,0,No,No,18,Yes,No,DSL,No,No,Two year,Yes,Electronic check,48.13,866.34,Yes
CUST-01991,Male,0,Yes,No,52,Yes,No,No,No internet service,No internet service,Month-to-month,No,Bank transfer,92.63,4816.76,No
CUST-01992,Male,0,Yes,Yes,45,No,No,Fiber optic,No,Yes,Month-to-month,No,Electronic check,45.32,2105.06,No
CUST-01993,Male,0,Yes,Yes,55,Yes,No,DSL,No internet service,No internet service,Two year,Yes,Mailed check,65.16,3638.02,No
CUST-01994,Male,0,No,No,69,Yes,No phone service,No,No,No,Month-to-month,No,Electronic check,71.05,4968.04,No
CUST-01995,Male,0,Yes,No,30,Yes,No phone service,Fiber optic,No internet service,Yes,Month-to-month,No,Credit card,86.26,2589.76,Yes
CUST-01996,Female,0,No,No,52,Yes,No,Fiber optic,No,Yes,Month-to-month,No,Mailed check,53.13,2762.76,No
CUST-01997,Male,0,Yes,No,33,Yes,No,Fiber optic,Yes,Yes,One year,Yes,Electronic check,105.55,3498.38,No
CUST-01998,Male,0,No,No,30,Yes,No,Fiber optic,No,No internet service,One year,No,Credit card,59.04,1789.75,No
CUST-01999,Male,0,Yes,No,59,No,Yes,Fiber optic,Yes,Yes,Month-to-month,No,Electronic check,22.22,1385.66,Yes
CUST-02000,Male,0,No,No,10,Yes,Yes,DSL,No,No,Two year,Yes,Electronic check,24.83,257.52,No
CUST-02001,Female,0,No,No,5,Yes,Yes,Fiber optic,No internet service,No,Two year,No,Bank transfer,117.1,591.28,Yes
CUST-02002,Female,0,No,Yes,26,Yes,No phone service,DSL,Yes,Yes,Month-to-month,Yes,Electronic check,81.45,2157.68,Yes
CUST-02003,Female,0,No,No,6,Yes,No,Fiber optic,No,No,One year,Yes,Electronic check,68.07,408.42,Yes
CUST-02004,Female,0,Yes,Yes,48,Yes,No,Fiber optic,No,No,Two year,Yes,Bank transfer,106.71,5196.66,Yes
CUST-02005,Male,0,Yes,No,71,Yes,Yes,Fiber optic,No internet service,No,Month-to-month,Yes,Electronic check,91.12,6507.47,Yes
CUST-02006,Female,0,Yes,No,59,No,No,Fiber optic,No,Yes,Month-to-month,Yes,Bank transfer,36.5,2176.67,No
CUST-02007,Male,0,No,No,32,Yes,Yes,DSL,No,No,Month-to-month,No,Credit card,18.74,631.62,Yes
CUST-02008,Male,0,Yes,No,46,Yes,No,DSL,No,Yes,Two year,No,Bank transfer,118.18,5482.95,No
CUST-02009,Male,1,Yes,No,43,Yes,No,DSL,No,No internet service,Month-to-month,Yes,Credit card,82.18,3666.49,Yes
CUST-02010,Male,0,No,No,26,Yes,No,No,No,No,One year,Yes,Bank transfer,66.66,1733.16,Yes
CUST-02011,Male,0,No,No,21,Yes,Yes,No,Yes,Yes,One year,Yes,Credit card,114.35,2459.25,No
CUST-02012,Female,0,Yes,Yes,46,Yes,Yes,No,No,No,Month-to-month,Yes,Electronic check,55.66,2582.37,Yes
CUST-02013,Female,0,No,Yes,47,Yes,Yes,DSL,No internet service,No,Month-to-month,No,Credit card,91.7,4309.9,No
CUST-02014,Female,0,No,No,29,Yes,Yes,Fiber optic,No,No internet service,Month-to-month,Yes,Credit card,86.35,2562.29,No
CUST-02015,Female,0,Yes,Yes,1,Yes,No,Fiber optic,No,Yes,Month-to-month,Yes,Mailed check,87.06,106.01,Yes
CUST-02016,Male,0,Yes,No,14,Yes,Yes,Fiber optic,No internet service,No,Month-to-month,No,Credit card,87.07,1239.06,No
CUST-02017,Female,1,No,No,46,Yes,No,Fiber optic,No,No,Month-to-month,No,Electronic check,19.06,889.92,Yes
CUST-02018,Male,0,No,No,26,Yes,No,Fiber optic,Yes,Yes,One year,Yes,Mailed check,102.08,2678.45,No
CUST-02019,Female,0,Yes,No,70,Yes,No,Fiber optic,Yes,Yes,Month-to-month,No,Mailed check,112.14,7894.22,Yes
CUST-02020,Male,1,Yes,No,26,Yes,Yes,No,No internet service,No,Month-to-month,Yes,Bank transfer,63.83,1659.58,No
CUST-02021,Male,0,No,No,12,Yes,No phone service,DSL,Yes,No internet service,Month-to-month,No,Credit card,75.17,902.04,No
CUST-02022,Female,1,No,No,54,Yes,Yes,No,No internet service,No,Month-to-month,Yes,Bank transfer,51.12,2815.42,Yes
CUST-02023,Male,0,No,Yes,16,Yes,No,Fiber optic,Yes,No,One year,No,Bank transfer,98.08,1569.28,No
CUST-02024,Male,0,Yes,No,58,Yes,Yes,Fiber optic,No,No,Month-to-month,Yes,Credit card,93.13,5456.81,No
CUST-02025,Female,0,Yes,No,9,Yes,No,Fiber optic,No internet service,No,Month-to-month,Yes,Bank transfer,93.33,842.43,Yes
CUST-02026,Male,0,No,No,32,Yes,Yes,Fiber optic,No,No internet service,One year,No,Electronic check,92.96,3029.77,No
CUST-02027,Female,1,Yes,No,36,Yes,No,DSL,No,No internet service,Month-to-month,Yes,Electronic check,40.29,1479.92,Yes
CUST-02028,Female,0,No,No,7,Yes,No,Fiber optic,No internet service,No,Month-to-month,Yes,Credit card,29.48,206.36,No
CUST-02029,Female,0,No,No,32,Yes,Yes,DSL,No internet service,No,One year,Yes,Credit card,49.7,1590.4,No
CUST-02030,Male,0,Yes,No,6,Yes,Yes,No,No internet service,No,Month-to-month,Yes,Mailed check,76.69,460.14,Yes
CUST-02031,Male,0,No,No,33,Yes,No phone service,DSL,Yes,Yes,Month-to-month,No,Credit card,58.75,1938.75,No
CUST-02032,Male,0,Yes,Yes,70,Yes,Yes,DSL,Yes,No,Month-to-month,Yes,Credit card,43.42,3047.9,No
CUST-02033,Female,0,No,No,6,Yes,No,No,Yes,No,Month-to-month,Yes,Electronic check,20.27,134.14,No
CUST-02034,Male,0,Yes,No,40,Yes,No,DSL,Yes,No internet service,One year,Yes,Electronic check,30.36,1248.47,Yes
CUST-02035,Female,0,Yes,Yes,54,Yes,Yes,DSL,No,No,Two year,No,Credit card,28.74,1551.96,No
CUST-02036,Female,0,No,No,6,Yes,Yes,No,No internet service,No,Two year,Yes,Mailed check,115.58,726.14,No
CUST-02037,Male,0,No,Yes,17,Yes,Yes,DSL,Yes,No internet service,Month-to-month,No,Electronic check,97.44,1714.86,No
CUST-02038,Female,0,Yes,No,42,Yes,No,DSL,No internet service,No internet service,Two year,Yes,Electronic check,30.52,1379.14,No
CUST-02039,Male,0,No,No,39,Yes,No,DSL,No,No internet service,One year,Yes,Bank transfer,65.66,2560.74,Yes
CUST-02040,Male,0,Yes,No,52,Yes,No,No,No,No,Month-to-month,No,Credit card,84.76,4476.07,No
CUST-02041,Male,0,Yes,No,13,Yes,No,DSL,No internet service,Yes,Two year,No,Bank transfer,116.03,1531.06,No
CUST-02042,Male,0,Yes,Yes,20,Yes,No,Fiber optic,Yes,No,One year,No,Credit card,45.43,927.7,No
CUST-02043,Male,0,Yes,Yes,56,Yes,Yes,Fiber optic,Yes,No,Month-to-month,No,Mailed check,44.93,2516.08,Yes
CUST-02044,Female,0,Yes,No,45,Yes,No,DSL,No,No internet service,Month-to-month,Yes,Bank transfer,75.96,3482.15,Yes
CUST-02045,Female,0,Yes,No,25,No,Yes,DSL,No,No,One year,Yes,Electronic check,105.45,2655.4,Yes
CUST-02046,Female,0,Yes,No,23,Yes,Yes,No,No,No,Month-to-month,Yes,Credit card,46.52,1069.96,Yes
CUST-02047,Male,0,Yes,No,4,Yes,No,Fiber optic,No internet service,No,Month-to-month,Yes,Credit card,30.83,123.32,Yes
CUST-02048,Male,0,Yes,No,41,Yes,No,DSL,No internet service,No,Two year,Yes,Bank transfer,45.15,1859.5,No
CUST-02049,Male,0,No,No,42,Yes,Yes,DSL,No internet service,No,Month-to-month,Yes,Bank transfer,63.8,2709.53,Yes
CUST-02050,Female,1,Yes,No,31,Yes,No,Fiber optic,No internet service,No,Month-to-month,No,Mailed check,54.72,1696.32,Yes
CUST-02051,Male,0,No,Yes,5,Yes,No,Fiber optic,No,Yes,Two year,Yes,Electronic check,105.84,529.2,No
CUST-02052,Female,0,No,No,66,Yes,No,DSL,No,No internet service,Month-to-month,No,Mailed check,114.18,7593.35,No
CUST-02053,Female,1,No,No,6,Yes,Yes,DSL,Yes,No,Month-to-month,Yes,Electronic check,56.6,339.6,Yes
CUST-02054,Male,0,No,Yes,28,Yes,Yes,No,Yes,Yes,One year,No,Electronic check,101.99,2885.74,No
CUST-02055,Male,0,No,No,33,No,No,Fiber optic,No internet service,Yes,Month-to-month,No,Credit card,25.0,825.0,Yes
CUST-02056,Female,0,Yes,No,6,Yes,No,DSL,Yes,Yes,Two year,No,Electronic check,74.48,509.45,Yes
CUST-02057,Male,0,No,No,57,Yes,No,DSL,No,No,Month-to-month,Yes,Bank transfer,102.83,5883.02,No
CUST-02058,Female,1,No,No,30,Yes,No,Fiber optic,No,Yes,Two year,Yes,Credit card,60.7,1832.59,No
CUST-02059,Male,1,No,Yes,72,Yes,No phone service,DSL,No,Yes,Month-to-month,Yes,Mailed check,32.63,2423.81,Yes
CUST-02060,Male,0,No,No,44,Yes,No,DSL,No,No,Month-to-month,No,Electronic check,46.98,2067.12,No
CUST-02061,Female,0,Yes,Yes,46,Yes,No,Fiber optic,No,Yes,Month-to-month,No,Credit card,68.17,3173.85,Yes
CUST-02062,Male,1,No,No,71,Yes,No,Fiber optic,No internet service,No internet service,Month-to-month,Yes,Bank transfer,104.04,7386.84,Yes
CUST-02063,Female,0,No,No,72,Yes,No,Fiber optic,Yes,No,Month-to-month,Yes,Mailed check,94.36,6806.39,Yes
CUST-02064,Male,0,Yes,No,72,Yes,Yes,Fiber optic,No,Yes,One year,No,Credit card,26.52,1919.95,No
CUST-02065,Female,1,Yes,Yes,39,Yes,No,No,No,Yes,Two year,No,Credit card,73.71,2899.97,No
CUST-02066,Female,0,No,No,29,Yes,No,DSL,No,Yes,Month-to-month,Yes,Bank transfer,106.98,3102.42,Yes
CUST-02067,Male,0,No,No,61,No,Yes,DSL,Yes,No,Month-to-month,No,Bank transfer,76.87,4709.04,Yes
CUST-02068,Female,0,No,No,70,Yes,No,DSL,No,Yes,Month-to-month,Yes,Electronic check,24.62,1792.57,Yes
CUST-02069,Male,1,No,No,16,Yes,Yes,No,No,Yes,Month-to-month,No,Mailed check,101.96,1631.36,No
CUST-02070,Male,0,Yes,Yes,4,Yes,Yes,Fiber optic,No,No,Month-to-month,No,Credit card,110.49,441.96,Yes
CUST-02071,Male,0,Yes,No,0,Yes,No phone service,DSL,No internet service,No,Month-to-month,Yes,Bank transfer,57.7,0.0,Yes
CUST-02072,Female,0,Yes,No,30,Yes,Yes,DSL,Yes,No internet service,Month-to-month,Yes,Bank transfer,49.63,1538.5,No
CUST-02073,Female,0,Yes,No,34,No,No,Fiber optic,Yes,No internet service,Two year,No,Credit card,73.42,2496.28,No
CUST-02074,Male,0,Yes,No,71,Yes,Yes,DSL,No,Yes,One year,No,Bank transfer,118.38,8404.98,No
CUST-02075,Male,0,Yes,No,29,Yes,No,Fiber optic,No,Yes,Month-to-month,No,Bank transfer,103.42,3047.18,No
CUST-02076,Female,0,No,No,14,Yes,Yes,No,Yes,No,Month-to-month,Yes,Electronic check,100.73,1410.22,Yes
CUST-02077,Male,0,No,No,55,Yes,No,DSL,No,Yes,Month-to-month,No,Credit card,37.7,2129.36,Yes
CUST-02078,Male,1,Yes,Yes,59,Yes,No,DSL,No,No,Two year,No,Electronic check,109.31,6449.29,Yes
CUST-02079,Female,0,Yes,Yes,26,Yes,Yes,DSL,Yes,Yes,Month-to-month,No,Mailed check,74.71,1942.83,Yes
CUST-02080,Male,1,Yes,No,1,Yes,Yes,DSL,Yes,No internet service,One year,Yes,Bank transfer,111.52,162.07,No
CUST-02081,Female,0,No,Yes,63,Yes,No,Fiber optic,No,No internet service,One year,Yes,Electronic check,84.47,5370.61,Yes
CUST-02082,Male,0,Yes,No,4,Yes,Yes,DSL,No,No internet service,One year,Yes,Credit card,103.09,412.36,Yes
CUST-02083,Female,0,Yes,No,67,Yes,Yes,Fiber optic,Yes,No,Two year,Yes,Mailed check,34.88,2336.96,No
CUST-02084,Male,0,No,No,12,Yes,Yes,Fiber optic,No internet service,No,Two year,No,Mailed check,90.07,1158.11,No
CUST-02085,Male,1,No,No,22,Yes,No,No,Yes,No internet service,Month-to-month,Yes,Electronic check,44.24,973.28,Yes
CUST-02086,Female,0,Yes,No,49,Yes,No,Fiber optic,Yes,No,Two year,Yes,Electronic check,35.23,1754.1,Yes
CUST-02087,Male,0,Yes,Yes,72,Yes,No,DSL,No,No,One year,No,Bank transfer,76.55,5552.69,No
CUST-02088,Female,0,Yes,No,36,Yes,No,DSL,No,Yes,Month-to-month,Yes,Electronic check,79.48,2861.28,Yes
CUST-02089,Male,0,No,Yes,29,Yes,Yes,Fiber optic,No,No,One year,No,Electronic check,68.04,1973.16,Yes
CUST-02090,Female,0,No,No,22,Yes,No,DSL,No,Yes,Two year,Yes,Electronic check,27.08,631.25,Yes
CUST-02091,Female,0,Yes,No,33,Yes,Yes,DSL,Yes,No,Month-to-month,Yes,Mailed check,42.96,1417.68,No
CUST-02092,Female,0,No,No,63,Yes,No phone service,No,No,No,Two year,Yes,Credit card,42.02,2647.26,No
CUST-02093,Female,0,Yes,No,54,Yes,Yes,DSL,No internet service,No,One year,No,Electronic check,50.0,2737.89,No
CUST-02094,Male,0,Yes,No,70,Yes,No phone service,DSL,No,No,Month-to-month,No,Mailed check,82.06,5768.52,No
CUST-02095,Male,0,Yes,No,8,Yes,No,No,No,No,One year,No,Mailed check,62.67,523.38,Yes
CUST-02096,Female,0,No,No,3,No,Yes,DSL,Yes,Yes,One year,Yes,Electronic check,116.78,350.34,Yes
CUST-02097,Female,0,Yes,No,65,Yes,No phone service,DSL,No internet service,No,Month-to-month,Yes,Mailed check,19.62,1341.16,No
CUST-02098,Female,0,Yes,No,32,No,Yes,DSL,No,No,One year,Yes,Bank transfer,40.02,1280.64,No
CUST-02099,Male,0,Yes,No,31,Yes,No,Fiber optic,Yes,No internet service,One year,No,Credit card,76.49,2371.19,No
CUST-02100,Male,0,Yes,Yes,43,Yes,No,No,No internet service,No internet service,Two year,No,Bank transfer,107.69,4630.67,No
CUST-02101,Male,0,No,Yes,36,Yes,Yes,Fiber optic,Yes,Yes,Month-to-month,No,Credit card,21.46,781.53,Yes
CUST-02102,Male,1,Yes,Yes,66,Yes,Yes,DSL,No,No,Month-to-month,Yes,Mailed check,108.13,7136.94,No
CUST-02103,Female,0,Yes,Yes,59,Yes,No,DSL,No,No,One year,Yes,Electronic check,69.74,4153.0,No
CUST-02104,Female,0,No,No,58,Yes,No,Fiber optic,No internet service,Yes,Month-to-month,Yes,Electronic check,98.12,5724.32,Yes
CUST-02105,Female,1,No,No,35,Yes,No,Fiber optic,Yes,Yes,Month-to-month,Yes,Mailed check,114.76,4016.6,No
CUST-02106,Male,1,No,No,48,Yes,No,Fiber optic,No,Yes,One year,Yes,Electronic check,39.97,1918.56,Yes
CUST-02107,Male,0,No,No,50,Yes,Yes,Fiber optic,No,No,Two year,Yes,Mailed check,77.97,3898.5,No
CUST-02108,Male,1,Yes,No,7,Yes,No,No,Yes,No internet service,Month-to-month,Yes,Bank transfer,108.13,756.91,No
CUST-02109,Female,0,No,No,49,Yes,No phone service,DSL,No,Yes,Two year,Yes,Mailed check,104.13,5183.29,No
CUST-02110,Female,0,No,No,40,Yes,Yes,DSL,Yes,Yes,Two year,No,Mailed check,71.14,2845.6,No
CUST-02111,Male,0,Yes,No,37,Yes,Yes,No,No,No,Month-to-month,Yes,Bank transfer,114.85,4300.83,Yes
CUST-02112,Female,0,No,No,54,Yes,No,DSL,Yes,No,Two year,Yes,Bank transfer,90.26,4884.52,No
CUST-02113,Male,0,Yes,No,67,Yes,No,DSL,Yes,Yes,Month-to-month,No,Mailed check,71.46,4787.82,No
CUST-02114,Male,0,No,No,17,Yes,Yes,Fiber optic,Yes,No,Two year,No,Bank transfer,23.91,406.47,No
CUST-02115,Female,0,No,No,64,Yes,No,Fiber optic,Yes,Yes,Month-to-month,Yes,Credit card,67.71,4359.53,No
CUST-02116,Male,0,No,Yes,63,Yes,No phone service,DSL,No,No,Month-to-month,No,Bank transfer,61.03,3844.89,No
CUST-02117,Female,1,No,No,11,Yes,Yes,No,Yes,No,Month-to-month,Yes,Electronic check,49.14,540.54,Yes
CUST-02118,Male,0,No,No,40,Yes,No,DSL,No internet service,No,Month-to-month,Yes,Bank transfer,114.17,4572.35,No
CUST-02119,Female,1,Yes,No,41,Yes,Yes,Fiber optic,Yes,No,Month-to-month,Yes,Bank transfer,112.42,4619.25,Yes
CUST-02120,Female,1,Yes,No,59,Yes,Yes,DSL,No,No,Month-to-month,Yes,Mailed check,52.4,3091.6,No
CUST-02121,Female,0,Yes,No,49,Yes,No,No,Yes,No,Month-to-month,No,Bank transfer,62.45,3060.05,No
CUST-02122,Male,0,Yes,No,35,Yes,No,DSL,No internet service,Yes,Month-to-month,No,Credit card,94.69,3329.84,Yes
CUST-02123,Male,0,No,No,47,Yes,No,Fiber optic,Yes,No,Month-to-month,Yes,Mailed check,103.18,4860.79,Yes
CUST-02124,Female,1,Yes,No,70,Yes,No phone service,DSL,No,No,One year,Yes,Credit card,29.23,2108.95,No
CUST-02125,Female,0,Yes,No,72,Yes,Yes,Fiber optic,No,No internet service,Month-to-month,Yes,Electronic check,68.06,4900.32,No
CUST-02126,Male,0,No,No,7,Yes,No,Fiber optic,No,No,Month-to-month,Yes,Mailed check,111.28,778.96,Yes
CUST-02127,Male,0,No,Yes,24,Yes,No,DSL,No,Yes,One year,Yes,Mailed check,85.79,2058.96,Yes
CUST-02128,Male,0,Yes,No,6,Yes,Yes,DSL,No,No,Month-to-month,Yes,Electronic check,73.38,440.28,Yes
CUST-02129,Female,0,Yes,Yes,7,Yes,No,Fiber optic,Yes,No,Month-to-month,Yes,Electronic check,91.24,717.61,Yes
CUST-02130,Male,0,Yes,No,30,No,No,DSL,Yes,No,Month-to-month,No,Credit card,85.47,2604.37,Yes
CUST-02131,Male,0,No,No,11,Yes,No,No,No internet service,Yes,Two year,Yes,Bank transfer,114.11,1273.19,No
CUST-02132,Female,0,Yes,Yes,56,Yes,Yes,DSL,Yes,No,Two year,No,Mailed check,111.09,6240.95,No
CUST-02133,Male,1,No,No,65,Yes,No,Fiber optic,No,No,Month-to-month,Yes,Mailed check,58.57,3807.05,No
CUST-02134,Male,0,Yes,No,11,Yes,No phone service,No,No,No,One year,No,Credit card,21.27,233.97,No
CUST-02135,Male,1,Yes,Yes,26,Yes,Yes,Fiber optic,No,No internet service,Month-to-month,Yes,Mailed check,51.93,1350.18,No
CUST-02136,Female,0,No,Yes,45,No,No,DSL,No,Yes,Month-to-month,Yes,Electronic check,38.69,1741.05,Yes
CUST-02137,Female,0,Yes,No,6,Yes,No,DSL,No,Yes,Month-to-month,Yes,Mailed check,31.42,223.3,Yes
CUST-02138,Female,0,Yes,No,60,Yes,Yes,No,No,No,Two year,No,Bank transfer,108.57,6521.07,No
CUST-02139,Female,0,Yes,No,57,Yes,No,Fiber optic,No internet service,No,Month-to-month,No,Electronic check,90.41,5157.25,Yes
CUST-02140,Female,1,No,No,57,Yes,Yes,Fiber optic,No,Yes,One year,Yes,Credit card,21.32,1215.24,Yes
CUST-02141,Female,0,No,No,12,No,No,DSL,No,No internet service,Two year,Yes,Credit card,111.81,1341.72,No
CUST-02142,Female,1,Yes,No,52,Yes,No,DSL,No,No,Month-to-month,Yes,Mailed check,110.11,5755.91,Yes
CUST-02143,Male,0,Yes,No,64,Yes,Yes,Fiber optic,Yes,No,Two year,No,Electronic check,114.84,7369.55,Yes
CUST-02144,Male,0,Yes,No,48,Yes,Yes,No,No internet service,No internet service,Two year,No,Electronic check,102.65,4927.2,Yes
CUST-02145,Female,0,No,No,34,Yes,No,DSL,No internet service,No,One year,Yes,Electronic check,26.05,885.7,No
CUST-02146,Male,0,No,No,16,Yes,Yes,Fiber optic,Yes,No,Month-to-month,Yes,Mailed check,81.53,1337.8,Yes
CUST-02147,Male,0,No,No,71,Yes,No,DSL,No internet service,No,One year,No,Mailed check,26.47,1879.37,No
CUST-02148,Female,1,No,No,66,Yes,Yes,No,Yes,Yes,Two year,Yes,Credit card,90.77,6081.36,No
CUST-02149,Male,0,Yes,No,9,Yes,Yes,Fiber optic,Yes,No internet service,One year,Yes,Bank transfer,38.09,342.81,No
CUST-02150,Male,0,Yes,Yes,33,Yes,Yes,Fiber optic,No,Yes,Month-to-month,Yes,Electronic check,113.45,3743.85,Yes
CUST-02151,Male,0,Yes,No,3,Yes,Yes,No,No,No internet service,Two year,Yes,Mailed check,113.29,339.87,No
CUST-02152,Male,0,Yes,No,28,Yes,No,Fiber optic,No,No,Two year,No,Mailed check,78.65,2202.2,Yes
CUST-02153,Male,1,Yes,No,45,Yes,No,No,No internet service,Yes,Month-to-month,No,Bank transfer,94.77,4264.65,No
CUST-02154,Female,0,No,No,45,Yes,No,DSL,No,Yes,One year,No,Mailed check,105.53,4748.85,Yes
CUST-02155,Female,0,No,No,58,Yes,No,No,Yes,No,Month-to-month,No,Mailed check,57.69,3374.48,Yes
CUST-02156,Female,0,No,No,60,Yes,No,No,Yes,No,Month-to-month,No,Mailed check,77.08,4699.39,No
CUST-02157,Male,0,Yes,No,67,Yes,Yes,DSL,No internet service,No internet service,Month-to-month,Yes,Electronic check,35.95,2408.65,No
CUST-02158,Female,0,No,Yes,65,Yes,Yes,Fiber optic,No,Yes,Month-to-month,Yes,Bank transfer,118.52,7718.16,No
CUST-02159,Male,0,No,No,33,Yes,Yes,No,No internet service,No,One year,Yes,Credit card,112.8,3722.4,Yes
CUST-02160,Male,0,No,No,4,Yes,No,DSL,No,No internet service,One year,No,Bank transfer,67.31,269.24,Yes
CUST-02161,Male,0,Yes,No,8,Yes,No,Fiber optic,Yes,No,Month-to-month,Yes,Bank transfer,74.44,595.52,Yes
CUST-02162,Male,0,Yes,No,19,Yes,No,Fiber optic,No internet service,No,Month-to-month,No,Credit card,62.54,1223.04,Yes
CUST-02163,Female,0,Yes,No,20,Yes,No,DSL,Yes,Yes,Month-to-month,Yes,Credit card,18.17,375.92,Yes
CUST-02164,Female,0,Yes,Yes,16,Yes,Yes,Fiber optic,No internet service,No internet service,One year,Yes,Mailed check,41.46,663.36,No
CUST-02165,Male,0,No,No,11,Yes,No,Fiber optic,No,No,Month-to-month,Yes,Mailed check,28.37,350.97,Yes
CUST-02166,Female,0,Yes,Yes,66,Yes,No,DSL,No,No,Month-to-month,No,Mailed check,50.94,3433.52,No
CUST-02167,Male,0,Yes,No,4,Yes,Yes,Fiber optic,Yes,Yes,Two year,Yes,Electronic check,42.1,227.23,Yes
CUST-02168,Female,0,No,No,59,Yes,No,Fiber optic,No,No,Month-to-month,No,Electronic check,95.69,5645.71,Yes
CUST-02169,Female,0,No,No,52,No,No,No,No internet service,No internet service,One year,Yes,Bank transfer,69.49,3613.48,No
CUST-02170,Male,0,Yes,No,51,Yes,No,Fiber optic,No internet service,No,Month-to-month,Yes,Electronic check,101.33,5167.83,No
CUST-02171,Female,1,No,No,47,Yes,No phone service,Fiber optic,No internet service,Yes,Month-to-month,Yes,Electronic check,82.84,3893.48,Yes
CUST-02172,Male,0,Yes,Yes,18,Yes,No,Fiber optic,No,No,Month-to-month,No,Credit card,84.94,1528.92,Yes
CUST-02173,Female,0,Yes,No,16,Yes,No,Fiber optic,No internet service,No,One year,Yes,Mailed check,107.38,1761.58,Yes
CUST-02174,Male,0,Yes,Yes,53,Yes,No,No,No,No,Month-to-month,Yes,Credit card,104.41,5533.73,Yes
CUST-02175,Male,1,No,Yes,67,No,Yes,Fiber optic,No internet service,No internet service,Month-to-month,Yes,Mailed check,24.46,1638.82,No
CUST-02176,Female,0,No,Yes,34,Yes,Yes,Fiber optic,No internet service,No internet service,One year,Yes,Bank transfer,76.99,2617.66,No
CUST-02177,Female,1,Yes,No,40,Yes,Yes,Fiber optic,No internet service,No,Month-to-month,Yes,Credit card,60.14,2405.6,No
CUST-02178,Male,0,No,No,12,Yes,Yes,No,No,No,Month-to-month,No,Mailed check,79.16,975.84,No
CUST-02179,Female,0,Yes,No,32,Yes,No phone service,No,No internet service,Yes,Two year,No,Credit card,105.99,3391.68,No
CUST-02180,Female,0,No,No,14,Yes,Yes,DSL,No internet service,No internet service,Month-to-month,Yes,Credit card,19.23,269.22,No
CUST-02181,Male,0,Yes,Yes,62,Yes,No,Fiber optic,No,No,Two year,No,Mailed check,19.12,1228.68,No
CUST-02182,Male,1,Yes,No,14,Yes,No,Fiber optic,No,No,Two year,Yes,Electronic check,24.38,341.32,No
CUST-02183,Female,0,No,Yes,30,Yes,No,DSL,Yes,Yes,Month-to-month,Yes,Credit card,107.24,3279.72,Yes
CUST-02184,Male,0,No,No,27,Yes,Yes,Fiber optic,No,No,Two year,No,Bank transfer,54.06,1459.62,No
CUST-02185,Male,0,Yes,Yes,9,Yes,No,DSL,Yes,Yes,Two year,Yes,Electronic check,55.87,502.83,No
CUST-02186,Male,0,Yes,No,56,Yes,Yes,Fiber optic,No,No,Two year,No,Credit card,53.23,3005.65,No
CUST-02187,Female,0,Yes,No,70,Yes,No phone service,DSL,Yes,No,One year,No,Bank transfer,41.56,2924.79,No
CUST-02188,Female,0,Yes,No,32,Yes,No,DSL,Yes,No,Two year,Yes,Bank transfer,21.96,753.74,No
CUST-02189,Male,1,No,No,6,No,Yes,DSL,No,Yes,One year,Yes,Mailed check,110.46,684.22,Yes
CUST-02190,Female,0,No,No,4,Yes,Yes,Fiber optic,Yes,Yes,Two year,Yes,Electronic check,41.75,241.87,No
CUST-02191,Male,0,Yes,Yes,56,Yes,No,DSL,Yes,Yes,One year,Yes,Electronic check,109.18,6129.68,No
CUST-02192,Female,0,Yes,No,71,No,Yes,No,No,No,Two year,Yes,Mailed check,115.48,8250.13,No
CUST-02193,Male,0,No,No,39,Yes,No,DSL,No internet service,No,Month-to-month,Yes,Credit card,76.82,3038.02,No
CUST-02194,Male,0,Yes,Yes,27,Yes,No,No,No,No,One year,Yes,Credit card,55.97,1511.19,No
CUST-02195,Female,1,No,No,35,Yes,No,Fiber optic,Yes,No,Two year,No,Bank transfer,96.11,3363.85,Yes
CUST-02196,Male,0,Yes,Yes,55,Yes,No,No,No,Yes,Month-to-month,No,Bank transfer,20.59,1132.45,No
CUST-02197,Female,0,No,No,46,Yes,No,DSL,No,Yes,Month-to-month,Yes,Bank transfer,112.74,5293.89,Yes
CUST-02198,Female,0,No,Yes,70,Yes,Yes,DSL,Yes,No,Month-to-month,Yes,Bank transfer,59.61,4172.7,No
CUST-02199,Male,1,No,No,39,Yes,No,Fiber optic,Yes,No,Two year,No,Mailed check,49.48,1950.84,No
CUST-02200,Male,0,No,No,58,Yes,No,Fiber optic,No,No,Two year,Yes,Credit card,30.95,1800.37,No
CUST-02201,Female,0,Yes,Yes,42,Yes,Yes,Fiber optic,No,Yes,Month-to-month,No,Bank transfer,115.43,4859.62,Yes
CUST-02202,Male,0,No,No,65,Yes,Yes,DSL,No,No,Two year,Yes,Electronic check,100.73,6550.39,No
CUST-02203,Male,0,No,No,8,Yes,Yes,Fiber optic,No,Yes,Month-to-month,No,Bank transfer,91.84,734.72,No
CUST-02204,Male,0,Yes,No,5,Yes,No,DSL,Yes,No,Month-to-month,No,Bank transfer,112.96,564.8,Yes
CUST-02205,Male,0,Yes,No,64,Yes,Yes,Fiber optic,No,No internet service,One year,Yes,Credit card,115.9,7417.6,Yes
CUST-02206,Male,0,Yes,No,2,Yes,No,Fiber optic,No,No,Month-to-month,No,Bank transfer,45.38,128.07,Yes
CUST-02207,Female,0,Yes,No,36,Yes,Yes,Fiber optic,Yes,No,Month-to-month,No,Mailed check,98.23,3559.8,No
CUST-02208,Female,0,Yes,Yes,32,Yes,No,No,Yes,Yes,One year,No,Credit card,96.23,3089.85,No
CUST-02209,Male,0,No,Yes,8,Yes,No,DSL,No,Yes,Month-to-month,No,Credit card,74.85,689.03,Yes
CUST-02210,Male,0,Yes,No,52,No,Yes,Fiber optic,No internet service,No,Two year,Yes,Bank transfer,33.34,1856.15,No
CUST-02211,Male,0,No,Yes,50,Yes,Yes,DSL,Yes,No,Month-to-month,No,Mailed check,113.92,5696.0,Yes
CUST-02212,Female,0,Yes,No,70,Yes,Yes,DSL,No,No,Two year,No,Credit card,50.17,3582.49,No
CUST-02213,Male,0,Yes,No,25,Yes,No,Fiber optic,Yes,No,Two year,Yes,Electronic check,77.05,1926.25,No
CUST-02214,Female,0,No,No,15,Yes,No,Fiber optic,Yes,No internet service,One year,No,Bank transfer,19.98,299.7,No
CUST-02215,Female,0,No,Yes,39,Yes,Yes,No,Yes,No internet service,Month-to-month,No,Credit card,61.77,2417.26,No
CUST-02216,Female,0,Yes,No,50,Yes,No,Fiber optic,No,No internet service,Two year,Yes,Bank transfer,80.92,4088.07,No
CUST-02217,Male,1,Yes,No,38,Yes,Yes,DSL,Yes,No,Month-to-month,Yes,Electronic check,56.86,2160.68,No
CUST-02218,Female,0,Yes,Yes,54,Yes,No,DSL,No,No,Month-to-month,No,Bank transfer,66.66,3603.6,Yes
CUST-02219,Male,1,No,No,35,Yes,Yes,Fiber optic,No,No internet service,Month-to-month,Yes,Bank transfer,37.59,1321.51,No
CUST-02220,Female,0,No,No,64,Yes,No,Fiber optic,No,No,Two year,Yes,Mailed check,53.72,3438.08,No
CUST-02221,Male,0,Yes,Yes,44,Yes,No,DSL,Yes,No,Two year,Yes,Mailed check,91.78,4060.22,No
CUST-02222,Female,0,No,No,8,Yes,No,Fiber optic,No,Yes,Two year,No,Electronic check,116.91,935.28,No
CUST-02223,Male,0,No,Yes,36,No,Yes,No,No internet service,No internet service,One year,Yes,Mailed check,65.82,2398.1,No
CUST-02224,Female,0,Yes,No,0,Yes,Yes,Fiber optic,No,No internet service,Month-to-month,No,Credit card,87.98,0.0,Yes
CUST-02225,Male,0,No,No,65,Yes,No,Fiber optic,Yes,No,Two year,Yes,Mailed check,117.57,7642.05,No
CUST-02226,Male,1,No,No,62,Yes,No,No,No,No,Month-to-month,No,Credit card,97.03,6129.78,No
CUST-02227,Male,1,Yes,No,42,Yes,Yes,No,No,No internet service,Month-to-month,Yes,Electronic check,19.03,799.26,No
CUST-02228,Male,0,Yes,No,27,Yes,No,DSL,Yes,No internet service,Month-to-month,Yes,Electronic check,113.43,3062.61,Yes
CUST-02229,Female,0,Yes,No,30,Yes,Yes,DSL,No,No,Month-to-month,Yes,Bank transfer,106.39,3191.7,Yes
CUST-02230,Female,0,Yes,No,68,No,Yes,Fiber optic,Yes,No,Two year,No,Credit card,45.65,3110.94,No
CUST-02231,Male,0,No,Yes,7,Yes,No,Fiber optic,No,No,Month-to-month,Yes,Bank transfer,36.52,270.56,Yes
CUST-02232,Female,0,Yes,Yes,33,Yes,No phone service,No,No,Yes,Month-to-month,Yes,Bank transfer,109.72,3681.55,No
CUST-02233,Male,1,No,No,48,Yes,Yes,No,No internet service,No,One year,Yes,Bank transfer,88.25,4236.0,Yes
CUST-02234,Male,0,No,No,57,No,No,DSL,No,No,Month-to-month,Yes,Credit card,42.17,2403.69,Yes
CUST-02235,Female,0,No,Yes,46,Yes,No,Fiber optic,No,No internet service,Month-to-month,Yes,Mailed check,90.82,4189.98,Yes
CUST-02236,Male,0,No,Yes,24,Yes,No phone service,Fiber optic,No,Yes,Two year,No,Credit card,79.22,1901.28,No
CUST-02237,Male,0,Yes,No,2,Yes,Yes,Fiber optic,Yes,Yes,Month-to-month,Yes,Mailed check,49.54,157.42,Yes
CUST-02238,Female,0,Yes,No,44,Yes,No phone service,No,No internet service,No,Two year,No,Credit card,74.79,3290.76,No
CUST-02239,Male,0,No,No,51,No,Yes,Fiber optic,Yes,Yes,Month-to-month,Yes,Electronic check,71.78,3696.75,Yes
CUST-02240,Male,0,Yes,No,33,Yes,Yes,Fiber optic,No,No,Month-to-month,No,Electronic check,70.0,2483.76,No
CUST-02241,Male,0,Yes,No,68,Yes,Yes,DSL,Yes,Yes,One year,Yes,Mailed check,70.77,4842.63,No
CUST-02242,Male,0,No,No,7,Yes,Yes,Fiber optic,No,No,Month-to-month,No,Bank transfer,18.04,161.3,Yes
CUST-02243,Female,1,No,No,26,Yes,No,DSL,No,Yes,Month-to-month,No,Bank transfer,45.4,1185.72,Yes
CUST-02244,Female,0,Yes,Yes,62,Yes,No,Fiber optic,No,No,Month-to-month,Yes,Bank transfer,61.95,3840.9,No
CUST-02245,Female,0,No,No,24,Yes,Yes,DSL,No internet service,No,Month-to-month,Yes,Bank transfer,30.98,782.97,No
CUST-02246,Male,0,No,No,57,Yes,Yes,Fiber optic,Yes,Yes,Month-to-month,No,Credit card,94.41,5381.37,No
CUST-02247,Male,0,Yes,No,47,Yes,Yes,DSL,Yes,No,Month-to-month,Yes,Electronic check,104.38,4905.86,No
CUST-02248,Female,0,Yes,Yes,0,Yes,Yes,DSL,No,Yes,Month-to-month,Yes,Credit card,101.41,0.0,Yes
CUST-02249,Male,0,No,No,7,Yes,Yes,DSL,No internet service,No internet service,Two year,Yes,Credit card,64.88,480.28,No
CUST-02250,Male,0,Yes,Yes,20,Yes,Yes,No,No,No,Month-to-month,No,Credit card,88.45,1769.0,Yes
CUST-02251,Male,0,Yes,Yes,28,Yes,Yes,DSL,No internet service,No internet service,Month-to-month,No,Mailed check,25.84,757.23,No
CUST-02252,Male,0,No,No,29,Yes,No,Fiber optic,Yes,Yes,One year,Yes,Electronic check,38.34,1133.82,No
CUST-02253,Female,0,No,No,2,Yes,No,DSL,Yes,Yes,Two year,Yes,Mailed check,22.79,49.58,Yes
CUST-02254,Female,1,Yes,No,6,Yes,Yes,Fiber optic,No,No,Month-to-month,No,Bank transfer,116.47,698.82,Yes
CUST-02255,Female,1,Yes,No,10,Yes,Yes,Fiber optic,No,No,Month-to-month,No,Electronic check,76.58,811.86,Yes
CUST-02256,Male,0,Yes,No,31,Yes,No,DSL,No,Yes,Month-to-month,Yes,Mailed check,35.87,1111.97,No
CUST-02257,Female,0,No,No,58,No,Yes,DSL,Yes,No,Month-to-month,Yes,Mailed check,90.17,5229.86,No
CUST-02258,Female,0,Yes,No,11,Yes,No,DSL,No,No,Month-to-month,Yes,Credit card,67.89,746.79,Yes
CUST-02259,Male,1,No,Yes,37,Yes,No phone service,Fiber optic,No internet service,Yes,Month-to-month,Yes,Mailed check,62.29,2304.73,Yes
CUST-02260,Male,0,No,No,23,Yes,No,DSL,No,No,Month-to-month,No,Mailed check,111.17,2556.91,No
CUST-02261,Female,1,Yes,No,64,Yes,No,Fiber optic,No,No internet service,Month-to-month,No,Bank transfer,90.24,5822.89,No
CUST-02262,Female,0,No,Yes,17,Yes,Yes,DSL,No,No,Month-to-month,Yes,Bank transfer,88.45,1583.4,Yes
CUST-02263,Female,0,No,No,45,Yes,Yes,Fiber optic,No,No internet service,One year,No,Mailed check,27.93,1284.49,Yes
CUST-02264,Female,0,No,No,55,Yes,No,Fiber optic,Yes,Yes,Month-to-month,No,Mailed check,27.39,1544.16,No
CUST-02265,Male,1,Yes,No,62,Yes,No,DSL,No,Yes,Month-to-month,Yes,Mailed check,85.77,5400.65,No
CUST-02266,Female,1,No,No,6,Yes,No,No,No internet service,Yes,Month-to-month,No,Credit card,33.96,285.38,No
CUST-02267,Female,0,No,No,65,No,No,No,No internet service,No,Month-to-month,Yes,Credit card,64.23,4204.54,Yes
CUST-02268,Male,0,No,Yes,39,Yes,Yes,DSL,No internet service,No,Two year,Yes,Credit card,76.12,2968.68,No
CUST-02269,Female,0,Yes,Yes,53,Yes,Yes,Fiber optic,No internet service,Yes,Two year,Yes,Bank transfer,57.59,3052.27,No
CUST-02270,Male,0,No,No,30,Yes,Yes,DSL,No internet service,No,Month-to-month,Yes,Electronic check,26.69,803.85,Yes
CUST-02271,Male,0,Yes,No,51,Yes,No,Fiber optic,Yes,No,Month-to-month,No,Credit card,93.82,4793.54,No
CUST-02272,Male,0,Yes,No,30,Yes,Yes,DSL,Yes,No internet service,One year,No,Credit card,108.27,3378.95,No
CUST-02273,Female,0,Yes,No,33,No,Yes,No,No internet service,No,Month-to-month,Yes,Mailed check,34.49,1171.41,Yes
CUST-02274,Female,0,No,No,6,Yes,No,Fiber optic,No,Yes,Two year,Yes,Credit card,105.12,641.05,Yes
CUST-02275,Male,0,Yes,No,15,Yes,Yes,No,No,No,Month-to-month,Yes,Electronic check,98.45,1476.75,No
CUST-02276,Female,0,No,Yes,21,Yes,No,Fiber optic,No,Yes,One year,No,Bank transfer,75.51,1590.1,Yes
CUST-02277,Female,0,No,Yes,52,Yes,Yes,DSL,No,No,Month-to-month,No,Credit card,78.8,4160.18,No
CUST-02278,Male,0,Yes,No,16,Yes,No,DSL,Yes,No,Month-to-month,No,Bank transfer,84.46,1351.36,No
CUST-02279,Male,0,No,No,3,Yes,Yes,Fiber optic,No internet service,No internet service,Month-to-month,No,Credit card,71.53,214.59,Yes
CUST-02280,Female,0,Yes,No,60,No,No,Fiber optic,No internet service,No internet service,One year,Yes,Bank transfer,104.12,6247.2,No
CUST-02281,Male,0,Yes,No,51,Yes,No,No,No,No internet service,Two year,Yes,Bank transfer,66.36,3384.36,No
CUST-02282,Female,0,No,No,34,Yes,No,No,Yes,No,Two year,Yes,Credit card,73.8,2509.2,No
CUST-02283,Female,0,No,No,43,Yes,No,Fiber optic,Yes,No internet service,Month-to-month,No,Credit card,21.75,935.25,Yes
CUST-02284,Female,0,No,No,14,Yes,No,Fiber optic,No,No,One year,No,Bank transfer,36.37,536.65,No
CUST-02285,Female,0,No,No,60,Yes,Yes,DSL,No,No,Month-to-month,Yes,Electronic check,110.19,6645.7,No
CUST-02286,Male,1,Yes,No,43,Yes,No,No,No,No,One year,Yes,Electronic check,30.4,1382.68,No
CUST-02287,Male,1,Yes,No,20,Yes,Yes,DSL,Yes,No,Month-to-month,No,Electronic check,110.21,2204.2,Yes
CUST-02288,Male,0,No,Yes,46,Yes,Yes,Fiber optic,No internet service,Yes,One year,Yes,Electronic check,82.86,3811.56,No
CUST-02289,Male,0,Yes,No,48,Yes,Yes,DSL,No,No,Two year,Yes,Credit card,111.85,5386.07,Yes
CUST-02290,Female,0,Yes,No,52,Yes,Yes,No,No,No internet service,Two year,Yes,Mailed check,101.06,5255.12,No
CUST-02291,Female,1,No,No,26,Yes,No phone service,DSL,Yes,Yes,Month-to-month,Yes,Bank transfer,106.26,2762.76,No
CUST-02292,Male,0,Yes,No,30,Yes,Yes,No,No internet service,No,Month-to-month,No,Electronic check,71.49,2144.7,No
CUST-02293,Female,0,Yes,No,43,Yes,Yes,Fiber optic,No,No,Two year,Yes,Electronic check,102.18,4424.15,No
CUST-02294,Female,0,No,Yes,31,Yes,No,DSL,Yes,No internet service,Two year,No,Mailed check,64.97,2059.93,No
CUST-02295,Female,0,No,No,29,Yes,Yes,Fiber optic,No,No,Month-to-month,Yes,Mailed check,22.51,772.29,Yes
CUST-02296,Male,0,No,Yes,17,Yes,No,DSL,No,No,Two year,No,Credit card,84.44,1435.48,Yes
CUST-02297,Male,0,No,Yes,62,No,No phone service,DSL,No internet service,No,Two year,No,Bank transfer,92.3,5722.6,No
CUST-02298,Male,0,Yes,No,15,Yes,Yes,No,No,No internet service,Month-to-month,Yes,Bank transfer,28.36,425.4,No
CUST-02299,Female,0,No,No,34,No,Yes,DSL,Yes,Yes,One year,Yes,Mailed check,101.22,3449.24,No
CUST-02300,Male,0,No,No,61,No,Yes,DSL,No,No,One year,Yes,Mailed check,25.67,1592.88,No
CUST-02301,Male,0,Yes,No,8,Yes,No,Fiber optic,No,Yes,One year,Yes,Mailed check,63.04,504.32,Yes
CUST-02302,Male,1,Yes,No,61,Yes,Yes,Fiber optic,No,No,Month-to-month,No,Credit card,67.77,4133.97,Yes
CUST-02303,Male,0,No,Yes,38,Yes,No,No,No,Yes,Month-to-month,Yes,Bank transfer,21.75,926.49,Yes
CUST-02304,Male,0,No,Yes,50,Yes,No,DSL,Yes,No internet service,Month-to-month,Yes,Mailed check,24.71,1253.64,No
CUST-02305,Male,0,No,No,9,Yes,No,DSL,No internet service,No internet service,One year,No,Electronic check,63.97,575.73,No
CUST-02306,Female,0,No,Yes,51,Yes,Yes,DSL,No,No,Two year,No,Bank transfer,49.75,2537.25,No
CUST-02307,Female,1,No,No,11,Yes,Yes,Fiber optic,Yes,No,One year,Yes,Bank transfer,101.22,1228.01,No
CUST-02308,Male,0,No,No,71,Yes,No,Fiber optic,Yes,No internet service,Month-to-month,Yes,Electronic check,60.21,4322.33,No
CUST-02309,Male,1,No,No,61,Yes,No,DSL,No,No,Two year,Yes,Electronic check,28.76,1754.36,No
CUST-02310,Female,0,Yes,Yes,2,No,Yes,No,No,No,Month-to-month,Yes,Bank transfer,34.1,68.2,No
CUST-02311,Female,1,No,No,10,Yes,No,No,Yes,No internet service,Two year,Yes,Bank transfer,86.69,934.98,No
CUST-02312,Male,0,Yes,No,7,Yes,No,No,No,No,One year,No,Mailed check,114.91,804.37,No
CUST-02313,Male,0,No,Yes,22,Yes,Yes,DSL,No,Yes,One year,Yes,Credit card,106.7,2372.37,No
CUST-02314,Male,0,No,No,9,Yes,No phone service,Fiber optic,No,No internet service,One year,No,Credit card,31.21,305.0,Yes
CUST-02315,Male,1,No,No,17,Yes,No,No,Yes,Yes,Month-to-month,Yes,Mailed check,19.67,389.54,Yes
CUST-02316,Female,1,No,No,38,Yes,No,Fiber optic,Yes,No internet service,Month-to-month,No,Electronic check,20.7,814.71,Yes
CUST-02317,Male,0,Yes,No,25,Yes,No,No,Yes,No internet service,Month-to-month,Yes,Electronic check,74.59,1895.91,No
CUST-02318,Male,1,Yes,Yes,10,Yes,No,No,No internet service,No,One year,No,Electronic check,67.56,692.48,No
CUST-02319,Male,0,Yes,No,9,Yes,No,DSL,No,Yes,Month-to-month,Yes,Electronic check,19.37,189.63,No
CUST-02320,Male,0,No,No,2,Yes,Yes,Fiber optic,No,No internet service,One year,Yes,Mailed check,23.83,141.31,Yes
CUST-02321,Female,0,No,Yes,61,Yes,No,DSL,No,No internet service,Two year,No,Bank transfer,119.97,7318.93,Yes
CUST-02322,Female,0,No,No,70,Yes,Yes,DSL,No,Yes,Month-to-month,Yes,Mailed check,116.42,8192.82,No
CUST-02323,Female,0,Yes,Yes,60,Yes,Yes,No,No internet service,No,One year,No,Electronic check,30.93,1855.8,No
CUST-02324,Male,0,No,No,3,Yes,Yes,No,Yes,No,Two year,No,Mailed check,34.74,104.22,No
CUST-02325,Male,0,No,Yes,60,Yes,No,No,No internet service,No,Month-to-month,Yes,Credit card,109.82,6589.2,No
CUST-02326,Female,0,Yes,No,7,Yes,No,DSL,Yes,No,Two year,No,Credit card,69.76,488.32,No
CUST-02327,Male,0,No,No,12,Yes,No,No,Yes,No,Month-to-month,Yes,Electronic check,115.71,1388.52,Yes
CUST-02328,Male,0,No,No,11,Yes,No,No,No internet service,Yes,Month-to-month,Yes,Mailed check,71.07,781.77,Yes
CUST-02329,Female,0,No,No,34,Yes,Yes,No,Yes,Yes,Two year,No,Credit card,76.88,2673.82,No
CUST-02330,Female,0,Yes,No,53,Yes,Yes,No,Yes,No internet service,Two year,No,Bank transfer,40.45,2143.85,No
CUST-02331,Female,0,No,No,50,No,Yes,Fiber optic,Yes,No,Month-to-month,Yes,Electronic check,107.36,5368.0,Yes
CUST-02332,Female,0,Yes,No,42,Yes,Yes,DSL,No,No,Month-to-month,No,Mailed check,102.15,4290.3,No
CUST-02333,Male,0,No,No,65,Yes,No,DSL,No,No internet service,Two year,Yes,Electronic check,52.42,3407.3,No
CUST-02334,Male,0,Yes,No,14,Yes,No,DSL,No,Yes,Two year,No,Credit card,80.46,1208.38,Yes
CUST-02335,Female,0,Yes,No,48,Yes,Yes,Fiber optic,Yes,No,One year,Yes,Bank transfer,52.83,2535.84,Yes
CUST-02336,Male,0,No,No,33,Yes,No,DSL,No,No,Month-to-month,Yes,Credit card,65.32,2206.16,No
CUST-02337,Female,0,Yes,No,38,No,No,Fiber optic,No,No,One year,Yes,Electronic check,105.06,3992.28,Yes
CUST-02338,Female,0,No,Yes,25,Yes,Yes,DSL,No,No,Month-to-month,Yes,Bank transfer,60.37,1520.6,Yes
CUST-02339,Male,0,No,No,68,Yes,No,No,No,No,Two year,No,Mailed check,103.74,7101.93,No
CUST-02340,Female,1,No,Yes,47,Yes,Yes,DSL,No internet service,No internet service,Month-to-month,Yes,Credit card,115.93,5448.71,Yes
CUST-02341,Male,1,No,No,50,Yes,No,Fiber optic,No,No,One year,No,Bank transfer,60.47,3023.5,Yes
CUST-02342,Male,0,Yes,Yes,3,Yes,Yes,Fiber optic,No,No,Month-to-month,Yes,Electronic check,107.51,322.53,Yes
CUST-02343,Male,0,No,No,26,No,No,DSL,No,Yes,Month-to-month,Yes,Mailed check,49.01,1274.26,Yes
CUST-02344,Male,0,Yes,No,41,Yes,No,Fiber optic,No,No,One year,Yes,Electronic check,18.29,788.57,Yes
CUST-02345,Female,0,Yes,No,55,Yes,No phone service,Fiber optic,Yes,No internet service,Month-to-month,Yes,Electronic check,26.62,1533.48,No
CUST-02346,Male,1,No,No,68,Yes,No,Fiber optic,Yes,No,Two year,Yes,Mailed check,93.18,6336.24,No
CUST-02347,Female,0,Yes,No,17,Yes,Yes,No,No internet service,No internet service,One year,Yes,Bank transfer,28.22,493.22,No
CUST-02348,Female,0,No,No,60,Yes,No,DSL,No,No,Month-to-month,Yes,Bank transfer,113.79,6827.4,Yes
CUST-02349,Female,0,No,No,3,Yes,No,No,No,No internet service,One year,Yes,Mailed check,106.39,442.65,No
CUST-02350,Female,1,No,No,0,Yes,No,No,No,No,One year,No,Mailed check,70.51,25.03,Yes
CUST-02351,Male,0,No,No,49,Yes,No phone service,No,Yes,No,Month-to-month,Yes,Electronic check,77.31,3830.18,No
CUST-02352,Male,0,Yes,No,69,Yes,No,Fiber optic,No internet service,No internet service,Month-to-month,No,Electronic check,88.82,6128.58,No
CUST-02353,Female,0,No,Yes,19,Yes,No,DSL,Yes,No,Month-to-month,Yes,Credit card,92.61,1813.11,No
CUST-02354,Female,0,No,No,19,Yes,Yes,Fiber optic,No,Yes,Month-to-month,No,Mailed check,68.1,1300.85,Yes
CUST-02355,Male,0,No,No,45,No,Yes,DSL,Yes,No,Month-to-month,Yes,Credit card,49.97,2296.88,Yes
CUST-02356,Female,0,Yes,No,26,No,No phone service,DSL,No,No internet service,Two year,Yes,Mailed check,110.84,2881.84,No
CUST-02357,Male,1,No,No,25,Yes,No phone service,DSL,No,Yes,One year,No,Credit card,22.75,577.79,Yes
CUST-02358,Female,1,Yes,No,31,Yes,Yes,Fiber optic,Yes,No internet service,Month-to-month,Yes,Electronic check,54.32,1683.92,Yes
CUST-02359,Male,1,Yes,No,9,Yes,No,DSL,No,No,One year,Yes,Electronic check,85.98,805.02,No
CUST-02360,Female,0,No,Yes,11,Yes,No,No,Yes,No internet service,Two year,No,Bank transfer,108.89,1225.56,No
CUST-02361,Female,0,No,No,23,Yes,No,Fiber optic,Yes,Yes,Month-to-month,No,Credit card,25.57,588.11,Yes
CUST-02362,Male,0,No,Yes,50,Yes,No,DSL,No,No,Month-to-month,Yes,Mailed check,85.21,4260.5,Yes
CUST-02363,Female,0,No,No,37,Yes,Yes,No,No,No internet service,Two year,Yes,Credit card,67.68,2504.16,No
CUST-02364,Female,0,No,No,45,Yes,No,No,No,Yes,Month-to-month,Yes,Electronic check,88.02,3985.57,Yes
CUST-02365,Male,0,Yes,Yes,7,Yes,Yes,DSL,Yes,No,Two year,Yes,Bank transfer,50.35,352.45,No
CUST-02366,Female,0,Yes,No,54,Yes,No,DSL,No internet service,Yes,Month-to-month,No,Credit card,90.49,4983.94,No
CUST-02367,Male,0,Yes,No,30,Yes,No,DSL,No,No,One year,No,Electronic check,36.39,1091.7,Yes
CUST-02368,Male,0,No,Yes,15,No,No,No,Yes,Yes,One year,Yes,Mailed check,97.09,1605.74,No
CUST-02369,Female,0,Yes,No,19,Yes,No,DSL,No,No,Month-to-month,Yes,Bank transfer,94.43,1794.76,Yes
CUST-02370,Female,0,Yes,Yes,37,Yes,No,Fiber optic,Yes,No,Month-to-month,No,Electronic check,114.57,4239.09,Yes
CUST-02371,Female,0,No,No,14,Yes,No,Fiber optic,No,No internet service,One year,Yes,Mailed check,35.67,499.38,No
CUST-02372,Female,0,Yes,No,33,Yes,No,Fiber optic,No,No,Two year,Yes,Credit card,91.64,3025.08,No
CUST-02373,Female,0,Yes,No,71,Yes,Yes,Fiber optic,No,No internet service,One year,Yes,Mailed check,50.91,3614.61,No
CUST-02374,Female,0,No,No,18,Yes,No phone service,Fiber optic,Yes,No,Two year,Yes,Mailed check,46.75,841.5,No
CUST-02375,Female,0,Yes,No,68,Yes,Yes,DSL,No,No internet service,Month-to-month,Yes,Mailed check,58.96,4009.28,No
CUST-02376,Male,0,Yes,Yes,62,Yes,No,Fiber optic,No internet service,No internet service,Month-to-month,Yes,Bank transfer,47.09,2919.58,No
CUST-02377,Female,0,Yes,No,31,Yes,Yes,Fiber optic,Yes,No internet service,One year,No,Electronic check,43.32,1416.75,Yes
CUST-02378,Male,0,No,No,36,Yes,No,No,Yes,No,Month-to-month,No,Electronic check,96.38,3469.68,Yes
CUST-02379,Female,0,No,Yes,65,Yes,Yes,No,No,No internet service,Month-to-month,Yes,Mailed check,89.35,5834.4,No
CUST-02380,Female,0,Yes,No,6,Yes,No phone service,DSL,No,Yes,One year,No,Credit card,29.15,174.9,Yes
CUST-02381,Male,0,No,Yes,47,Yes,Yes,DSL,No,Yes,Two year,No,Credit card,75.14,3582.22,No
CUST-02382,Female,0,Yes,No,10,Yes,Yes,No,No,No,Month-to-month,Yes,Electronic check,51.76,517.6,No
CUST-02383,Female,0,No,No,30,Yes,No,No,No,No internet service,Month-to-month,Yes,Credit card,117.05,3524.12,No
CUST-02384,Male,0,Yes,No,43,Yes,Yes,DSL,Yes,Yes,Two year,No,Mailed check,61.35,2638.05,No
CUST-02385,Female,1,No,No,44,Yes,No,Fiber optic,Yes,No internet service,Month-to-month,No,Electronic check,22.14,974.16,Yes
CUST-02386,Female,0,No,No,71,Yes,No,Fiber optic,No,Yes,Month-to-month,Yes,Electronic check,51.84,3680.64,Yes
CUST-02387,Female,0,No,Yes,55,Yes,No,Fiber optic,No internet service,No,Two year,Yes,Credit card,49.9,2824.84,No
CUST-02388,Male,0,Yes,No,31,Yes,Yes,Fiber optic,Yes,No internet service,Month-to-month,Yes,Electronic check,18.57,578.13,Yes
CUST-02389,Female,0,Yes,No,20,Yes,Yes,No,No internet service,No internet service,Month-to-month,No,Bank transfer,67.75,1355.0,Yes
CUST-02390,Female,0,No,No,30,Yes,Yes,DSL,No internet service,No,Month-to-month,Yes,Mailed check,110.39,3311.7,No
CUST-02391,Female,0,Yes,No,0,Yes,Yes,Fiber optic,No,No,Month-to-month,Yes,Bank transfer,99.84,20.96,Yes
CUST-02392,Female,0,No,Yes,10,Yes,Yes,Fiber optic,No internet service,Yes,One year,No,Electronic check,87.83,911.95,No
CUST-02393,Male,0,No,No,67,Yes,No,Fiber optic,No,Yes,Month-to-month,Yes,Credit card,53.04,3553.68,No
CUST-02394,Male,0,No,Yes,35,Yes,No,Fiber optic,No,No internet service,Month-to-month,Yes,Bank transfer,41.66,1493.08,No
CUST-02395,Female,0,Yes,Yes,58,Yes,Yes,DSL,No,Yes,One year,No,Bank transfer,52.95,3071.1,No
CUST-02396,Female,0,No,No,66,Yes,Yes,DSL,No internet service,Yes,Two year,Yes,Bank transfer,30.55,2016.3,No
CUST-02397,Male,0,No,Yes,55,Yes,No,Fiber optic,No internet service,No,Two year,Yes,Credit card,28.15,1548.25,No
CUST-02398,Male,0,No,Yes,50,No,Yes,Fiber optic,No internet service,No,Two year,No,Credit card,76.6,3830.0,No
CUST-02399,Female,1,Yes,No,28,Yes,No,DSL,Yes,No,Month-to-month,Yes,Electronic check,101.03,2922.75,Yes
CUST-02400,Male,0,Yes,Yes,1,Yes,Yes,Fiber optic,No,No,Month-to-month,Yes,Credit card,28.14,34.01,No
CUST-02401,Female,0,Yes,Yes,5,Yes,No,Fiber optic,No,Yes,One year,No,Bank transfer,52.19,298.06,No
CUST-02402,Male,0,Yes,Yes,30,Yes,No,Fiber optic,No,No internet service,Month-to-month,Yes,Electronic check,30.52,975.61,No
CUST-02403,Male,0,No,Yes,53,Yes,No phone service,Fiber optic,No,Yes,Two year,Yes,Credit card,49.67,2637.04,No
CUST-02404,Male,1,No,No,39,Yes,Yes,Fiber optic,Yes,No,Month-to-month,Yes,Mailed check,102.69,4052.07,Yes
CUST-02405,Male,0,Yes,No,16,Yes,Yes,DSL,No internet service,Yes,Month-to-month,Yes,Credit card,21.55,346.2,No
CUST-02406,Female,1,No,No,4,Yes,No,Fiber optic,No internet service,No,Month-to-month,No,Credit card,84.02,336.08,Yes
CUST-02407,Male,0,Yes,No,1,Yes,No phone service,DSL,Yes,Yes,Month-to-month,No,Electronic check,24.1,24.1,No
CUST-02408,Male,0,Yes,Yes,57,Yes,No,Fiber optic,No,No,One year,Yes,Electronic check,61.51,3506.07,No
CUST-02409,Female,0,Yes,Yes,11,Yes,No,Fiber optic,No,No internet service,One year,Yes,Electronic check,66.35,756.15,No
CUST-02410,Male,1,Yes,Yes,4,Yes,Yes,DSL,No internet service,Yes,Month-to-month,Yes,Mailed check,58.95,235.8,Yes
CUST-02411,Male,0,No,No,59,No,Yes,DSL,No,No internet service,Two year,Yes,Mailed check,83.01,4897.59,No
CUST-02412,Female,0,Yes,No,40,No,Yes,DSL,No,Yes,Month-to-month,No,Credit card,117.31,4736.81,Yes
CUST-02413,Male,0,No,No,19,Yes,No,Fiber optic,No internet service,Yes,Two year,No,Credit card,45.26,918.17,No
CUST-02414,Female,0,Yes,No,71,Yes,Yes,DSL,No,No,One year,Yes,Electronic check,80.2,5778.67,No
CUST-02415,Female,1,No,Yes,0,Yes,Yes,DSL,No,No,One year,Yes,Electronic check,54.21,0.0,Yes
CUST-02416,Female,0,Yes,No,55,Yes,No,Fiber optic,Yes,No,Two year,Yes,Mailed check,119.95,6597.25,No
CUST-02417,Female,0,Yes,No,69,Yes,No phone service,DSL,No internet service,Yes,Two year,No,Mailed check,115.0,7935.0,No
CUST-02418,Male,0,Yes,No,55,Yes,No,Fiber optic,No,Yes,Month-to-month,Yes,Electronic check,27.53,1580.63,Yes
CUST-02419,Female,0,Yes,No,53,Yes,No,No,No,Yes,Month-to-month,Yes,Credit card,117.31,6260.84,No
CUST-02420,Male,1,Yes,No,10,No,No phone service,No,No,No internet service,Month-to-month,No,Mailed check,93.3,956.07,No
CUST-02421,Male,0,No,No,2,Yes,Yes,DSL,No,No,Month-to-month,No,Electronic check,119.22,270.27,Yes
CUST-02422,Male,0,No,No,27,Yes,Yes,Fiber optic,No,No,One year,Yes,Electronic check,96.64,2643.5,No
CUST-02423,Male,1,No,No,4,Yes,No,Fiber optic,Yes,No,One year,Yes,Electronic check,31.15,219.4,Yes
CUST-02424,Male,0,No,No,15,Yes,No,No,No internet service,No,Month-to-month,Yes,Mailed check,94.55,1418.25,Yes
CUST-02425,Male,0,Yes,Yes,30,No,No,Fiber optic,Yes,No internet service,Month-to-month,Yes,Credit card,92.12,2763.6,Yes
CUST-02426,Male,0,Yes,No,27,Yes,Yes,Fiber optic,No,Yes,One year,No,Mailed check,35.01,969.64,No
CUST-02427,Male,0,No,No,6,Yes,No,No,Yes,No,Month-to-month,Yes,Credit card,94.82,607.41,No
CUST-02428,Male,0,No,Yes,8,No,No,DSL,No internet service,No,One year,Yes,Mailed check,86.83,694.64,Yes
CUST-02429,Male,1,No,No,38,Yes,Yes,Fiber optic,Yes,Yes,Month-to-month,Yes,Electronic check,119.43,4579.76,Yes
CUST-02430,Female,0,No,Yes,42,No,No,Fiber optic,No,Yes,Month-to-month,No,Electronic check,81.11,3406.62,Yes
CUST-02431,Female,0,Yes,No,26,Yes,Yes,No,No,No,Two year,Yes,Bank transfer,60.29,1593.47,No
CUST-02432,Female,1,Yes,No,32,Yes,No phone service,No,No,Yes,Month-to-month,Yes,Electronic check,115.3,3689.6,Yes
CUST-02433,Male,0,Yes,No,55,Yes,No phone service,DSL,No internet service,Yes,One year,No,Credit card,82.04,4512.2,No
CUST-02434,Female,0,Yes,Yes,1,No,No,DSL,No,No,Month-to-month,No,Electronic check,53.56,82.25,No
CUST-02435,Female,0,Yes,No,13,Yes,No phone service,DSL,No,No,Month-to-month,Yes,Bank transfer,20.15,361.99,Yes
CUST-02436,Female,1,Yes,No,12,Yes,Yes,DSL,Yes,Yes,Two year,Yes,Electronic check,95.18,1144.23,No
CUST-02437,Male,0,No,No,23,Yes,No,Fiber optic,Yes,Yes,One year,Yes,Electronic check,30.19,785.64,No
CUST-02438,Male,0,No,No,68,Yes,Yes,Fiber optic,Yes,No internet service,Two year,Yes,Mailed check,112.21,7630.28,No
CUST-02439,Male,0,No,No,33,Yes,No,Fiber optic,No,No internet service,Two year,No,Credit card,116.06,3829.98,No
CUST-02440,Male,0,No,No,18,Yes,Yes,Fiber optic,No,No,Month-to-month,No,Bank transfer,42.11,782.58,No
CUST-02441,Female,0,Yes,Yes,29,Yes,No,DSL,Yes,No internet service,Two year,Yes,Mailed check,29.51,882.68,No
CUST-02442,Female,1,Yes,Yes,48,Yes,Yes,Fiber optic,No,No internet service,Month-to-month,No,Bank transfer,78.72,3778.56,No
CUST-02443,Female,0,No,No,42,No,Yes,No,Yes,No,Month-to-month,No,Electronic check,39.8,1700.94,Yes
CUST-02444,Female,0,Yes,Yes,15,Yes,No,Fiber optic,Yes,No,Two year,Yes,Bank transfer,73.27,1099.05,No
CUST-02445,Male,1,Yes,No,51,Yes,No,DSL,Yes,No internet service,Month-to-month,No,Mailed check,60.25,3078.63,No
CUST-02446,Male,0,Yes,Yes,48,Yes,No,DSL,No,No,Two year,Yes,Electronic check,98.79,4759.36,No
CUST-02447,Male,0,Yes,No,10,Yes,No,DSL,No,No,Month-to-month,Yes,Mailed check,119.99,1292.48,Yes
CUST-02448,Female,0,No,No,46,Yes,Yes,Fiber optic,No,Yes,Month-to-month,No,Credit card,64.59,2971.14,Yes
CUST-02449,Male,1,Yes,No,34,Yes,No,DSL,No,No,Month-to-month,Yes,Credit card,87.87,3017.46,No
CUST-02450,Male,0,No,No,70,Yes,Yes,No,Yes,No internet service,Month-to-month,Yes,Credit card,52.86,3742.59,Yes
CUST-02451,Female,0,No,Yes,28,Yes,No,No,No internet service,No,Month-to-month,Yes,Bank transfer,105.98,3081.86,No
CUST-02452,Female,0,Yes,No,53,Yes,No,Fiber optic,Yes,No,Month-to-month,No,Credit card,21.77,1229.79,No
CUST-02453,Male,0,Yes,No,22,Yes,No phone service,DSL,No,Yes,One year,No,Bank transfer,68.34,1537.67,No
CUST-02454,Male,0,Yes,No,23,Yes,No,Fiber optic,No,No internet service,Two year,No,Bank transfer,36.03,828.69,No
CUST-02455,Male,0,Yes,No,9,Yes,No,No,No,No,Month-to-month,Yes,Mailed check,36.04,348.47,No
CUST-02456,Male,0,No,No,60,Yes,No,DSL,Yes,No,Month-to-month,Yes,Electronic check,72.37,4397.78,Yes
CUST-02457,Male,0,No,No,7,Yes,Yes,No,No internet service,No,Month-to-month,Yes,Electronic check,49.4,345.8,Yes
CUST-02458,Male,0,No,No,47,Yes,Yes,Fiber optic,No,No,Month-to-month,Yes,Mailed check,64.82,3046.54,No
CUST-02459,Female,0,Yes,No,28,Yes,No,Fiber optic,No,No,Month-to-month,Yes,Credit card,49.18,1467.94,No
CUST-02460,Female,0,No,No,25,Yes,Yes,Fiber optic,No,No,Month-to-month,Yes,Mailed check,64.42,1672.98,No
CUST-02461,Female,0,No,No,36,Yes,No,Fiber optic,No,No,One year,No,Mailed check,47.16,1697.76,Yes
CUST-02462,Male,0,No,No,51,Yes,Yes,Fiber optic,No,No internet service,Month-to-month,No,Electronic check,99.96,5099.29,Yes
CUST-02463,Female,0,No,Yes,37,Yes,Yes,Fiber optic,No,Yes,Month-to-month,No,Bank transfer,74.9,2771.3,Yes
CUST-02464,Male,0,No,No,5,No,No,DSL,Yes,Yes,Two year,No,Mailed check,34.47,251.68,No
CUST-02465,Male,0,No,No,7,Yes,No,DSL,No,Yes,Two year,Yes,Mailed check,18.86,215.26,No
CUST-02466,Female,1,No,No,16,Yes,No,DSL,Yes,No,Month-to-month,Yes,Bank transfer,19.78,331.61,Yes
CUST-02467,Male,0,Yes,No,61,Yes,Yes,Fiber optic,Yes,No,One year,No,Electronic check,61.01,3721.61,No
CUST-02468,Male,1,No,No,33,Yes,Yes,Fiber optic,No,No,One year,Yes,Credit card,50.04,1651.32,No
CUST-02469,Female,0,Yes,No,18,Yes,No,Fiber optic,No,No,One year,Yes,Mailed check,44.74,805.32,No
CUST-02470,Female,0,Yes,No,69,Yes,No,DSL,No,No,Two year,Yes,Credit card,81.54,5626.26,No
CUST-02471,Female,1,No,No,36,No,No phone service,DSL,No,Yes,Month-to-month,Yes,Credit card,100.95,3769.15,No
CUST-02472,Male,0,No,Yes,37,Yes,Yes,DSL,No internet service,No,One year,Yes,Mailed check,24.46,905.02,No
CUST-02473,Female,0,Yes,Yes,14,Yes,No phone service,DSL,Yes,No internet service,Two year,No,Credit card,29.22,409.08,No
CUST-02474,Female,0,Yes,Yes,39,Yes,No,DSL,No,No internet service,One year,No,Mailed check,55.61,2168.79,No
CUST-02475,Male,0,Yes,No,8,Yes,No,No,No internet service,No internet service,Two year,No,Bank transfer,63.03,509.88,No
CUST-02476,Female,0,No,No,52,Yes,Yes,Fiber optic,No internet service,Yes,Month-to-month,Yes,Bank transfer,58.31,3053.08,No
CUST-02477,Female,0,No,Yes,69,Yes,No,No,Yes,Yes,Two year,Yes,Bank transfer,83.14,5736.66,No
CUST-02478,Female,0,No,No,65,Yes,No,DSL,Yes,Yes,Two year,Yes,Bank transfer,26.9,1824.34,No
CUST-02479,Male,0,No,No,51,Yes,No,No,No,No internet service,One year,Yes,Electronic check,68.46,3491.46,No
CUST-02480,Male,1,Yes,Yes,0,Yes,No,Fiber optic,No,No internet service,Month-to-month,Yes,Bank transfer,100.8,0.0,Yes
CUST-02481,Male,0,No,No,29,Yes,No,Fiber optic,No,No,Two year,No,Mailed check,112.7,3268.3,Yes
CUST-02482,Male,0,Yes,No,0,Yes,No phone service,Fiber optic,Yes,No,Two year,Yes,Mailed check,75.16,0.0,Yes
CUST-02483,Female,0,No,No,38,Yes,No,Fiber optic,Yes,No,Month-to-month,No,Mailed check,32.12,1266.73,No
CUST-02484,Male,0,No,No,15,Yes,No,No,No internet service,No,Month-to-month,Yes,Credit card,92.2,1423.03,No
CUST-02485,Male,0,No,No,16,Yes,No,Fiber optic,Yes,No,Two year,Yes,Mailed check,99.23,1651.69,Yes
CUST-02486,Female,0,Yes,No,21,Yes,No,Fiber optic,No internet service,No internet service,One year,Yes,Electronic check,38.02,798.42,Yes
CUST-02487,Female,0,Yes,No,30,Yes,Yes,DSL,No,No,Month-to-month,No,Electronic check,87.11,2679.09,Yes
CUST-02488,Female,0,Yes,No,39,Yes,Yes,DSL,Yes,Yes,Two year,No,Electronic check,112.91,4428.39,No
CUST-02489,Male,0,No,No,26,Yes,No,No,No,No,Month-to-month,No,Electronic check,91.32,2374.32,Yes
CUST-02490,Male,1,Yes,No,35,Yes,Yes,Fiber optic,Yes,No,Two year,No,Electronic check,60.39,2113.65,Yes
CUST-02491,Male,0,Yes,No,3,Yes,No,No,No,No,One year,No,Electronic check,63.16,189.48,No
CUST-02492,Female,0,Yes,Yes,68,No,No,Fiber optic,Yes,Yes,Two year,No,Bank transfer,26.11,1802.16,No
CUST-02493,Female,0,No,No,24,No,No,Fiber optic,No internet service,No,Month-to-month,Yes,Electronic check,71.66,1723.3,Yes
CUST-02494,Male,0,Yes,No,29,Yes,No phone service,DSL,No internet service,Yes,Two year,Yes,Credit card,99.87,2896.23,No
CUST-02495,Female,1,No,No,46,Yes,No,DSL,No,No internet service,One year,No,Electronic check,117.81,5419.26,Yes
CUST-02496,Female,0,No,Yes,11,Yes,Yes,Fiber optic,No internet service,No,Month-to-month,No,Mailed check,58.73,646.03,No
CUST-02497,Female,0,No,Yes,26,Yes,Yes,Fiber optic,Yes,No,Month-to-month,No,Mailed check,62.41,1681.76,No
CUST-02498,Male,0,Yes,No,44,Yes,No phone service,DSL,Yes,Yes,One year,Yes,Credit card,23.59,1055.37,No
CUST-02499,Female,0,Yes,Yes,62,Yes,No phone service,Fiber optic,No,Yes,One year,No,Electronic check,97.06,6017.72,No
CUST-02500,Female,0,Yes,No,54,Yes,No,Fiber optic,No internet service,No internet service,Two year,No,Bank transfer,91.1,4919.4,Yes
CUST-02501,Male,0,Yes,No,29,Yes,Yes,No,No internet service,No,One year,Yes,Bank transfer,59.1,1727.35,No
CUST-02502,Male,1,Yes,No,13,Yes,Yes,DSL,No,Yes,Two year,Yes,Bank transfer,90.35,1174.55,No
CUST-02503,Female,0,No,Yes,55,No,No,DSL,No,No internet service,Two year,No,Bank transfer,81.55,4485.25,No
CUST-02504,Female,1,Yes,Yes,18,Yes,No,No,No,No internet service,Month-to-month,Yes,Electronic check,96.44,1753.53,No
CUST-02505,Male,0,No,Yes,25,Yes,No,Fiber optic,No internet service,No,Month-to-month,Yes,Credit card,50.04,1251.0,No
CUST-02506,Male,0,Yes,Yes,70,Yes,No,Fiber optic,No,No,Month-to-month,Yes,Bank transfer,84.38,5906.6,No
CUST-02507,Female,1,No,No,37,Yes,No,DSL,Yes,Yes,Month-to-month,Yes,Electronic check,81.81,3030.47,Yes
CUST-02508,Female,0,No,No,68,Yes,Yes,No,Yes,No,Month-to-month,No,Electronic check,27.23,1879.02,Yes
CUST-02509,Female,0,No,Yes,35,Yes,Yes,Fiber optic,Yes,Yes,One year,Yes,Electronic check,46.66,1633.1,No
CUST-02510,Female,0,No,Yes,17,Yes,No,Fiber optic,No,No internet service,Month-to-month,Yes,Electronic check,105.74,1797.58,Yes
CUST-02511,Male,0,No,Yes,56,Yes,No,No,Yes,No,One year,Yes,Electronic check,33.93,1973.88,No
CUST-02512,Female,0,No,No,22,Yes,Yes,Fiber optic,Yes,Yes,Month-to-month,No,Mailed check,56.72,1303.54,Yes
CUST-02513,Female,0,Yes,No,13,Yes,Yes,Fiber optic,Yes,Yes,Month-to-month,No,Electronic check,40.97,634.43,No
CUST-02514,Male,0,No,No,68,Yes,No,Fiber optic,Yes,No,Month-to-month,Yes,Electronic check,32.3,2236.03,Yes
CUST-02515,Female,0,Yes,No,21,No,Yes,Fiber optic,No internet service,Yes,One year,No,Electronic check,31.91,705.35,No
CUST-02516,Male,0,Yes,No,27,Yes,No,Fiber optic,No internet service,No internet service,Month-to-month,No,Mailed check,53.49,1444.23,No
CUST-02517,Female,0,Yes,No,42,Yes,No,Fiber optic,No internet service,Yes,Month-to-month,Yes,Mailed check,99.95,4197.9,No
CUST-02518,Female,0,Yes,Yes,17,Yes,Yes,DSL,Yes,No,Month-to-month,No,Credit card,116.56,2015.55,Yes
CUST-02519,Male,1,Yes,No,35,Yes,No,No,No,No,One year,No,Credit card,76.33,2671.55,No
CUST-02520,Male,0,Yes,Yes,6,Yes,Yes,Fiber optic,Yes,No,One year,No,Electronic check,82.79,496.74,Yes
CUST-02521,Female,0,Yes,No,22,Yes,Yes,DSL,No internet service,No,Month-to-month,No,Bank transfer,97.43,2172.49,No
CUST-02522,Female,1,No,Yes,33,Yes,Yes,Fiber optic,No internet service,Yes,Month-to-month,Yes,Electronic check,85.5,2877.55,No
CUST-02523,Female,0,Yes,No,20,Yes,No,No,No internet service,No,Month-to-month,No,Credit card,104.53,2090.6,No
CUST-02524,Male,1,No,Yes,69,Yes,No,DSL,Yes,No,Month-to-month,Yes,Bank transfer,108.17,7463.73,No
CUST-02525,Female,0,Yes,No,46,No,Yes,DSL,Yes,Yes,Two year,No,Bank transfer,82.03,3791.77,No
CUST-02526,Male,0,No,No,52,Yes,No,DSL,No,No,Month-to-month,No,Credit card,72.37,3763.24,Yes
CUST-02527,Male,0,No,No,40,Yes,Yes,DSL,Yes,No,Month-to-month,Yes,Electronic check,57.89,2315.6,No
CUST-02528,Female,0,No,No,31,No,No,DSL,No internet service,Yes,Month-to-month,No,Credit card,65.08,2028.93,No
CUST-02529,Male,0,No,No,13,Yes,No,No,No,Yes,One year,Yes,Bank transfer,53.24,732.25,No
CUST-02530,Female,0,Yes,No,16,No,No,DSL,Yes,Yes,Two year,No,Mailed check,61.55,984.8,No
CUST-02531,Female,0,No,No,24,Yes,Yes,No,No internet service,Yes,Month-to-month,Yes,Electronic check,109.77,2660.86,Yes
CUST-02532,Female,0,No,Yes,63,Yes,Yes,DSL,No,No internet service,One year,Yes,Credit card,117.18,7382.34,No
CUST-02533,Female,0,No,No,72,Yes,No,No,No,No internet service,Month-to-month,Yes,Credit card,54.88,3958.6,Yes
CUST-02534,Female,0,No,No,47,Yes,Yes,DSL,Yes,Yes,Two year,Yes,Credit card,40.5,1921.35,No
CUST-02535,Male,0,Yes,No,34,Yes,No,Fiber optic,No,No,Month-to-month,Yes,Mailed check,25.98,883.32,No
CUST-02536,Male,0,No,No,36,No,Yes,DSL,No,No internet service,Month-to-month,No,Mailed check,103.37,3721.32,Yes
CUST-02537,Female,1,Yes,No,54,No,No,Fiber optic,No,No,One year,Yes,Electronic check,106.81,5824.41,No
CUST-02538,Female,0,No,No,16,Yes,No,DSL,Yes,No,Two year,Yes,Electronic check,63.95,1023.2,No
CUST-02539,Male,1,Yes,No,27,Yes,No,Fiber optic,No,No internet service,Two year,Yes,Electronic check,73.33,1999.64,Yes
CUST-02540,Male,0,No,No,0,Yes,No,Fiber optic,No,No,One year,No,Credit card,93.46,69.28,Yes
CUST-02541,Male,0,Yes,Yes,52,Yes,No,No,Yes,No internet service,Month-to-month,No,Mailed check,56.34,2986.55,No
CUST-02542,Male,0,Yes,Yes,72,Yes,Yes,DSL,Yes,Yes,Month-to-month,Yes,Electronic check,38.55,2817.23,No
CUST-02543,Female,0,No,No,54,Yes,No,DSL,Yes,No internet service,Two year,Yes,Mailed check,29.7,1690.33,No
CUST-02544,Female,0,No,No,60,Yes,Yes,DSL,Yes,No internet service,Month-to-month,Yes,Bank transfer,41.99,2580.46,No
CUST-02545,Male,0,No,No,12,Yes,No,Fiber optic,Yes,No internet service,One year,Yes,Electronic check,83.82,1005.84,No
CUST-02546,Female,0,Yes,Yes,46,Yes,No,DSL,No internet service,Yes,Month-to-month,Yes,Mailed check,53.46,2495.05,No
CUST-02547,Male,0,Yes,No,63,Yes,Yes,DSL,Yes,No,Month-to-month,Yes,Electronic check,106.51,6710.13,Yes
CUST-02548,Female,0,No,No,31,Yes,No,Fiber optic,No,No,One year,Yes,Mailed check,26.93,883.55,Yes
CUST-02549,Male,0,No,No,27,No,Yes,DSL,No,No,Month-to-month,Yes,Mailed check,60.47,1632.69,No
CUST-02550,Female,0,No,No,52,Yes,No,Fiber optic,No,Yes,Month-to-month,Yes,Credit card,44.21,2352.81,No
CUST-02551,Male,0,Yes,No,30,Yes,No,DSL,No,Yes,One year,No,Bank transfer,108.55,3270.22,Yes
CUST-02552,Male,0,No,Yes,7,Yes,Yes,Fiber optic,No,No,Month-to-month,No,Electronic check,100.23,751.48,Yes
CUST-02553,Female,0,Yes,No,71,Yes,Yes,No,No internet service,No,Two year,Yes,Mailed check,118.4,8413.57,No
CUST-02554,Male,0,No,No,24,No,No,DSL,Yes,No,Month-to-month,Yes,Electronic check,30.17,724.08,Yes
CUST-02555,Female,0,Yes,No,32,Yes,Yes,DSL,No,Yes,One year,Yes,Mailed check,97.79,3144.71,Yes
CUST-02556,Female,0,Yes,Yes,67,No,Yes,No,No,No,Month-to-month,No,Bank transfer,30.84,2066.28,Yes
CUST-02557,Male,0,No,No,6,Yes,No,Fiber optic,No,No internet service,Month-to-month,No,Mailed check,33.81,202.86,Yes
CUST-02558,Female,0,No,Yes,65,Yes,No,Fiber optic,Yes,Yes,Two year,No,Mailed check,22.0,1430.0,No
CUST-02559,Female,0,Yes,No,45,Yes,Yes,Fiber optic,No,Yes,One year,Yes,Electronic check,65.4,2943.0,Yes
CUST-02560,Female,1,Yes,Yes,4,Yes,Yes,DSL,Yes,No,Month-to-month,No,Bank transfer,30.84,123.36,Yes
CUST-02561,Female,1,Yes,Yes,16,Yes,No,No,Yes,Yes,Month-to-month,Yes,Mailed check,53.53,856.48,No
CUST-02562,Female,0,No,Yes,51,Yes,Yes,Fiber optic,No,Yes,Two year,No,Electronic check,46.17,2354.67,No
CUST-02563,Male,0,Yes,Yes,11,Yes,No,Fiber optic,No,No,Month-to-month,Yes,Mailed check,117.59,1293.49,No
CUST-02564,Female,0,Yes,Yes,61,Yes,No,No,Yes,No,Month-to-month,Yes,Electronic check,85.14,5218.78,No
CUST-02565,Female,0,No,No,34,Yes,Yes,Fiber optic,No,No,Month-to-month,Yes,Bank transfer,59.87,2035.58,Yes
CUST-02566,Female,0,No,Yes,61,Yes,No,Fiber optic,No,No,Two year,Yes,Credit card,107.6,6563.6,No
CUST-02567,Female,0,No,No,20,Yes,No,No,Yes,Yes,Month-to-month,Yes,Bank transfer,24.51,500.11,No
CUST-02568,Female,1,No,Yes,65,Yes,No,DSL,No internet service,No,Month-to-month,Yes,Electronic check,52.09,3385.85,No
CUST-02569,Male,0,No,No,52,Yes,No,DSL,Yes,No,Month-to-month,Yes,Bank transfer,70.49,3707.39,No
CUST-02570,Female,0,No,No,20,Yes,No,DSL,No,No internet service,Two year,No,Electronic check,23.5,625.5,Yes
CUST-02571,Male,0,No,Yes,14,Yes,No,No,No,No,Month-to-month,Yes,Electronic check,32.88,542.89,No
CUST-02572,Male,0,No,No,22,Yes,Yes,Fiber optic,No,No internet service,Month-to-month,No,Bank transfer,109.29,2404.38,No
CUST-02573,Male,0,Yes,Yes,30,Yes,Yes,DSL,No,No,Month-to-month,No,Credit card,36.32,1089.6,No
CUST-02574,Male,1,No,No,53,Yes,Yes,DSL,No,No,Month-to-month,No,Bank transfer,112.01,5936.53,No
CUST-02575,Female,0,Yes,No,54,Yes,No phone service,DSL,No internet service,No,Two year,Yes,Electronic check,27.8,1527.09,No
CUST-02576,Male,0,Yes,Yes,25,No,No phone service,DSL,Yes,Yes,Two year,Yes,Credit card,108.6,2717.09,No
CUST-02577,Male,0,Yes,No,52,No,Yes,No,Yes,No,Month-to-month,Yes,Electronic check,64.28,3345.02,No
CUST-02578,Female,0,Yes,Yes,65,Yes,No,Fiber optic,No,No internet service,One year,No,Credit card,76.47,4975.47,No
CUST-02579,Female,0,No,No,38,Yes,Yes,No,No,No,Two year,Yes,Bank transfer,46.73,1779.6,No
CUST-02580,Female,0,No,No,6,Yes,No phone service,Fiber optic,No internet service,No internet service,One year,No,Bank transfer,45.88,288.49,No
CUST-02581,Male,0,No,No,38,Yes,Yes,Fiber optic,No internet service,Yes,Month-to-month,Yes,Electronic check,68.2,2638.5,No
CUST-02582,Female,0,No,No,31,Yes,No,Fiber optic,No,No,Month-to-month,No,Credit card,54.29,1700.46,No
CUST-02583,Female,0,No,Yes,25,Yes,Yes,No,No,No,Month-to-month,Yes,Electronic check,25.93,648.25,No
CUST-02584,Male,0,Yes,Yes,28,No,Yes,No,No internet service,No,Month-to-month,No,Credit card,54.08,1560.54,Yes
CUST-02585,Female,0,No,Yes,24,Yes,Yes,No,No internet service,No,Month-to-month,No,Electronic check,43.98,1110.09,Yes
CUST-02586,Female,0,No,No,55,Yes,No,Fiber optic,No,No internet service,Two year,Yes,Bank transfer,104.66,5756.3,Yes
CUST-02587,Female,0,Yes,Yes,30,Yes,Yes,DSL,Yes,No,Two year,Yes,Mailed check,103.53,3121.34,No
CUST-02588,Female,0,No,No,65,Yes,Yes,Fiber optic,No,No internet service,Month-to-month,Yes,Electronic check,32.43,2107.95,No
CUST-02589,Male,0,Yes,No,1,Yes,Yes,DSL,Yes,No,One year,No,Mailed check,92.47,92.47,No
CUST-02590,Female,0,Yes,Yes,46,Yes,No,DSL,No internet service,No,Two year,Yes,Bank transfer,63.99,2943.54,No
CUST-02591,Female,0,Yes,No,28,Yes,No,DSL,No internet service,Yes,Month-to-month,Yes,Mailed check,106.59,2984.52,No
CUST-02592,Male,0,Yes,No,48,Yes,No,Fiber optic,No internet service,No,Month-to-month,Yes,Credit card,45.95,2277.73,Yes
CUST-02593,Female,0,No,No,72,Yes,No,Fiber optic,Yes,No,One year,Yes,Mailed check,26.99,1943.28,No
CUST-02594,Male,0,No,No,31,Yes,Yes,DSL,No internet service,No,Month-to-month,Yes,Electronic check,99.65,3089.15,Yes
CUST-02595,Female,0,Yes,No,29,Yes,No,Fiber optic,No,No internet service,Month-to-month,Yes,Mailed check,106.57,3090.53,Yes
CUST-02596,Male,1,No,No,14,Yes,No,DSL,Yes,No internet service,Month-to-month,Yes,Credit card,103.73,1485.44,No
CUST-02597,Male,0,No,No,61,No,Yes,Fiber optic,No,No,Month-to-month,Yes,Bank transfer,51.59,3219.64,Yes
CUST-02598,Male,0,Yes,No,16,Yes,Yes,Fiber optic,No,Yes,One year,Yes,Credit card,21.15,365.48,No
CUST-02599,Male,0,Yes,Yes,21,Yes,Yes,DSL,No,No,Month-to-month,Yes,Electronic check,32.24,677.04,No
CUST-02600,Female,0,No,No,29,Yes,Yes,No,Yes,Yes,Two year,Yes,Credit card,111.78,3327.96,No
CUST-02601,Male,0,No,Yes,15,Yes,Yes,Fiber optic,Yes,No,Month-to-month,Yes,Mailed check,55.14,827.1,No
CUST-02602,Female,0,No,Yes,51,Yes,Yes,Fiber optic,No internet service,No internet service,Month-to-month,No,Mailed check,107.78,5496.78,Yes
CUST-02603,Male,0,Yes,No,7,Yes,Yes,Fiber optic,No internet service,No internet service,One year,Yes,Credit card,118.04,826.28,No
CUST-02604,Male,0,No,No,63,No,No,Fiber optic,No,No,One year,Yes,Mailed check,58.36,3676.68,No
CUST-02605,Male,0,Yes,No,38,No,No,DSL,No,No internet service,Two year,Yes,Mailed check,97.2,3693.6,No
CUST-02606,Female,0,Yes,Yes,30,Yes,No,Fiber optic,No,No internet service,One year,Yes,Electronic check,35.25,1057.5,No
CUST-02607,Male,0,No,No,11,No,Yes,Fiber optic,No internet service,No,One year,Yes,Electronic check,57.14,628.54,Yes
CUST-02608,Female,0,Yes,No,32,No,Yes,DSL,No internet service,No,One year,No,Electronic check,89.93,2877.76,Yes
CUST-02609,Female,1,Yes,Yes,57,Yes,No phone service,Fiber optic,No,No,Month-to-month,Yes,Bank transfer,39.13,2290.63,No
CUST-02610,Female,1,Yes,No,11,Yes,No,Fiber optic,No,Yes,One year,Yes,Bank transfer,50.62,572.07,Yes
CUST-02611,Female,1,Yes,No,24,Yes,No,DSL,No,No,Month-to-month,No,Electronic check,75.51,1846.86,Yes
CUST-02612,Female,0,No,No,37,Yes,No,No,No,No,Month-to-month,Yes,Credit card,88.5,3298.2,No
CUST-02613,Female,0,No,Yes,47,Yes,No,Fiber optic,No,No,Month-to-month,Yes,Credit card,54.4,2556.8,Yes
CUST-02614,Female,0,Yes,Yes,54,Yes,Yes,DSL,No internet service,No internet service,Two year,Yes,Credit card,56.43,3047.22,No
CUST-02615,Female,0,Yes,No,2,Yes,No,Fiber optic,No internet service,No,Two year,Yes,Electronic check,29.21,79.53,No
CUST-02616,Female,0,Yes,No,68,No,Yes,Fiber optic,No,Yes,Month-to-month,No,Bank transfer,118.37,8049.16,Yes
CUST-02617,Male,0,No,No,34,Yes,Yes,DSL,Yes,Yes,One year,Yes,Mailed check,80.45,2735.3,No
CUST-02618,Male,0,Yes,Yes,50,Yes,No,No,Yes,Yes,Two year,Yes,Credit card,72.09,3613.86,Yes
CUST-02619,Male,0,No,No,26,Yes,No,No,Yes,No internet service,One year,Yes,Electronic check,39.56,1028.56,No
CUST-02620,Male,0,Yes,No,36,Yes,No,No,Yes,No internet service,Two year,Yes,Electronic check,67.78,2440.08,No
CUST-02621,Male,1,Yes,Yes,15,Yes,Yes,Fiber optic,No,Yes,Month-to-month,No,Mailed check,63.63,954.45,No
CUST-02622,Female,0,No,No,24,Yes,No,No,Yes,No,Month-to-month,Yes,Bank transfer,44.37,1064.88,Yes
CUST-02623,Female,0,No,No,32,Yes,No,No,No,No,Month-to-month,No,Bank transfer,63.52,2057.69,No
CUST-02624,Female,1,Yes,Yes,61,Yes,Yes,No,No,No,Two year,Yes,Electronic check,38.76,2364.36,No
CUST-02625,Female,0,No,Yes,16,Yes,No,No,No internet service,No internet service,Two year,No,Mailed check,90.44,1504.49,No
CUST-02626,Female,0,No,No,42,Yes,Yes,Fiber optic,No,No,Two year,Yes,Bank transfer,110.7,4649.4,No
CUST-02627,Female,0,No,No,29,Yes,No,DSL,No,No,Month-to-month,Yes,Mailed check,18.26,529.54,Yes
CUST-02628,Female,0,No,No,40,Yes,No phone service,DSL,No,No,One year,No,Mailed check,74.74,3105.26,Yes
CUST-02629,Male,1,No,No,3,No,No,Fiber optic,No internet service,No,One year,Yes,Electronic check,92.7,320.5,Yes
CUST-02630,Male,0,No,Yes,65,Yes,No,No,No,No internet service,One year,No,Mailed check,110.53,7237.23,No
CUST-02631,Male,0,Yes,No,59,Yes,No,Fiber optic,No,No,Two year,Yes,Mailed check,54.56,3219.04,No
CUST-02632,Male,0,No,No,8,Yes,No,No,No,No,Month-to-month,Yes,Mailed check,110.53,884.24,No
CUST-02633,Female,0,Yes,Yes,30,Yes,No,Fiber optic,No internet service,No,Month-to-month,No,Credit card,102.21,3067.74,Yes
CUST-02634,Female,1,Yes,No,68,Yes,Yes,DSL,No,Yes,Month-to-month,No,Mailed check,71.57,4866.76,No
CUST-02635,Female,0,Yes,Yes,23,Yes,No,DSL,No,Yes,Month-to-month,No,Mailed check,44.21,1025.16,No
CUST-02636,Male,0,Yes,Yes,23,Yes,Yes,Fiber optic,Yes,No,Month-to-month,No,Electronic check,84.59,1953.41,Yes
CUST-02637,Female,0,No,Yes,44,Yes,No,No,No internet service,Yes,Month-to-month,Yes,Bank transfer,44.58,1961.52,No
CUST-02638,Female,0,No,Yes,36,Yes,No,No,No,No,Month-to-month,Yes,Bank transfer,53.58,1928.88,Yes
CUST-02639,Female,1,No,No,57,Yes,No,Fiber optic,No,Yes,Two year,No,Mailed check,65.63,3810.24,No
CUST-02640,Male,0,Yes,No,22,No,No,No,No,No,One year,Yes,Electronic check,68.79,1513.38,No
CUST-02641,Female,0,Yes,No,34,No,No,DSL,No,No,Month-to-month,No,Electronic check,37.29,1267.86,Yes
CUST-02642,Male,0,No,No,62,Yes,No,Fiber optic,Yes,No,Month-to-month,Yes,Mailed check,88.77,5503.74,No
CUST-02643,Male,0,Yes,No,5,Yes,No,DSL,No,No,One year,Yes,Mailed check,119.18,595.9,Yes
CUST-02644,Male,0,No,No,5,Yes,Yes,DSL,No,No,Month-to-month,Yes,Bank transfer,42.87,214.35,Yes
CUST-02645,Male,1,No,No,29,Yes,Yes,No,Yes,Yes,Month-to-month,Yes,Bank transfer,74.56,2167.66,Yes
CUST-02646,Female,0,No,No,0,Yes,Yes,No,No internet service,No,One year,Yes,Bank transfer,64.38,41.86,No
CUST-02647,Male,1,No,No,62,Yes,No,DSL,Yes,Yes,Month-to-month,Yes,Mailed check,49.39,3105.01,No
CUST-02648,Male,0,No,No,7,Yes,Yes,DSL,No,Yes,Month-to-month,No,Bank transfer,60.82,493.37,Yes
CUST-02649,Female,0,Yes,Yes,27,Yes,Yes,DSL,No,Yes,Month-to-month,Yes,Electronic check,92.74,2503.98,Yes
CUST-02650,Female,0,No,No,32,No,Yes,DSL,Yes,Yes,Month-to-month,Yes,Credit card,60.3,1929.6,No
CUST-02651,Male,0,Yes,No,52,No,Yes,Fiber optic,No,Yes,Two year,No,Credit card,69.69,3623.88,No
CUST-02652,Female,1,Yes,No,37,Yes,Yes,Fiber optic,No,Yes,Month-to-month,No,Credit card,66.68,2556.25,No
CUST-02653,Male,0,Yes,Yes,51,Yes,Yes,Fiber optic,No,Yes,Two year,Yes,Electronic check,74.63,3834.02,No
CUST-02654,Male,0,No,No,10,Yes,Yes,DSL,No,No,Month-to-month,No,Credit card,47.7,521.14,No
CUST-02655,Male,0,Yes,No,1,Yes,No,DSL,No internet service,No,Two year,Yes,Mailed check,69.99,69.99,Yes
CUST-02656,Male,0,Yes,Yes,52,No,Yes,Fiber optic,Yes,No,Two year,No,Mailed check,31.75,1651.0,No
CUST-02657,Female,0,Yes,No,67,Yes,No phone service,No,Yes,No internet service,Month-to-month,No,Credit card,93.62,6300.45,No
CUST-02658,Male,0,No,Yes,6,Yes,No,No,No internet service,No internet service,Month-to-month,Yes,Credit card,29.31,175.86,No
CUST-02659,Female,0,No,No,66,Yes,Yes,DSL,No internet service,No internet service,Month-to-month,No,Bank transfer,98.07,6472.62,No
CUST-02660,Female,0,No,No,8,Yes,Yes,Fiber optic,No internet service,No,Month-to-month,No,Electronic check,102.21,839.43,Yes
CUST-02661,Female,0,No,No,62,Yes,No,DSL,Yes,Yes,Month-to-month,Yes,Bank transfer,19.94,1236.28,No
CUST-02662,Female,0,Yes,No,10,Yes,Yes,DSL,No,No internet service,Two year,Yes,Electronic check,102.75,1101.68,No
CUST-02663,Male,0,Yes,No,36,Yes,No phone service,DSL,No,No,Two year,No,Bank transfer,84.11,3061.33,No
CUST-02664,Female,0,No,Yes,13,Yes,No,No,No internet service,No,Month-to-month,No,Mailed check,27.88,362.44,No
CUST-02665,Male,1,Yes,Yes,18,Yes,No,No,Yes,No internet service,One year,No,Electronic check,119.79,2156.22,Yes
CUST-02666,Female,0,Yes,Yes,7,Yes,No phone service,DSL,No,No,One year,Yes,Credit card,80.78,589.26,No
CUST-02667,Female,0,Yes,Yes,6,Yes,No,Fiber optic,Yes,No,Month-to-month,Yes,Electronic check,58.89,359.86,No
CUST-02668,Male,0,No,No,58,Yes,No phone service,DSL,No,Yes,One year,No,Electronic check,108.29,6280.82,Yes
CUST-02669,Male,0,Yes,No,62,Yes,No phone service,DSL,Yes,Yes,One year,No,Bank transfer,22.25,1379.5,No
CUST-02670,Male,0,No,Yes,6,Yes,No phone service,Fiber optic,Yes,No,One year,No,Credit card,91.17,585.79,Yes
CUST-02671,Female,0,Yes,Yes,54,Yes,No,Fiber optic,No,No,Month-to-month,No,Bank transfer,32.66,1804.44,No
CUST-02672,Female,0,No,No,2,Yes,Yes,Fiber optic,No,No internet service,Month-to-month,Yes,Credit card,74.36,183.68,Yes
CUST-02673,Male,0,Yes,No,66,No,Yes,No,No internet service,No internet service,One year,No,Bank transfer,27.79,1869.44,No
CUST-02674,Male,0,Yes,No,17,Yes,Yes,Fiber optic,No,No internet service,Month-to-month,Yes,Credit card,87.27,1507.68,No
CUST-02675,Male,0,Yes,No,44,Yes,No phone service,DSL,No,No internet service,Two year,Yes,Electronic check,65.42,2908.07,No
CUST-02676,Male,1,No,No,35,Yes,Yes,Fiber optic,No,No,Month-to-month,No,Mailed check,18.68,737.82,No
CUST-02677,Female,0,Yes,Yes,15,Yes,Yes,DSL,No internet service,No,Month-to-month,Yes,Credit card,25.28,379.2,No
CUST-02678,Male,0,No,No,28,Yes,No,Fiber optic,No,No,Month-to-month,Yes,Bank transfer,89.71,2511.88,Yes
CUST-02679,Male,1,No,Yes,58,Yes,Yes,Fiber optic,No,Yes,Month-to-month,Yes,Electronic check,58.74,3469.01,Yes
CUST-02680,Male,0,No,Yes,17,No,No,No,Yes,No,Month-to-month,No,Bank transfer,86.56,1494.14,No
CUST-02681,Male,0,Yes,Yes,48,Yes,No phone service,No,No,No,Two year,Yes,Electronic check,57.76,2798.91,No
CUST-02682,Female,0,Yes,No,45,Yes,No,No,No,No internet service,Month-to-month,Yes,Electronic check,54.89,2470.05,No
CUST-02683,Male,1,Yes,No,28,Yes,No,Fiber optic,No,No internet service,Month-to-month,Yes,Credit card,105.2,2945.6,Yes
CUST-02684,Female,0,No,Yes,69,Yes,No,Fiber optic,No,Yes,One year,No,Bank transfer,105.19,7272.29,No
CUST-02685,Male,1,No,No,49,Yes,No,Fiber optic,No internet service,Yes,Month-to-month,No,Electronic check,111.82,5479.18,Yes
CUST-02686,Male,0,No,No,54,Yes,Yes,DSL,No internet service,Yes,Month-to-month,Yes,Bank transfer,101.95,5505.3,Yes
CUST-02687,Female,0,No,No,26,Yes,No,DSL,No internet service,No,Month-to-month,Yes,Electronic check,31.0,806.0,Yes
CUST-02688,Male,1,Yes,Yes,6,Yes,Yes,DSL,No,Yes,Month-to-month,No,Credit card,24.78,151.46,No
CUST-02689,Female,0,Yes,No,40,Yes,No,Fiber optic,Yes,Yes,Month-to-month,No,Mailed check,23.96,958.4,Yes
CUST-02690,Female,0,No,No,10,Yes,No,No,No,No,One year,Yes,Mailed check,117.98,1254.73,Yes
CUST-02691,Male,0,Yes,Yes,4,Yes,Yes,DSL,No,Yes,Month-to-month,Yes,Mailed check,69.12,276.48,Yes
CUST-02692,Female,0,Yes,Yes,65,Yes,No,Fiber optic,Yes,No internet service,Two year,Yes,Mailed check,29.75,1976.77,No
CUST-02693,Female,1,No,Yes,55,Yes,No,Fiber optic,Yes,No,Month-to-month,No,Credit card,73.52,4067.32,Yes
CUST-02694,Female,0,Yes,Yes,11,Yes,Yes,No,No,Yes,Two year,Yes,Credit card,90.45,1059.86,No
CUST-02695,Female,0,No,No,41,Yes,Yes,Fiber optic,No,No internet service,One year,Yes,Credit card,27.64,1142.17,No
CUST-02696,Female,0,No,No,9,Yes,No,No,No internet service,No internet service,Month-to-month,Yes,Bank transfer,53.33,525.99,No
CUST-02697,Female,0,No,No,27,Yes,No,DSL,No internet service,No internet service,Month-to-month,No,Electronic check,37.16,1039.4,No
CUST-02698,Female,0,Yes,Yes,6,Yes,No,No,No,No,Two year,No,Electronic check,117.49,782.47,No
CUST-02699,Female,0,Yes,No,13,Yes,No,Fiber optic,Yes,No internet service,One year,No,Mailed check,50.46,691.53,No
CUST-02700,Male,0,No,No,68,Yes,No,Fiber optic,No,No,Month-to-month,No,Mailed check,88.43,6013.24,No
CUST-02701,Male,1,Yes,No,60,Yes,No,DSL,Yes,Yes,Month-to-month,No,Electronic check,111.68,6700.8,Yes
CUST-02702,Female,0,Yes,No,50,Yes,Yes,Fiber optic,No,No,Two year,No,Electronic check,106.05,5302.5,Yes
CUST-02703,Male,0,Yes,Yes,41,Yes,No phone service,No,No internet service,No,Month-to-month,Yes,Electronic check,58.19,2385.79,No
CUST-02704,Female,1,Yes,No,7,Yes,No,No,No internet service,No,Month-to-month,No,Credit card,49.71,347.97,No
CUST-02705,Female,0,Yes,No,49,Yes,No,Fiber optic,Yes,No,Two year,No,Credit card,100.54,4964.12,No
CUST-02706,Male,0,No,No,0,Yes,No,Fiber optic,No,Yes,Month-to-month,No,Credit card,38.93,0.0,Yes
CUST-02707,Female,0,Yes,No,68,Yes,Yes,Fiber optic,No,No,Month-to-month,No,Mailed check,91.17,6199.56,Yes
CUST-02708,Female,1,Yes,Yes,10,Yes,No,Fiber optic,No,No,One year,No,Credit card,103.2,1047.99,No
CUST-02709,Female,0,No,Yes,47,Yes,Yes,DSL,No internet service,Yes,Two year,Yes,Electronic check,104.62,4957.29,No
CUST-02710,Female,1,No,No,9,Yes,Yes,No,No,Yes,Month-to-month,Yes,Mailed check,18.91,170.19,Yes
CUST-02711,Male,0,Yes,No,14,Yes,No,No,No,Yes,Two year,Yes,Mailed check,68.99,984.56,No
CUST-02712,Female,0,Yes,No,46,No,Yes,No,No,Yes,Two year,Yes,Credit card,54.47,2537.84,No
CUST-02713,Female,0,No,Yes,24,Yes,Yes,Fiber optic,No,No,Month-to-month,No,Mailed check,117.84,2828.16,Yes
CUST-02714,Female,0,No,No,5,Yes,No,Fiber optic,No internet service,Yes,Month-to-month,No,Electronic check,73.5,367.5,Yes
CUST-02715,Male,0,No,No,10,Yes,No phone service,Fiber optic,No,No,Two year,No,Mailed check,61.6,616.56,Yes
CUST-02716,Female,0,No,No,16,No,No,Fiber optic,No internet service,No,Month-to-month,No,Bank transfer,42.93,710.32,Yes
CUST-02717,Male,0,Yes,Yes,14,Yes,No,DSL,No,No internet service,Month-to-month,Yes,Electronic check,104.25,1459.5,Yes
CUST-02718,Male,0,No,Yes,15,Yes,No phone service,No,No,Yes,One year,No,Electronic check,50.58,769.08,No
CUST-02719,Female,0,Yes,No,55,Yes,No,DSL,Yes,No,Two year,No,Credit card,102.33,5628.48,No
CUST-02720,Female,0,No,No,65,Yes,No phone service,Fiber optic,No,No,One year,Yes,Electronic check,108.94,7181.05,No
CUST-02721,Male,0,No,No,35,Yes,Yes,No,No,No,One year,Yes,Electronic check,23.93,837.55,Yes
CUST-02722,Female,0,No,No,37,No,No,No,Yes,No,Month-to-month,Yes,Mailed check,70.02,2590.74,No
CUST-02723,Male,0,Yes,No,2,Yes,Yes,No,Yes,No internet service,One year,No,Bank transfer,60.88,121.76,No
CUST-02724,Male,0,Yes,Yes,17,Yes,No,DSL,No,Yes,Month-to-month,Yes,Mailed check,58.1,987.7,No
CUST-02725,Female,0,No,Yes,53,Yes,No,Fiber optic,No internet service,No,Month-to-month,Yes,Bank transfer,55.89,2980.05,No
CUST-02726,Female,0,No,Yes,16,Yes,Yes,DSL,No,Yes,Month-to-month,Yes,Electronic check,72.26,1156.16,No
CUST-02727,Male,1,No,No,12,Yes,No,No,No internet service,No,Month-to-month,No,Mailed check,31.28,375.36,No
CUST-02728,Male,0,Yes,No,62,Yes,No,DSL,No internet service,No,Month-to-month,No,Mailed check,106.87,6625.94,No
CUST-02729,Male,0,Yes,No,13,Yes,No,No,No,Yes,Month-to-month,No,Credit card,74.91,978.74,Yes
CUST-02730,Male,0,No,Yes,58,Yes,Yes,No,No,Yes,Two year,Yes,Mailed check,53.41,3122.05,No
CUST-02731,Female,0,Yes,No,35,Yes,No,No,No internet service,No,Month-to-month,Yes,Bank transfer,42.79,1497.65,No
CUST-02732,Female,0,No,No,17,Yes,Yes,DSL,No,Yes,Month-to-month,Yes,Bank transfer,80.89,1420.67,No
CUST-02733,Female,0,Yes,No,4,Yes,No,DSL,No,No,Month-to-month,Yes,Electronic check,98.25,411.69,Yes
CUST-02734,Female,0,No,Yes,13,Yes,Yes,No,No,Yes,Two year,Yes,Credit card,62.97,909.15,No
CUST-02735,Female,0,No,No,24,Yes,Yes,No,Yes,No internet service,Two year,Yes,Credit card,118.42,2842.08,No
CUST-02736,Male,0,No,No,43,Yes,Yes,No,Yes,No,Month-to-month,Yes,Mailed check,72.63,3123.09,No
CUST-02737,Female,0,Yes,No,38,No,Yes,DSL,No,No,Two year,Yes,Electronic check,117.85,4508.51,No
CUST-02738,Female,0,No,No,11,Yes,No,Fiber optic,No internet service,No,Month-to-month,Yes,Bank transfer,116.19,1278.09,Yes
CUST-02739,Female,0,Yes,Yes,60,Yes,Yes,Fiber optic,Yes,No,One year,Yes,Credit card,79.17,4750.2,No
CUST-02740,Female,1,No,No,61,Yes,No,DSL,No internet service,No,One year,No,Electronic check,77.3,4715.3,No
CUST-02741,Female,0,Yes,No,52,Yes,No phone service,Fiber optic,Yes,No,Month-to-month,No,Mailed check,28.78,1533.9,No
CUST-02742,Male,0,Yes,No,52,No,No,Fiber optic,No,No,Month-to-month,Yes,Credit card,112.79,5912.43,No
CUST-02743,Male,1,Yes,No,27,Yes,No,DSL,Yes,No,Two year,No,Mailed check,99.93,2736.65,No
CUST-02744,Male,0,Yes,Yes,34,Yes,No,DSL,No internet service,No internet service,Month-to-month,No,Bank transfer,69.05,2352.66,No
CUST-02745,Female,0,No,Yes,64,Yes,Yes,Fiber optic,Yes,No,Month-to-month,Yes,Bank transfer,49.25,3152.0,No
CUST-02746,Male,0,Yes,No,2,Yes,Yes,Fiber optic,Yes,Yes,One year,No,Electronic check,103.53,207.06,No
CUST-02747,Male,1,No,Yes,42,Yes,No,DSL,No internet service,No,Month-to-month,Yes,Mailed check,47.73,2017.45,No
CUST-02748,Female,0,No,No,49,Yes,Yes,DSL,No,No internet service,Two year,Yes,Electronic check,73.27,3598.76,No
CUST-02749,Female,0,Yes,Yes,70,Yes,No phone service,No,No,Yes,Month-to-month,Yes,Bank transfer,38.28,2679.6,No
CUST-02750,Female,0,No,Yes,8,Yes,Yes,No,No internet service,No,Month-to-month,Yes,Credit card,100.06,851.26,No
CUST-02751,Male,1,Yes,No,35,Yes,Yes,No,No,No internet service,Two year,No,Bank transfer,94.79,3319.95,No
CUST-02752,Male,0,Yes,Yes,22,Yes,Yes,DSL,Yes,No,Two year,Yes,Electronic check,47.76,1050.72,No
CUST-02753,Female,0,Yes,No,49,Yes,No,DSL,No,Yes,Two year,No,Mailed check,29.97,1468.53,No
CUST-02754,Female,1,No,No,54,Yes,No,No,No,No,Month-to-month,No,Bank transfer,36.06,1947.24,No
CUST-02755,Male,0,Yes,No,11,Yes,Yes,DSL,No internet service,No,Two year,No,Electronic check,80.87,900.08,Yes
CUST-02756,Male,0,No,No,31,Yes,No,Fiber optic,No internet service,No internet service,Month-to-month,No,Mailed check,33.3,1032.69,No
CUST-02757,Female,0,No,Yes,23,Yes,No phone service,DSL,No,Yes,Month-to-month,Yes,Electronic check,50.65,1164.95,Yes
CUST-02758,Female,0,No,No,66,Yes,No,Fiber optic,Yes,No internet service,Two year,No,Bank transfer,103.6,6899.29,No
CUST-02759,Male,1,Yes,No,26,Yes,Yes,No,No internet service,Yes,Month-to-month,Yes,Mailed check,26.34,722.35,No
CUST-02760,Female,0,No,No,60,Yes,Yes,No,No,No internet service,One year,No,Bank transfer,77.28,4636.8,No
CUST-02761,Male,0,No,No,18,Yes,No,No,No,Yes,Two year,No,Bank transfer,58.78,1058.04,No
CUST-02762,Male,0,No,No,72,Yes,No,No,Yes,Yes,Month-to-month,Yes,Bank transfer,30.27,2179.44,No
CUST-02763,Male,0,No,No,50,Yes,No phone service,Fiber optic,No,Yes,Month-to-month,No,Bank transfer,69.96,3498.0,No
CUST-02764,Male,1,No,No,63,No,No,Fiber optic,Yes,No,Month-to-month,Yes,Bank transfer,70.7,4454.1,Yes
CUST-02765,Female,0,Yes,Yes,1,Yes,Yes,DSL,No,No,Two year,Yes,Electronic check,56.56,82.62,No
CUST-02766,Female,0,Yes,Yes,35,Yes,Yes,Fiber optic,No internet service,No,One year,No,Credit card,23.64,836.8,No
CUST-02767,Male,0,Yes,No,10,Yes,No,DSL,Yes,No,Month-to-month,Yes,Credit card,39.1,391.0,No
CUST-02768,Male,1,Yes,Yes,67,Yes,Yes,No,Yes,Yes,Month-to-month,No,Bank transfer,59.28,3984.17,No
CUST-02769,Male,0,Yes,Yes,67,Yes,No phone service,Fiber optic,No,No internet service,Month-to-month,Yes,Bank transfer,46.28,3149.64,Yes
CUST-02770,Male,0,Yes,Yes,63,No,Yes,Fiber optic,No,Yes,One year,No,Bank transfer,34.37,2190.85,No
CUST-02771,Male,0,Yes,No,0,Yes,No,Fiber optic,No,No,Month-to-month,No,Mailed check,67.67,0.0,Yes
CUST-02772,Female,0,No,No,25,No,Yes,Fiber optic,No,No,Month-to-month,No,Bank transfer,58.56,1583.84,Yes
CUST-02773,Female,0,Yes,No,10,Yes,Yes,Fiber optic,No,No,One year,No,Mailed check,85.82,880.0,Yes
CUST-02774,Female,0,No,No,1,Yes,No,No,Yes,Yes,Month-to-month,No,Electronic check,75.16,75.16,No
CUST-02775,Female,0,No,No,39,Yes,No,Fiber optic,No,Yes,Two year,Yes,Credit card,35.31,1458.56,No
CUST-02776,Male,0,No,No,3,No,Yes,Fiber optic,No,No internet service,Month-to-month,Yes,Bank transfer,88.14,264.42,Yes
CUST-02777,Male,0,No,No,36,Yes,Yes,Fiber optic,No,No internet service,One year,Yes,Credit card,65.47,2356.92,No
CUST-02778,Male,1,Yes,No,60,No,No,No,No internet service,No,Month-to-month,Yes,Electronic check,29.57,1774.2,Yes
CUST-02779,Male,0,Yes,No,4,Yes,No,Fiber optic,Yes,Yes,One year,No,Credit card,19.88,128.24,No
CUST-02780,Male,1,Yes,No,14,Yes,Yes,No,No,No internet service,Two year,Yes,Electronic check,81.9,1146.6,No
CUST-02781,Female,0,Yes,No,66,Yes,No,No,No,No internet service,One year,No,Bank transfer,81.1,5352.6,Yes
CUST-02782,Male,0,No,No,25,Yes,Yes,DSL,Yes,No,One year,Yes,Electronic check,101.69,2542.25,Yes
CUST-02783,Female,1,No,No,5,Yes,No,No,Yes,No,One year,Yes,Bank transfer,95.77,513.91,Yes
CUST-02784,Female,0,Yes,No,43,Yes,No,No,Yes,No internet service,Month-to-month,Yes,Credit card,107.51,4646.73,No
CUST-02785,Female,0,Yes,No,57,No,Yes,Fiber optic,No internet service,No,Month-to-month,Yes,Electronic check,47.83,2726.31,No
CUST-02786,Female,1,Yes,No,45,Yes,No,No,Yes,No,Two year,Yes,Mailed check,60.14,2706.3,No
CUST-02787,Male,0,Yes,No,41,No,Yes,No,No internet service,No internet service,One year,No,Mailed check,24.32,1009.74,No
CUST-02788,Female,0,No,No,47,Yes,Yes,DSL,No,No,Month-to-month,Yes,Mailed check,59.96,2818.12,Yes
CUST-02789,Female,0,Yes,No,26,Yes,No,No,No internet service,No internet service,Month-to-month,Yes,Bank transfer,40.42,1050.92,No
CUST-02790,Female,0,No,No,19,Yes,No,Fiber optic,Yes,No,Month-to-month,No,Electronic check,100.14,1902.66,Yes
CUST-02791,Male,0,Yes,No,69,Yes,No,No,No,Yes,Month-to-month,Yes,Mailed check,84.94,5902.39,No
CUST-02792,Male,0,Yes,No,34,Yes,Yes,Fiber optic,No,Yes,Two year,No,Bank transfer,97.73,3322.82,No
CUST-02793,Male,0,No,No,47,No,No,Fiber optic,No,Yes,Two year,No,Mailed check,78.43,3733.37,No
CUST-02794,Female,0,No,No,66,Yes,Yes,No,No,No internet service,Month-to-month,No,Credit card,78.99,5213.34,No
CUST-02795,Female,0,No,No,67,No,Yes,Fiber optic,No,No internet service,Month-to-month,No,Credit card,41.99,2813.33,No
CUST-02796,Male,0,No,No,51,Yes,No,Fiber optic,Yes,No internet service,Month-to-month,Yes,Credit card,86.32,4402.32,Yes
CUST-02797,Female,0,Yes,Yes,67,Yes,No,Fiber optic,No,No,Month-to-month,Yes,Mailed check,32.68,2193.81,Yes
CUST-02798,Male,0,Yes,No,3,Yes,No phone service,Fiber optic,No,Yes,Month-to-month,Yes,Bank transfer,46.14,138.42,No
CUST-02799,Male,0,No,No,38,Yes,No,Fiber optic,No,Yes,Two year,Yes,Mailed check,36.35,1381.3,No
CUST-02800,Female,0,No,No,20,Yes,Yes,DSL,No,Yes,Month-to-month,Yes,Bank transfer,114.85,2297.0,Yes
CUST-02801,Female,0,No,No,65,Yes,No phone service,Fiber optic,No,No internet service,Month-to-month,Yes,Mailed check,109.6,7195.91,No
CUST-02802,Female,0,Yes,Yes,15,Yes,Yes,DSL,No,Yes,Month-to-month,No,Bank transfer,107.23,1608.45,No
CUST-02803,Female,1,No,No,6,Yes,Yes,Fiber optic,Yes,No internet service,Two year,Yes,Mailed check,115.94,695.64,Yes
CUST-02804,Male,0,Yes,No,8,Yes,No,Fiber optic,Yes,No internet service,Two year,Yes,Electronic check,80.48,665.48,No
CUST-02805,Male,0,No,Yes,16,Yes,No phone service,Fiber optic,No,Yes,Month-to-month,Yes,Electronic check,109.26,1748.16,Yes
CUST-02806,Male,0,No,No,11,Yes,No,DSL,No internet service,No internet service,Month-to-month,No,Bank transfer,47.77,526.79,No
CUST-02807,Male,0,Yes,No,56,Yes,No,DSL,No,No internet service,Two year,No,Credit card,57.25,3206.0,Yes
CUST-02808,Male,1,No,No,44,No,No,Fiber optic,Yes,No,Month-to-month,Yes,Credit card,65.63,2909.81,Yes
CUST-02809,Female,1,Yes,Yes,10,Yes,No,Fiber optic,No,No,Two year,No,Credit card,27.12,271.2,No
CUST-02810,Male,0,No,No,12,Yes,No,Fiber optic,No,No,Month-to-month,Yes,Bank transfer,102.12,1225.44,Yes
CUST-02811,Male,0,Yes,No,30,Yes,Yes,DSL,No internet service,No,Two year,Yes,Electronic check,30.16,904.8,No
CUST-02812,Male,1,No,Yes,25,Yes,Yes,Fiber optic,Yes,No,Month-to-month,Yes,Bank transfer,99.56,2510.88,No
CUST-02813,Female,1,Yes,Yes,62,Yes,Yes,No,No internet service,No internet service,Two year,Yes,Mailed check,112.07,6948.34,No
CUST-02814,Female,0,No,Yes,30,Yes,No,Fiber optic,No internet service,Yes,Two year,No,Mailed check,75.92,2277.6,No
CUST-02815,Female,0,No,No,21,No,No,DSL,No,Yes,Month-to-month,Yes,Mailed check,34.92,779.69,No
CUST-02816,Female,0,Yes,Yes,5,No,No,DSL,Yes,No,Month-to-month,No,Mailed check,62.54,333.46,Yes
CUST-02817,Male,1,Yes,Yes,19,Yes,Yes,No,No,Yes,Month-to-month,No,Mailed check,32.16,611.04,No
CUST-02818,Male,0,No,No,9,Yes,Yes,Fiber optic,No internet service,No internet service,Two year,No,Mailed check,30.14,275.31,No
CUST-02819,Female,0,Yes,No,34,Yes,No,DSL,No,No,Month-to-month,Yes,Credit card,95.12,3234.08,Yes
CUST-02820,Female,0,No,No,25,Yes,Yes,No,No internet service,No,Month-to-month,Yes,Credit card,58.09,1504.04,Yes
CUST-02821,Male,0,Yes,No,70,Yes,No,DSL,Yes,No internet service,Month-to-month,Yes,Mailed check,18.01,1260.7,Yes
CUST-02822,Male,0,No,Yes,36,Yes,Yes,Fiber optic,No,Yes,One year,Yes,Bank transfer,22.94,853.27,No
CUST-02823,Female,1,Yes,No,7,Yes,No,DSL,No internet service,Yes,Month-to-month,No,Electronic check,101.41,733.97,No
CUST-02824,Female,0,Yes,Yes,4,Yes,No,DSL,No,No internet service,One year,Yes,Mailed check,81.21,324.84,Yes
CUST-02825,Female,0,Yes,No,43,Yes,No,Fiber optic,No,No,Two year,No,Mailed check,104.14,4478.02,No
CUST-02826,Female,0,Yes,No,66,Yes,No,DSL,Yes,No internet service,One year,Yes,Bank transfer,45.91,3087.8,No
CUST-02827,Male,0,Yes,Yes,71,Yes,No,DSL,No internet service,No internet service,Month-to-month,Yes,Credit card,50.06,3554.26,No
CUST-02828,Male,0,No,No,48,No,No,No,No,No,Month-to-month,No,Bank transfer,80.92,3955.99,Yes
CUST-02829,Male,0,No,No,35,Yes,No phone service,DSL,No internet service,No,Month-to-month,No,Electronic check,85.85,3004.75,No
CUST-02830,Female,0,No,Yes,25,Yes,No,Fiber optic,No internet service,No internet service,Month-to-month,Yes,Electronic check,20.7,517.5,Yes
CUST-02831,Female,0,No,No,44,Yes,Yes,DSL,Yes,Yes,Month-to-month,No,Bank transfer,110.54,4863.76,No
CUST-02832,Male,0,Yes,No,60,Yes,No,No,No,No,Month-to-month,Yes,Mailed check,99.51,5970.6,No
CUST-02833,Male,0,No,No,43,Yes,No,No,No,Yes,Month-to-month,No,Credit card,31.45,1369.47,No
CUST-02834,Male,1,Yes,No,3,Yes,No,DSL,Yes,No,Month-to-month,Yes,Mailed check,19.05,57.15,Yes
CUST-02835,Male,1,No,No,57,Yes,Yes,Fiber optic,Yes,Yes,One year,Yes,Mailed check,96.45,5497.65,Yes
CUST-02836,Female,0,Yes,Yes,25,Yes,Yes,Fiber optic,Yes,No,Month-to-month,No,Mailed check,110.09,2752.25,Yes
CUST-02837,Male,0,Yes,Yes,28,Yes,No phone service,DSL,No,No internet service,Two year,No,Mailed check,50.85,1454.1,No
CUST-02838,Male,1,Yes,No,8,No,No phone service,Fiber optic,No internet service,No internet service,Month-to-month,Yes,Credit card,50.72,501.85,Yes
CUST-02839,Male,0,No,Yes,35,Yes,No,No,No,No internet service,Month-to-month,No,Bank transfer,70.49,2531.94,No
CUST-02840,Male,0,Yes,No,3,Yes,Yes,DSL,No,Yes,Month-to-month,Yes,Electronic check,86.8,260.4,Yes
CUST-02841,Male,1,No,No,58,Yes,Yes,No,Yes,No,One year,No,Electronic check,84.06,4875.48,Yes
CUST-02842,Male,0,Yes,Yes,36,Yes,Yes,DSL,No,No,Month-to-month,No,Credit card,94.77,3411.72,Yes
CUST-02843,Male,0,No,Yes,12,No,Yes,Fiber optic,No,Yes,Month-to-month,Yes,Bank transfer,29.63,355.56,Yes
CUST-02844,Female,1,No,No,19,Yes,Yes,DSL,No internet service,Yes,Month-to-month,No,Credit card,71.02,1349.38,No
CUST-02845,Female,0,Yes,No,16,Yes,No,Fiber optic,No,Yes,Month-to-month,Yes,Mailed check,69.65,1138.21,Yes
CUST-02846,Female,0,No,No,50,Yes,Yes,DSL,Yes,No,Two year,Yes,Credit card,114.89,5744.5,Yes
CUST-02847,Female,0,No,No,54,No,No,DSL,No internet service,No internet service,Month-to-month,Yes,Bank transfer,111.66,6029.64,Yes
CUST-02848,Male,0,No,Yes,32,Yes,No,Fiber optic,Yes,No,Two year,No,Electronic check,94.53,3024.96,No
CUST-02849,Female,0,No,No,20,Yes,No,DSL,No internet service,No internet service,One year,No,Credit card,107.45,2149.0,No
CUST-02850,Female,0,No,Yes,21,Yes,No,Fiber optic,No internet service,Yes,Month-to-month,Yes,Electronic check,94.05,1975.05,Yes
CUST-02851,Male,1,No,No,24,Yes,No,DSL,No,Yes,Two year,Yes,Electronic check,91.49,2195.76,No
CUST-02852,Male,0,Yes,No,66,Yes,No,DSL,Yes,No internet service,Month-to-month,Yes,Electronic check,40.0,2686.33,No
CUST-02853,Female,0,No,No,11,Yes,No,Fiber optic,Yes,No,Month-to-month,Yes,Bank transfer,80.96,969.47,Yes
CUST-02854,Female,0,Yes,No,14,Yes,Yes,DSL,Yes,No,Month-to-month,Yes,Mailed check,111.44,1560.16,No
CUST-02855,Male,0,Yes,No,1,Yes,Yes,No,No,No,One year,Yes,Mailed check,94.51,94.51,Yes
CUST-02856,Female,0,No,No,3,Yes,No,Fiber optic,No internet service,No,Two year,Yes,Bank transfer,79.68,239.04,No
CUST-02857,Male,1,Yes,No,44,Yes,No,No,No internet service,No internet service,One year,Yes,Mailed check,44.33,1950.52,No
CUST-02858,Male,1,Yes,No,12,Yes,No phone service,DSL,No,No,Two year,No,Mailed check,87.22,1046.64,No
CUST-02859,Male,0,No,No,54,No,No,Fiber optic,Yes,No internet service,Two year,Yes,Mailed check,53.4,2896.88,No
CUST-02860,Male,0,No,No,31,Yes,Yes,Fiber optic,No internet service,No internet service,Month-to-month,No,Credit card,24.65,824.25,No
CUST-02861,Female,0,No,Yes,21,Yes,No,DSL,No,No,Month-to-month,Yes,Mailed check,42.41,890.61,Yes
CUST-02862,Male,0,No,Yes,54,Yes,No,Fiber optic,No,No,Month-to-month,Yes,Credit card,57.7,3163.08,Yes
CUST-02863,Male,0,No,Yes,16,Yes,No,Fiber optic,No internet service,No internet service,One year,No,Electronic check,119.66,1914.56,Yes
CUST-02864,Female,0,Yes,No,69,Yes,No,DSL,No,No internet service,Month-to-month,Yes,Credit card,95.53,6591.57,No
CUST-02865,Male,1,Yes,Yes,50,Yes,No,No,No,Yes,One year,No,Mailed check,46.52,2326.0,No
CUST-02866,Female,0,No,No,7,Yes,Yes,Fiber optic,No internet service,No,Two year,Yes,Bank transfer,95.76,695.65,No
CUST-02867,Female,0,Yes,No,60,Yes,No,DSL,No internet service,No internet service,Two year,Yes,Electronic check,54.48,3268.8,No
CUST-02868,Female,0,No,Yes,9,Yes,No,DSL,Yes,Yes,One year,No,Electronic check,80.01,720.09,No
CUST-02869,Male,0,No,No,18,Yes,No,Fiber optic,Yes,No,Two year,No,Credit card,96.0,1728.0,No
CUST-02870,Female,0,Yes,Yes,13,Yes,No,DSL,Yes,No internet service,One year,No,Bank transfer,93.57,1275.54,Yes
CUST-02871,Female,0,No,No,66,Yes,No,DSL,No,Yes,Month-to-month,Yes,Mailed check,32.28,2130.48,Yes
CUST-02872,Male,0,No,No,54,Yes,No,Fiber optic,No,No,Month-to-month,Yes,Credit card,102.2,5550.96,No
CUST-02873,Female,0,Yes,No,60,Yes,No,DSL,No,No internet service,Month-to-month,No,Credit card,112.14,6792.06,Yes
CUST-02874,Female,0,No,Yes,55,Yes,No,Fiber optic,Yes,No,Month-to-month,Yes,Electronic check,41.81,2299.55,Yes
CUST-02875,Female,0,No,No,62,Yes,Yes,DSL,Yes,No,Month-to-month,Yes,Credit card,51.6,3238.26,No
CUST-02876,Female,0,Yes,No,10,Yes,No,DSL,No internet service,No,Month-to-month,No,Bank transfer,113.7,1137.0,Yes
CUST-02877,Female,0,No,No,46,Yes,No,DSL,No,No internet service,Two year,No,Credit card,118.33,5443.18,Yes
CUST-02878,Male,0,No,No,5,Yes,Yes,Fiber optic,No,No,Month-to-month,No,Credit card,64.26,321.3,Yes
CUST-02879,Female,0,No,Yes,33,Yes,No,Fiber optic,No,No,Two year,No,Bank transfer,21.52,721.61,Yes
CUST-02880,Female,0,No,No,64,Yes,Yes,Fiber optic,No internet service,Yes,One year,No,Credit card,113.15,7241.6,Yes
CUST-02881,Male,0,No,No,63,Yes,Yes,No,Yes,No,Two year,Yes,Mailed check,20.59,1342.94,No
CUST-02882,Male,0,Yes,Yes,65,Yes,No,DSL,No,No,Month-to-month,Yes,Credit card,51.68,3359.2,No
CUST-02883,Male,0,No,No,30,Yes,Yes,DSL,No,Yes,Month-to-month,No,Mailed check,27.15,814.5,No
CUST-02884,Female,0,No,No,61,Yes,No,Fiber optic,No,No,One year,Yes,Bank transfer,70.2,4282.2,No
CUST-02885,Male,0,Yes,No,53,Yes,No,DSL,Yes,Yes,One year,Yes,Mailed check,21.83,1156.99,No
CUST-02886,Female,0,Yes,Yes,7,Yes,Yes,DSL,Yes,No,One year,No,Bank transfer,40.99,286.93,No
CUST-02887,Female,1,No,Yes,41,Yes,No phone service,DSL,Yes,No,Two year,No,Mailed check,64.8,2675.21,No
CUST-02888,Male,0,No,No,40,Yes,Yes,Fiber optic,No,Yes,Month-to-month,No,Mailed check,25.57,1022.8,Yes
CUST-02889,Male,1,No,No,58,No,No,Fiber optic,No,No,Month-to-month,Yes,Bank transfer,67.0,3886.0,No
CUST-02890,Female,0,No,Yes,39,Yes,No,No,Yes,Yes,Month-to-month,No,Bank transfer,45.04,1756.56,Yes
CUST-02891,Male,0,No,No,21,Yes,No,Fiber optic,Yes,Yes,Two year,No,Mailed check,45.23,1014.76,No
CUST-02892,Female,1,No,Yes,23,Yes,No phone service,Fiber optic,No,No,Month-to-month,No,Bank transfer,113.58,2621.83,Yes
CUST-02893,Male,0,No,No,37,Yes,No,Fiber optic,No,No,Month-to-month,Yes,Electronic check,88.4,3313.71,Yes
CUST-02894,Male,0,Yes,No,1,Yes,No phone service,DSL,No internet service,No internet service,Month-to-month,Yes,Credit card,112.81,196.05,No
CUST-02895,Male,0,No,No,40,Yes,Yes,DSL,No,No,Two year,Yes,Mailed check,76.72,3171.88,No
CUST-02896,Female,0,No,No,18,Yes,No,No,No,No,One year,No,Electronic check,110.53,2000.13,Yes
CUST-02897,Male,0,No,No,1,Yes,No,DSL,No,Yes,Month-to-month,No,Electronic check,103.42,103.42,Yes
CUST-02898,Female,0,No,No,61,Yes,No phone service,DSL,No internet service,No,Month-to-month,No,Electronic check,119.78,7306.58,Yes
CUST-02899,Female,1,No,No,15,Yes,No phone service,DSL,No,Yes,Month-to-month,Yes,Bank transfer,69.32,1044.85,Yes
CUST-02900,Female,0,Yes,No,21,Yes,No,DSL,No internet service,Yes,One year,No,Credit card,89.0,1892.06,Yes
CUST-02901,Female,1,Yes,Yes,13,Yes,No,DSL,No,Yes,Month-to-month,No,Mailed check,34.39,482.28,Yes
CUST-02902,Male,1,Yes,No,55,Yes,Yes,Fiber optic,No,Yes,Month-to-month,No,Credit card,113.83,6260.65,No
CUST-02903,Female,0,Yes,Yes,64,Yes,Yes,DSL,Yes,Yes,One year,No,Mailed check,58.67,3754.88,No
CUST-02904,Female,0,No,No,44,Yes,Yes,DSL,No,Yes,Two year,No,Credit card,111.5,4906.0,No
CUST-02905,Male,1,Yes,Yes,53,Yes,Yes,No,Yes,Yes,Month-to-month,Yes,Credit card,28.27,1498.43,No
CUST-02906,Female,1,Yes,No,65,Yes,Yes,Fiber optic,Yes,No,Month-to-month,No,Electronic check,70.56,4667.2,Yes
CUST-02907,Male,0,No,Yes,45,Yes,Yes,Fiber optic,No internet service,No internet service,Month-to-month,Yes,Bank transfer,18.14,816.3,No
CUST-02908,Female,0,No,No,32,Yes,Yes,Fiber optic,No,No internet service,Month-to-month,Yes,Mailed check,60.43,1933.76,Yes
CUST-02909,Male,0,Yes,No,49,Yes,No phone service,DSL,No internet service,No,One year,No,Mailed check,26.48,1339.8,No
CUST-02910,Female,0,No,No,21,Yes,Yes,Fiber optic,Yes,No internet service,Month-to-month,Yes,Mailed check,63.82,1340.22,Yes
CUST-02911,Male,0,No,No,39,Yes,Yes,Fiber optic,No,No,Two year,Yes,Electronic check,74.69,2912.91,No
CUST-02912,Female,0,Yes,No,38,Yes,No,Fiber optic,No internet service,No,One year,No,Electronic check,104.93,4035.38,No
CUST-02913,Female,0,Yes,No,40,Yes,No,Fiber optic,No,Yes,Month-to-month,No,Electronic check,48.13,1958.32,Yes
CUST-02914,Male,0,No,No,67,Yes,Yes,Fiber optic,Yes,Yes,Two year,No,Electronic check,75.81,5113.4,No
CUST-02915,Male,0,No,No,6,Yes,Yes,Fiber optic,No,Yes,Month-to-month,No,Electronic check,24.78,148.68,No
CUST-02916,Male,0,No,Yes,70,No,Yes,Fiber optic,No,Yes,Month-to-month,No,Credit card,111.18,7788.65,Yes
CUST-02917,Male,0,Yes,No,3,Yes,Yes,Fiber optic,No internet service,Yes,Two year,No,Mailed check,64.08,200.56,Yes
CUST-02918,Female,0,Yes,No,58,Yes,Yes,Fiber optic,No,Yes,Two year,Yes,Credit card,43.76,2538.08,No
CUST-02919,Female,0,No,No,25,Yes,No,Fiber optic,No internet service,No,Two year,Yes,Electronic check,65.25,1672.92,Yes
CUST-02920,Male,0,Yes,No,30,Yes,No,DSL,No internet service,No,One year,Yes,Bank transfer,67.11,2013.3,Yes
CUST-02921,Female,0,Yes,No,72,Yes,No,Fiber optic,No,No,Month-to-month,Yes,Electronic check,93.82,6755.04,Yes
CUST-02922,Male,1,No,Yes,68,Yes,No,No,No internet service,No,Two year,No,Electronic check,117.41,8025.89,No
CUST-02923,Male,0,Yes,No,51,Yes,Yes,DSL,No,No,Month-to-month,Yes,Electronic check,36.99,1886.49,No
CUST-02924,Female,0,No,No,71,Yes,Yes,No,No internet service,Yes,Two year,No,Mailed check,23.56,1679.91,No
CUST-02925,Female,0,No,No,20,Yes,No,Fiber optic,No internet service,No,Two year,No,Mailed check,84.88,1752.73,No
CUST-02926,Female,1,Yes,No,15,Yes,No,Fiber optic,Yes,No internet service,Two year,No,Bank transfer,108.23,1623.45,Yes
CUST-02927,Female,0,No,Yes,50,Yes,No phone service,No,No internet service,No internet service,Month-to-month,Yes,Mailed check,75.63,3802.15,No
CUST-02928,Female,0,Yes,No,15,Yes,Yes,Fiber optic,No,No,Two year,No,Electronic check,26.15,398.45,No
CUST-02929,Female,0,No,Yes,17,Yes,No phone service,No,No,No,One year,No,Bank transfer,61.02,1070.11,No
CUST-02930,Female,0,Yes,No,46,Yes,No phone service,DSL,No,Yes,One year,Yes,Bank transfer,84.78,3900.58,No
CUST-02931,Male,0,Yes,No,55,Yes,Yes,DSL,No,No,Two year,No,Bank transfer,51.46,2887.67,No
CUST-02932,Male,0,No,No,27,Yes,Yes,Fiber optic,Yes,Yes,Month-to-month,Yes,Electronic check,104.18,2831.49,Yes
CUST-02933,Male,0,Yes,No,55,Yes,Yes,No,No,No,Month-to-month,Yes,Mailed check,40.92,2293.75,No
CUST-02934,Male,0,No,No,36,Yes,No,No,No,No,One year,No,Credit card,55.18,2026.97,No
CUST-02935,Male,0,Yes,Yes,15,Yes,Yes,DSL,Yes,No internet service,Month-to-month,Yes,Mailed check,111.48,1740.03,No
CUST-02936,Female,0,Yes,No,64,Yes,Yes,DSL,No,No,One year,No,Credit card,76.5,4896.0,No
CUST-02937,Male,1,No,Yes,59,Yes,No phone service,No,No internet service,No internet service,Month-to-month,No,Electronic check,18.64,1099.76,No
CUST-02938,Male,0,Yes,No,60,Yes,Yes,Fiber optic,Yes,No,Month-to-month,No,Mailed check,42.89,2625.51,No
CUST-02939,Male,1,Yes,Yes,10,Yes,Yes,Fiber optic,No,No,Month-to-month,Yes,Electronic check,94.84,956.53,Yes
CUST-02940,Male,0,No,No,65,Yes,No,No,No,Yes,Month-to-month,No,Electronic check,23.31,1608.87,No
CUST-02941,Male,0,No,Yes,31,Yes,No,DSL,No internet service,Yes,One year,Yes,Bank transfer,119.29,3697.99,No
CUST-02942,Male,0,No,No,18,Yes,Yes,DSL,No,No internet service,One year,Yes,Mailed check,109.59,1972.62,No
CUST-02943,Male,1,No,No,55,No,Yes,No,No,No,Month-to-month,Yes,Bank transfer,40.83,2245.65,No
CUST-02944,Female,0,Yes,No,4,Yes,No,DSL,No,No,Two year,Yes,Mailed check,109.34,482.17,No
CUST-02945,Female,0,No,No,2,Yes,No,DSL,No internet service,No internet service,One year,No,Electronic check,89.35,276.24,Yes
CUST-02946,Male,0,Yes,No,27,Yes,No phone service,DSL,No,No,Two year,Yes,Bank transfer,61.39,1657.88,No
CUST-02947,Female,0,No,No,71,Yes,Yes,DSL,No,No internet service,Month-to-month,Yes,Electronic check,38.0,2719.05,No
CUST-02948,Female,0,Yes,No,28,No,No,DSL,No internet service,Yes,Month-to-month,No,Credit card,38.42,1075.76,No
CUST-02949,Female,0,No,No,58,Yes,Yes,Fiber optic,Yes,No internet service,Month-to-month,No,Electronic check,78.6,4573.14,No
CUST-02950,Female,0,No,No,24,Yes,No phone service,No,Yes,No internet service,Month-to-month,No,Credit card,60.44,1465.34,Yes
CUST-02951,Male,0,No,Yes,21,Yes,Yes,DSL,No internet service,No internet service,Two year,No,Credit card,78.71,1652.91,No
CUST-02952,Female,0,No,No,70,Yes,No,No,No,No,Two year,Yes,Bank transfer,51.69,3633.23,No
CUST-02953,Female,0,No,No,22,Yes,Yes,DSL,No,Yes,Two year,Yes,Bank transfer,41.47,924.79,No
CUST-02954,Female,0,No,Yes,69,Yes,Yes,DSL,Yes,Yes,Month-to-month,Yes,Mailed check,103.33,7210.65,No
CUST-02955,Male,0,Yes,No,39,Yes,Yes,Fiber optic,No,Yes,Month-to-month,No,Mailed check,111.84,4361.76,No
CUST-02956,Male,0,Yes,No,13,Yes,Yes,No,No,No,Two year,No,Bank transfer,89.94,1169.22,Yes
CUST-02957,Male,0,Yes,Yes,28,Yes,No,No,No,No,Month-to-month,Yes,Mailed check,34.48,965.44,Yes
CUST-02958,Male,1,Yes,No,15,No,Yes,DSL,No,No,Two year,No,Electronic check,27.42,411.3,No
CUST-02959,Male,1,No,No,9,Yes,No,DSL,No,No,Month-to-month,Yes,Electronic check,72.99,656.91,Yes
CUST-02960,Male,0,No,Yes,46,Yes,Yes,No,No internet service,Yes,Month-to-month,No,Electronic check,74.14,3410.44,Yes
CUST-02961,Male,0,No,No,3,Yes,No,DSL,No internet service,Yes,Two year,No,Electronic check,83.2,251.35,No
CUST-02962,Female,0,No,No,11,Yes,No,Fiber optic,Yes,Yes,Two year,Yes,Electronic check,110.43,1289.7,No
CUST-02963,Female,0,No,Yes,41,Yes,Yes,DSL,Yes,Yes,Two year,No,Credit card,83.97,3442.77,No
CUST-02964,Female,0,Yes,No,3,Yes,Yes,Fiber optic,No internet service,No,Month-to-month,No,Electronic check,111.45,397.64,Yes
CUST-02965,Male,0,Yes,No,5,Yes,No,Fiber optic,No,Yes,Two year,Yes,Mailed check,30.01,191.49,No
CUST-02966,Male,0,Yes,No,13,Yes,Yes,Fiber optic,No,Yes,Month-to-month,Yes,Bank transfer,90.34,1181.33,No
CUST-02967,Male,1,Yes,No,34,Yes,Yes,No,No internet service,No,Month-to-month,Yes,Bank transfer,112.6,3828.4,No
CUST-02968,Male,1,No,No,46,Yes,Yes,DSL,No,No internet service,Month-to-month,Yes,Mailed check,65.21,3026.47,Yes
CUST-02969,Male,0,No,No,57,Yes,Yes,Fiber optic,Yes,Yes,Two year,Yes,Mailed check,116.69,6683.46,No
CUST-02970,Female,0,No,Yes,64,Yes,Yes,Fiber optic,No internet service,No internet service,Month-to-month,Yes,Mailed check,74.36,4759.04,No
CUST-02971,Female,0,No,No,18,Yes,No phone service,DSL,No,No internet service,One year,Yes,Bank transfer,114.18,2084.55,No
CUST-02972,Male,0,No,No,56,Yes,No,DSL,Yes,No,One year,Yes,Mailed check,94.35,5283.6,No
CUST-02973,Male,0,Yes,Yes,64,Yes,No,DSL,No internet service,No,One year,No,Mailed check,64.69,4167.42,No
CUST-02974,Male,0,No,No,12,Yes,Yes,DSL,No internet service,Yes,Month-to-month,Yes,Credit card,21.5,340.08,Yes
CUST-02975,Male,0,Yes,Yes,7,Yes,No phone service,No,Yes,No internet service,Month-to-month,Yes,Credit card,85.05,595.35,No
CUST-02976,Female,0,Yes,No,17,Yes,No,Fiber optic,Yes,No,Two year,Yes,Credit card,43.94,746.98,No
CUST-02977,Male,0,Yes,No,34,Yes,No,Fiber optic,No,No,One year,Yes,Bank transfer,47.44,1612.96,No
CUST-02978,Male,0,No,No,25,Yes,No,Fiber optic,No internet service,No internet service,Two year,No,Mailed check,20.02,500.5,No
CUST-02979,Male,0,Yes,Yes,37,Yes,Yes,Fiber optic,No,No,Month-to-month,Yes,Electronic check,74.88,2783.71,No
CUST-02980,Male,0,Yes,No,65,Yes,No,Fiber optic,Yes,No,Month-to-month,No,Bank transfer,47.51,3088.15,No
CUST-02981,Female,0,No,Yes,25,Yes,No,DSL,Yes,No,Month-to-month,Yes,Credit card,118.2,2955.0,Yes
CUST-02982,Male,0,No,No,56,Yes,No phone service,DSL,No,No,Month-to-month,No,Credit card,94.4,5367.93,Yes
CUST-02983,Male,0,Yes,No,24,Yes,Yes,DSL,No internet service,No,Month-to-month,No,Bank transfer,54.46,1398.65,No
CUST-02984,Female,0,Yes,No,29,Yes,No phone service,No,No internet service,No,Month-to-month,Yes,Bank transfer,48.03,1410.93,No
CUST-02985,Female,1,No,No,6,Yes,Yes,Fiber optic,No,No internet service,One year,No,Mailed check,90.93,545.58,Yes
CUST-02986,Female,0,Yes,No,26,Yes,Yes,Fiber optic,No internet service,No,Two year,Yes,Bank transfer,43.93,1185.86,Yes
CUST-02987,Male,0,No,Yes,10,No,No,Fiber optic,No,No,Two year,Yes,Electronic check,63.7,637.0,No
CUST-02988,Male,0,No,No,7,Yes,No,Fiber optic,No,Yes,Two year,No,Electronic check,34.36,240.52,No
CUST-02989,Female,1,Yes,No,10,Yes,No,Fiber optic,No internet service,No,One year,Yes,Bank transfer,43.92,536.88,Yes
CUST-02990,Female,0,Yes,No,29,Yes,No,DSL,No,No,Month-to-month,No,Electronic check,28.04,813.16,No
CUST-02991,Female,0,Yes,Yes,14,Yes,Yes,DSL,No internet service,No,Month-to-month,Yes,Mailed check,61.57,889.55,No
CUST-02992,Female,0,Yes,No,55,Yes,No,No,No,Yes,Month-to-month,No,Bank transfer,112.53,6189.15,No
CUST-02993,Female,0,Yes,No,34,Yes,Yes,Fiber optic,No,Yes,Two year,No,Electronic check,28.29,988.59,No
CUST-02994,Female,0,No,No,38,Yes,No,DSL,Yes,No internet service,Month-to-month,No,Credit card,62.61,2379.18,Yes
CUST-02995,Male,0,Yes,No,23,Yes,Yes,DSL,No internet service,No,Month-to-month,Yes,Mailed check,48.43,1113.89,Yes
CUST-02996,Male,0,No,No,7,Yes,Yes,DSL,No,No,Month-to-month,Yes,Bank transfer,55.02,430.98,Yes
CUST-02997,Male,1,No,Yes,42,Yes,No phone service,Fiber optic,Yes,No,Two year,No,Bank transfer,96.69,4060.98,No
CUST-02998,Female,0,Yes,Yes,41,Yes,Yes,Fiber optic,No,No,Two year,No,Bank transfer,62.37,2557.17,Yes
CUST-02999,Female,0,Yes,No,40,Yes,No,Fiber optic,No,Yes,Month-to-month,Yes,Credit card,84.34,3419.68,Yes
CUST-03000,Female,0,Yes,No,46,Yes,Yes,No,No internet service,No,Month-to-month,Yes,Electronic check,117.16,5389.36,Yes
CUST-03001,Female,0,Yes,No,25,Yes,Yes,No,Yes,Yes,Month-to-month,Yes,Bank transfer,80.88,2022.0,Yes
CUST-03002,Female,0,No,No,51,Yes,No,No,No,Yes,Month-to-month,Yes,Electronic check,52.41,2672.91,No
CUST-03003,Female,0,Yes,No,21,Yes,No,Fiber optic,Yes,No,Month-to-month,Yes,Mailed check,58.56,1307.13,Yes
CUST-03004,Male,0,No,No,4,Yes,No,Fiber optic,No,No,Month-to-month,Yes,Credit card,88.98,409.13,Yes
CUST-03005,Male,0,Yes,No,14,No,No,Fiber optic,No,No,One year,Yes,Credit card,88.82,1243.48,Yes
CUST-03006,Female,0,Yes,No,35,Yes,No,Fiber optic,Yes,No,Month-to-month,No,Mailed check,55.55,1944.25,No
CUST-03007,Male,0,No,No,62,Yes,No,No,No,No,Two year,No,Mailed check,91.9,5731.74,No
CUST-03008,Female,0,No,No,48,Yes,No,DSL,No internet service,No internet service,Month-to-month,Yes,Bank transfer,74.16,3579.82,Yes
CUST-03009,Male,0,Yes,Yes,54,Yes,No,No,No internet service,No internet service,Two year,Yes,Mailed check,118.0,6372.0,No
CUST-03010,Female,0,Yes,Yes,71,Yes,No,Fiber optic,No,Yes,One year,No,Credit card,110.63,7854.73,No
CUST-03011,Female,1,No,No,59,Yes,No,DSL,No,Yes,Two year,Yes,Electronic check,102.03,6049.33,Yes
CUST-03012,Male,1,Yes,No,56,Yes,No,Fiber optic,No internet service,No,One year,Yes,Electronic check,21.5,1215.42,Yes
CUST-03013,Male,0,Yes,No,28,Yes,Yes,DSL,Yes,No,One year,No,Electronic check,56.8,1608.87,No
CUST-03014,Female,0,No,No,18,Yes,Yes,DSL,No,No,Month-to-month,Yes,Electronic check,76.48,1389.71,No
CUST-03015,Female,0,No,Yes,72,Yes,Yes,No,No,Yes,Month-to-month,Yes,Electronic check,71.2,5162.87,Yes
CUST-03016,Male,0,No,Yes,9,Yes,Yes,Fiber optic,No internet service,No,Month-to-month,No,Electronic check,95.88,862.92,No
CUST-03017,Male,0,No,No,9,Yes,Yes,DSL,No,No,Month-to-month,Yes,Credit card,110.73,1004.6,Yes
CUST-03018,Female,0,No,No,56,Yes,No,No,Yes,No,Month-to-month,Yes,Mailed check,98.29,5504.24,Yes
CUST-03019,Male,0,No,No,53,Yes,Yes,DSL,Yes,Yes,Month-to-month,Yes,Credit card,40.46,2144.38,No
CUST-03020,Female,0,No,Yes,55,Yes,No,DSL,Yes,No,Month-to-month,Yes,Bank transfer,67.53,3809.33,Yes
CUST-03021,Female,0,No,No,67,Yes,No,DSL,No,No,Two year,No,Electronic check,58.15,3896.05,No
CUST-03022,Female,0,No,No,68,Yes,Yes,DSL,No,No,Two year,No,Mailed check,96.15,6571.6,No
CUST-03023,Female,0,Yes,No,54,Yes,Yes,DSL,Yes,No,One year,No,Mailed check,109.3,6038.12,No
CUST-03024,Male,0,Yes,No,68,Yes,Yes,No,Yes,No,Month-to-month,No,Electronic check,47.26,3301.91,Yes
CUST-03025,Male,0,No,Yes,71,Yes,No,No,Yes,No internet service,Month-to-month,Yes,Mailed check,67.87,4846.92,No
CUST-03026,Male,0,No,No,0,Yes,No,No,No,No,Month-to-month,Yes,Electronic check,92.66,95.52,Yes
CUST-03027,Male,0,Yes,No,11,Yes,No,Fiber optic,No internet service,No,Month-to-month,Yes,Bank transfer,23.1,274.14,No
CUST-03028,Male,0,No,No,34,Yes,Yes,Fiber optic,No,No,Two year,No,Electronic check,116.23,3951.82,Yes
CUST-03029,Male,0,Yes,No,32,Yes,No,Fiber optic,No internet service,No internet service,Month-to-month,Yes,Bank transfer,99.6,3188.24,Yes
CUST-03030,Male,0,No,Yes,24,Yes,No,Fiber optic,Yes,No,Month-to-month,No,Mailed check,73.36,1805.66,No
CUST-03031,Female,0,No,No,15,Yes,Yes,Fiber optic,No,Yes,One year,Yes,Credit card,97.42,1565.17,Yes
CUST-03032,Male,0,No,No,7,Yes,No,No,No internet service,No,Month-to-month,Yes,Mailed check,103.31,776.3,No
CUST-03033,Male,0,Yes,Yes,34,Yes,No,DSL,No,No,Two year,No,Credit card,68.37,2324.58,No
CUST-03034,Female,0,No,Yes,45,Yes,Yes,DSL,No,Yes,Month-to-month,Yes,Electronic check,62.89,2830.05,No
CUST-03035,Male,0,Yes,No,10,Yes,No,DSL,No,Yes,Two year,No,Mailed check,103.45,1034.5,No
CUST-03036,Male,0,Yes,Yes,60,Yes,Yes,Fiber optic,No,Yes,One year,Yes,Mailed check,105.69,6341.4,No
CUST-03037,Female,1,Yes,No,43,Yes,Yes,Fiber optic,No,Yes,Month-to-month,Yes,Bank transfer,30.61,1316.23,No
CUST-03038,Male,0,No,No,10,No,Yes,Fiber optic,No,Yes,Month-to-month,No,Electronic check,110.6,1152.35,No
CUST-03039,Male,0,Yes,No,10,Yes,Yes,DSL,Yes,No internet service,Month-to-month,No,Credit card,46.23,462.3,No
CUST-03040,Male,0,Yes,No,21,No,Yes,Fiber optic,No,Yes,Month-to-month,Yes,Electronic check,86.05,1855.68,Yes
CUST-03041,Female,0,No,Yes,61,Yes,No,Fiber optic,Yes,Yes,Two year,Yes,Bank transfer,90.35,5636.73,No
CUST-03042,Male,1,No,Yes,47,Yes,No phone service,Fiber optic,No,No internet service,Two year,Yes,Bank transfer,46.53,2186.91,No
CUST-03043,Male,0,No,No,62,Yes,No,No,No internet service,No,One year,Yes,Bank transfer,49.03,3048.0,No
CUST-03044,Female,0,No,No,50,No,Yes,Fiber optic,No,No,Month-to-month,No,Electronic check,90.04,4520.17,Yes
CUST-03045,Male,0,Yes,No,44,Yes,No phone service,DSL,No internet service,No,Month-to-month,Yes,Bank transfer,35.86,1577.84,Yes
CUST-03046,Female,0,No,No,32,Yes,Yes,DSL,Yes,Yes,Month-to-month,Yes,Electronic check,105.56,3383.72,Yes
CUST-03047,Female,0,No,Yes,59,Yes,Yes,DSL,No internet service,No internet service,Month-to-month,No,Bank transfer,40.74,2403.66,Yes
CUST-03048,Male,0,Yes,Yes,1,Yes,No,DSL,No,No internet service,Month-to-month,No,Mailed check,53.82,121.72,Yes
CUST-03049,Female,0,Yes,No,12,Yes,No,Fiber optic,No,No,Month-to-month,Yes,Credit card,45.2,542.4,Yes
CUST-03050,Female,0,Yes,No,65,Yes,Yes,Fiber optic,No internet service,No,Month-to-month,Yes,Electronic check,43.02,2796.3,No
CUST-03051,Male,0,Yes,No,56,Yes,No,DSL,No internet service,No,Month-to-month,Yes,Credit card,117.84,6599.04,Yes
CUST-03052,Female,1,No,Yes,42,Yes,Yes,No,No,No,Two year,No,Electronic check,43.84,1841.28,Yes
CUST-03053,Female,0,No,Yes,44,Yes,No,DSL,Yes,No,Month-to-month,Yes,Electronic check,76.99,3387.56,No
CUST-03054,Male,0,No,No,30,Yes,No,DSL,Yes,No,Month-to-month,Yes,Mailed check,94.03,2864.66,No
CUST-03055,Male,0,No,No,9,Yes,No,DSL,Yes,Yes,One year,Yes,Mailed check,22.28,241.13,No
CUST-03056,Male,0,Yes,No,22,No,No phone service,No,No internet service,No,One year,Yes,Electronic check,107.92,2419.03,No
CUST-03057,Female,0,No,No,28,Yes,No,Fiber optic,No,No,Two year,Yes,Bank transfer,33.59,941.36,No
CUST-03058,Male,0,Yes,No,30,Yes,Yes,Fiber optic,No,No,Month-to-month,Yes,Electronic check,77.98,2389.08,No
CUST-03059,Female,0,No,No,17,Yes,No,DSL,No,Yes,Month-to-month,No,Electronic check,83.4,1417.8,Yes
CUST-03060,Female,0,Yes,No,10,Yes,Yes,Fiber optic,No,No internet service,Two year,Yes,Mailed check,82.22,822.2,Yes
CUST-03061,Female,1,No,Yes,46,Yes,No phone service,Fiber optic,No,No,Two year,No,Mailed check,92.81,4316.69,Yes
CUST-03062,Female,0,Yes,No,2,Yes,No,Fiber optic,No,No,Two year,Yes,Credit card,112.99,225.98,Yes
CUST-03063,Female,0,Yes,Yes,1,Yes,No,Fiber optic,No internet service,No,Two year,Yes,Credit card,112.54,112.54,No
CUST-03064,Female,1,Yes,Yes,53,Yes,No,Fiber optic,No,Yes,Month-to-month,No,Bank transfer,76.96,4078.88,No
CUST-03065,Female,0,No,Yes,71,Yes,Yes,DSL,No internet service,No,Two year,Yes,Credit card,55.73,3982.94,No
CUST-03066,Male,0,No,No,30,Yes,Yes,Fiber optic,Yes,No,Two year,Yes,Credit card,50.79,1531.65,No
CUST-03067,Male,0,Yes,No,7,Yes,No,No,No,No internet service,One year,Yes,Credit card,108.44,759.08,No
CUST-03068,Female,0,No,Yes,42,Yes,Yes,Fiber optic,No,No,Two year,Yes,Bank transfer,105.02,4490.79,No
CUST-03069,Female,1,No,No,47,Yes,No phone service,DSL,No,No,One year,Yes,Electronic check,48.17,2263.99,Yes
CUST-03070,Male,1,No,No,1,Yes,Yes,DSL,No,No,Month-to-month,No,Electronic check,33.54,33.54,Yes
CUST-03071,Female,0,No,No,21,Yes,No,No,No,No,One year,No,Bank transfer,105.84,2263.03,No
CUST-03072,Male,0,Yes,No,4,Yes,No,DSL,No internet service,No internet service,Two year,Yes,Electronic check,80.05,378.57,No
CUST-03073,Male,0,Yes,Yes,6,Yes,No,Fiber optic,No internet service,No,Month-to-month,No,Credit card,49.94,344.19,No
CUST-03074,Male,0,No,Yes,19,Yes,Yes,Fiber optic,Yes,Yes,One year,No,Credit card,80.29,1525.51,Yes
CUST-03075,Female,0,No,No,1,Yes,No,Fiber optic,Yes,No,Month-to-month,No,Credit card,24.75,43.12,No
CUST-03076,Female,0,No,No,31,Yes,No,DSL,No,No internet service,Month-to-month,Yes,Credit card,37.39,1163.33,Yes
CUST-03077,Male,1,No,No,2,Yes,No,DSL,No,No internet service,One year,Yes,Electronic check,73.67,147.34,Yes
CUST-03078,Male,1,Yes,No,40,Yes,Yes,Fiber optic,No internet service,No,Month-to-month,Yes,Bank transfer,73.0,2920.0,Yes
CUST-03079,Male,0,No,No,41,Yes,No,No,No,No,Month-to-month,Yes,Bank transfer,43.16,1780.58,No
CUST-03080,Male,0,Yes,No,44,Yes,No phone service,DSL,No,No,Two year,Yes,Bank transfer,118.17,5253.86,No
CUST-03081,Male,0,No,No,70,Yes,No,Fiber optic,Yes,No,Two year,Yes,Mailed check,60.07,4286.38,Yes
CUST-03082,Female,0,Yes,Yes,16,Yes,No,Fiber optic,Yes,No internet service,Month-to-month,Yes,Bank transfer,90.27,1501.98,Yes
CUST-03083,Male,0,No,No,46,Yes,No,Fiber optic,Yes,No internet service,One year,Yes,Mailed check,44.36,2040.56,No
CUST-03084,Female,0,No,Yes,68,Yes,No,Fiber optic,No,No,Month-to-month,No,Bank transfer,61.3,4168.4,Yes
CUST-03085,Male,0,Yes,Yes,23,Yes,No phone service,Fiber optic,No,No internet service,Month-to-month,Yes,Credit card,102.78,2363.94,No
CUST-03086,Female,0,Yes,Yes,70,Yes,No,No,Yes,Yes,Month-to-month,Yes,Bank transfer,104.56,7371.94,No
CUST-03087,Female,0,No,No,33,Yes,Yes,DSL,No,No,Month-to-month,No,Mailed check,31.8,1090.54,Yes
CUST-03088,Female,1,No,Yes,49,Yes,Yes,No,No,Yes,Month-to-month,Yes,Credit card,54.18,2654.82,No
CUST-03089,Female,0,Yes,Yes,41,Yes,Yes,Fiber optic,No,No internet service,Month-to-month,No,Mailed check,38.72,1587.52,No
CUST-03090,Female,0,No,No,32,Yes,No,Fiber optic,No,No internet service,Month-to-month,No,Electronic check,108.81,3545.33,Yes
CUST-03091,Female,0,No,No,26,Yes,No,DSL,No,No,One year,Yes,Electronic check,94.89,2515.82,No
CUST-03092,Male,0,Yes,No,58,Yes,No,Fiber optic,No,No,Month-to-month,Yes,Electronic check,75.46,4441.3,Yes
CUST-03093,Female,1,Yes,No,18,Yes,No phone service,DSL,No internet service,No,Month-to-month,Yes,Credit card,84.31,1545.64,Yes
CUST-03094,Male,0,No,Yes,2,Yes,Yes,Fiber optic,Yes,No,Month-to-month,No,Credit card,111.24,254.8,Yes
CUST-03095,Female,0,No,Yes,70,Yes,No,DSL,No,No,Month-to-month,No,Mailed check,48.93,3425.1,No
CUST-03096,Female,0,No,Yes,24,No,No,No,No,No,Month-to-month,Yes,Credit card,19.39,465.36,No
CUST-03097,Male,0,No,No,14,Yes,Yes,Fiber optic,No,Yes,Month-to-month,Yes,Bank transfer,20.69,390.81,No
CUST-03098,Female,0,Yes,No,59,No,No,No,Yes,Yes,Two year,Yes,Mailed check,22.76,1342.84,No
CUST-03099,Male,0,Yes,Yes,22,Yes,Yes,Fiber optic,No,No internet service,One year,Yes,Bank transfer,31.11,695.36,No
CUST-03100,Male,0,Yes,No,10,Yes,Yes,No,Yes,No internet service,One year,No,Credit card,76.23,840.18,No
CUST-03101,Male,0,Yes,No,58,Yes,Yes,No,No,No internet service,Month-to-month,No,Bank transfer,118.07,6891.79,Yes
CUST-03102,Male,0,No,No,33,Yes,No,Fiber optic,No,No internet service,Two year,Yes,Credit card,60.83,2007.39,No
CUST-03103,Female,0,No,No,6,Yes,No,Fiber optic,No,No,Month-to-month,Yes,Credit card,90.67,544.02,No
CUST-03104,Female,0,Yes,Yes,43,Yes,No,Fiber optic,No,No internet service,Month-to-month,Yes,Bank transfer,98.8,4328.88,No
CUST-03105,Male,0,Yes,Yes,63,Yes,No,DSL,Yes,Yes,Two year,Yes,Electronic check,99.74,6320.69,No
CUST-03106,Female,1,No,No,22,Yes,Yes,No,No,No internet service,Month-to-month,No,Credit card,63.22,1408.6,Yes
CUST-03107,Female,1,No,No,57,Yes,Yes,Fiber optic,No,No internet service,Two year,No,Mailed check,74.09,4248.26,No
CUST-03108,Male,0,No,No,19,Yes,Yes,Fiber optic,Yes,No,Month-to-month,Yes,Mailed check,51.53,979.07,Yes
CUST-03109,Female,0,No,No,26,No,Yes,Fiber optic,Yes,No,Month-to-month,Yes,Electronic check,88.16,2292.16,No
CUST-03110,Male,0,No,No,59,Yes,No phone service,DSL,Yes,Yes,Two year,No,Bank transfer,57.05,3387.95,No
CUST-03111,Male,0,No,No,7,Yes,No,DSL,Yes,No internet service,Month-to-month,No,Electronic check,49.73,348.11,No
CUST-03112,Female,0,Yes,Yes,66,No,Yes,DSL,No internet service,No,Month-to-month,Yes,Bank transfer,81.98,5410.68,Yes
CUST-03113,Female,0,Yes,No,1,Yes,Yes,Fiber optic,Yes,No,Month-to-month,Yes,Electronic check,52.81,52.81,Yes
CUST-03114,Female,0,Yes,No,21,Yes,No,DSL,No internet service,No,One year,Yes,Credit card,59.62,1291.22,No
CUST-03115,Male,0,No,No,69,Yes,No,Fiber optic,No,No internet service,Month-to-month,Yes,Mailed check,90.51,6245.19,No
CUST-03116,Male,1,No,No,35,Yes,No,Fiber optic,No,Yes,One year,Yes,Electronic check,105.04,3676.4,Yes
CUST-03117,Female,0,No,No,23,No,Yes,Fiber optic,No,Yes,Two year,No,Mailed check,62.35,1434.05,No
CUST-03118,Female,0,Yes,No,11,Yes,No,DSL,No,Yes,Month-to-month,No,Bank transfer,71.26,783.86,No
CUST-03119,Female,0,Yes,No,21,Yes,Yes,DSL,No,No,One year,No,Electronic check,94.13,2027.27,Yes
CUST-03120,Female,0,Yes,No,72,Yes,No,Fiber optic,No,No,Two year,Yes,Electronic check,40.94,2947.68,Yes
CUST-03121,Male,1,Yes,No,22,Yes,Yes,DSL,Yes,No,Two year,Yes,Electronic check,60.33,1327.39,No
CUST-03122,Female,0,No,No,62,Yes,Yes,No,No internet service,Yes,Month-to-month,No,Electronic check,100.77,6257.24,No
CUST-03123,Male,0,No,No,29,Yes,No,DSL,No internet service,No internet service,One year,Yes,Mailed check,109.24,3167.96,Yes
CUST-03124,Male,0,No,No,18,Yes,Yes,Fiber optic,Yes,No,Two year,No,Credit card,83.78,1508.04,Yes
CUST-03125,Female,1,No,No,25,Yes,No,Fiber optic,Yes,No internet service,Two year,Yes,Mailed check,58.13,1453.25,No
CUST-03126,Female,0,No,No,10,Yes,Yes,Fiber optic,No,No internet service,Month-to-month,Yes,Credit card,79.8,798.0,No
CUST-03127,Female,0,No,No,19,Yes,Yes,No,No internet service,Yes,Month-to-month,Yes,Electronic check,36.24,688.56,No
CUST-03128,Male,0,Yes,No,55,Yes,No,Fiber optic,No,Yes,Month-to-month,No,Credit card,20.99,1154.45,No
CUST-03129,Female,0,No,Yes,44,Yes,Yes,No,No internet service,No,Month-to-month,Yes,Mailed check,25.61,1138.11,No
CUST-03130,Female,0,No,No,67,Yes,Yes,DSL,No,Yes,Month-to-month,No,Electronic check,29.03,1945.01,No
CUST-03131,Male,0,No,No,46,No,Yes,DSL,Yes,No,Two year,No,Mailed check,41.02,1886.92,No
CUST-03132,Female,0,Yes,No,57,Yes,No,DSL,Yes,Yes,Month-to-month,No,Mailed check,65.1,3783.48,No
CUST-03133,Male,0,Yes,No,9,Yes,No,Fiber optic,No,No,Two year,No,Mailed check,41.7,399.31,No
CUST-03134,Female,0,Yes,No,21,Yes,No phone service,Fiber optic,No internet service,No,Month-to-month,Yes,Credit card,77.67,1631.07,No
CUST-03135,Male,0,No,Yes,70,Yes,No,Fiber optic,Yes,No,Month-to-month,Yes,Electronic check,119.83,8388.1,Yes
CUST-03136,Female,0,Yes,No,23,Yes,No,Fiber optic,No,No,Month-to-month,Yes,Electronic check,68.81,1628.33,Yes
CUST-03137,Female,1,No,Yes,65,Yes,No,No,No internet service,Yes,One year,Yes,Mailed check,95.2,6188.0,No
CUST-03138,Male,0,No,No,60,Yes,No,Fiber optic,No,No internet service,Month-to-month,Yes,Bank transfer,47.82,2939.39,No
CUST-03139,Male,0,Yes,No,6,Yes,Yes,DSL,No,No,One year,No,Mailed check,116.21,697.26,Yes
CUST-03140,Female,0,No,No,71,Yes,No,DSL,No,Yes,Month-to-month,No,Credit card,43.41,3220.49,No
CUST-03141,Male,0,No,No,37,Yes,No,Fiber optic,No,No,Month-to-month,No,Credit card,78.86,2917.82,Yes
CUST-03142,Male,0,Yes,No,20,No,No,DSL,No internet service,No internet service,Month-to-month,Yes,Electronic check,118.3,2366.0,Yes
CUST-03143,Male,0,No,Yes,7,Yes,Yes,Fiber optic,No internet service,Yes,Month-to-month,No,Bank transfer,100.44,703.08,Yes
CUST-03144,Male,0,Yes,Yes,27,Yes,No,DSL,No internet service,No,Month-to-month,No,Credit card,119.19,3218.13,Yes
CUST-03145,Female,0,Yes,No,53,Yes,No,No,No,No,Month-to-month,Yes,Electronic check,56.73,3006.69,Yes
CUST-03146,Female,0,No,No,30,Yes,No,No,Yes,Yes,Two year,Yes,Bank transfer,25.92,795.39,No
CUST-03147,Male,0,No,No,40,Yes,No phone service,No,Yes,No internet service,Month-to-month,Yes,Bank transfer,42.84,1727.83,Yes
CUST-03148,Male,0,No,Yes,36,No,No,No,Yes,No,Month-to-month,Yes,Electronic check,115.68,4323.24,Yes
CUST-03149,Male,0,No,Yes,37,Yes,Yes,Fiber optic,No,Yes,Month-to-month,Yes,Credit card,55.8,2068.96,Yes
CUST-03150,Male,0,No,Yes,50,Yes,No,DSL,No,Yes,Month-to-month,No,Mailed check,30.73,1536.5,No
CUST-03151,Female,0,No,Yes,36,Yes,No,Fiber optic,No internet service,Yes,Month-to-month,Yes,Credit card,78.5,2826.0,Yes
CUST-03152,Female,0,No,No,30,Yes,No,DSL,Yes,No internet service,One year,No,Credit card,69.04,2078.08,Yes
CUST-03153,Male,0,No,Yes,61,Yes,No,DSL,Yes,No,Two year,No,Credit card,24.37,1486.57,No
CUST-03154,Male,0,Yes,No,17,Yes,Yes,DSL,No,No internet service,Month-to-month,Yes,Electronic check,64.2,1123.49,Yes
CUST-03155,Male,0,No,Yes,5,Yes,Yes,DSL,No internet service,No,One year,Yes,Electronic check,82.55,451.19,No
CUST-03156,Female,0,Yes,No,8,Yes,Yes,Fiber optic,Yes,Yes,One year,No,Mailed check,41.73,333.84,No
CUST-03157,Male,1,No,No,10,Yes,Yes,No,Yes,No,Month-to-month,Yes,Credit card,30.69,306.9,No
CUST-03158,Female,1,Yes,Yes,1,No,No,DSL,No,No,Month-to-month,Yes,Credit card,106.21,106.21,Yes
CUST-03159,Male,0,No,No,28,Yes,Yes,DSL,No,Yes,Month-to-month,Yes,Mailed check,81.8,2290.4,No
CUST-03160,Female,0,Yes,No,50,Yes,Yes,DSL,No internet service,Yes,Month-to-month,No,Bank transfer,33.84,1692.0,No
CUST-03161,Male,0,Yes,Yes,68,Yes,No,Fiber optic,No,No,One year,Yes,Bank transfer,82.17,5594.61,No
CUST-03162,Female,0,No,No,22,Yes,Yes,Fiber optic,No internet service,No,Month-to-month,Yes,Mailed check,93.0,2046.0,Yes
CUST-03163,Male,0,Yes,No,6,Yes,Yes,No,No internet service,Yes,One year,Yes,Credit card,78.95,473.7,No
CUST-03164,Male,0,No,No,55,Yes,No,DSL,Yes,No internet service,Two year,No,Electronic check,29.85,1697.1,No
CUST-03165,Male,0,Yes,No,61,Yes,Yes,No,No,No,Month-to-month,Yes,Credit card,30.72,1924.29,No
CUST-03166,Female,0,Yes,No,14,Yes,No,DSL,No,Yes,Month-to-month,No,Mailed check,22.6,371.67,No
CUST-03167,Male,0,Yes,Yes,52,Yes,No,Fiber optic,No,No,One year,Yes,Mailed check,41.87,2254.76,Yes
CUST-03168,Female,0,No,No,42,Yes,No phone service,DSL,Yes,No,Two year,No,Mailed check,24.08,1011.36,No
CUST-03169,Female,0,Yes,Yes,34,Yes,Yes,Fiber optic,No internet service,No,One year,No,Electronic check,100.14,3426.21,Yes
CUST-03170,Male,1,No,No,13,Yes,Yes,DSL,Yes,No,Month-to-month,Yes,Credit card,19.57,300.04,No
CUST-03171,Male,0,Yes,No,68,Yes,No,No,No internet service,Yes,Month-to-month,No,Electronic check,77.26,5367.25,No
CUST-03172,Male,0,Yes,Yes,48,Yes,Yes,DSL,No,No,Two year,No,Bank transfer,100.6,4903.63,No
CUST-03173,Female,0,Yes,No,17,No,No,Fiber optic,No,Yes,One year,No,Credit card,109.28,1857.76,Yes
CUST-03174,Male,1,Yes,No,50,Yes,Yes,DSL,No,No,Month-to-month,Yes,Mailed check,59.76,2988.0,Yes
CUST-03175,Female,0,No,No,0,Yes,No,DSL,No internet service,Yes,One year,No,Credit card,81.33,0.0,Yes
CUST-03176,Female,0,No,No,26,Yes,No,DSL,No,No,Month-to-month,Yes,Mailed check,115.02,3024.16,Yes
CUST-03177,Male,0,No,No,63,No,No phone service,No,Yes,No,Month-to-month,No,Electronic check,86.5,5452.61,No
CUST-03178,Male,0,Yes,No,59,Yes,No,DSL,No,Yes,Month-to-month,Yes,Credit card,109.91,6484.69,No
CUST-03179,Male,0,Yes,No,40,Yes,Yes,Fiber optic,No,Yes,One year,No,Mailed check,87.8,3512.0,No
CUST-03180,Male,0,Yes,No,20,Yes,No,DSL,Yes,No,Month-to-month,Yes,Electronic check,24.94,543.11,Yes
CUST-03181,Male,0,No,Yes,13,Yes,No,Fiber optic,No,No,Month-to-month,Yes,Credit card,38.08,495.04,Yes
CUST-03182,Male,1,Yes,Yes,19,Yes,No phone service,DSL,No,No,One year,No,Credit card,113.93,2235.52,No
CUST-03183,Female,0,No,No,10,Yes,No phone service,No,No,No,One year,Yes,Bank transfer,104.12,1041.2,No
CUST-03184,Female,0,Yes,No,65,Yes,No phone service,Fiber optic,Yes,No,Month-to-month,Yes,Credit card,61.12,3972.8,No
CUST-03185,Female,0,Yes,No,23,Yes,No,Fiber optic,No internet service,No internet service,Month-to-month,No,Bank transfer,34.43,791.89,Yes
CUST-03186,Male,0,Yes,No,36,No,No,DSL,No,No,Month-to-month,Yes,Credit card,34.03,1256.79,No
CUST-03187,Female,1,Yes,Yes,23,No,No,Fiber optic,No,No,Month-to-month,Yes,Bank transfer,110.3,2536.9,Yes
CUST-03188,Female,0,No,Yes,14,Yes,No phone service,Fiber optic,Yes,No,Month-to-month,No,Electronic check,34.95,489.3,Yes
CUST-03189,Female,0,Yes,No,11,Yes,No,DSL,No internet service,No,Month-to-month,Yes,Credit card,57.4,631.4,Yes
CUST-03190,Female,0,No,Yes,63,Yes,No,DSL,No,No,Month-to-month,Yes,Electronic check,109.88,6922.44,No
CUST-03191,Female,0,Yes,No,30,Yes,No phone service,Fiber optic,No internet service,Yes,Two year,No,Credit card,21.41,643.09,Yes
CUST-03192,Male,0,No,No,52,Yes,No,DSL,No,No,Two year,No,Credit card,82.34,4294.93,No
CUST-03193,Male,0,Yes,Yes,71,Yes,Yes,DSL,Yes,Yes,Month-to-month,No,Credit card,53.76,3852.19,Yes
CUST-03194,Female,0,No,Yes,43,Yes,Yes,Fiber optic,No,No,Month-to-month,No,Credit card,28.99,1277.1,No
CUST-03195,Female,0,No,No,29,Yes,Yes,DSL,No,No internet service,Month-to-month,Yes,Credit card,75.89,2236.7,No
CUST-03196,Female,0,No,No,34,No,No,Fiber optic,No,No,Month-to-month,Yes,Credit card,67.46,2293.64,No
CUST-03197,Male,0,Yes,No,20,Yes,No,Fiber optic,No internet service,No internet service,One year,No,Mailed check,28.12,562.4,No
CUST-03198,Male,1,No,No,62,Yes,No,DSL,No,No,Two year,No,Credit card,45.26,2806.12,No
CUST-03199,Female,0,Yes,No,16,Yes,No,Fiber optic,Yes,No internet service,Two year,No,Bank transfer,93.52,1496.82,No
CUST-03200,Male,0,Yes,Yes,11,No,No phone service,DSL,Yes,No,Two year,No,Credit card,95.1,1053.06,Yes
CUST-03201,Male,0,Yes,Yes,17,Yes,Yes,Fiber optic,No internet service,Yes,Two year,No,Electronic check,79.07,1354.58,No
CUST-03202,Female,0,Yes,No,59,Yes,No,No,No,No,Month-to-month,Yes,Bank transfer,29.27,1726.93,No
CUST-03203,Male,0,No,Yes,66,Yes,Yes,Fiber optic,No,No internet service,Two year,No,Bank transfer,105.02,7051.0,Yes
CUST-03204,Male,1,Yes,Yes,14,Yes,No,Fiber optic,Yes,No,Month-to-month,No,Bank transfer,35.62,613.78,Yes
CUST-03205,Female,0,No,No,15,Yes,No,Fiber optic,No,No,Two year,Yes,Mailed check,91.54,1373.1,No
CUST-03206,Male,1,No,No,21,No,No,No,No,No,Month-to-month,Yes,Credit card,22.34,469.14,No
CUST-03207,Male,0,No,Yes,62,No,No,Fiber optic,No,No internet service,Month-to-month,No,Electronic check,51.85,3356.8,Yes
CUST-03208,Female,0,No,No,30,Yes,Yes,DSL,No internet service,No,Month-to-month,No,Electronic check,66.79,2059.05,Yes
CUST-03209,Male,1,Yes,No,0,Yes,Yes,DSL,No,No,Month-to-month,No,Electronic check,20.85,37.44,No
CUST-03210,Male,0,No,Yes,5,Yes,Yes,No,No internet service,No,One year,No,Mailed check,35.5,177.5,No
CUST-03211,Female,1,Yes,No,8,Yes,Yes,Fiber optic,Yes,No internet service,Two year,Yes,Mailed check,50.53,484.82,No
CUST-03212,Female,0,No,Yes,51,Yes,No,DSL,No internet service,Yes,Month-to-month,No,Mailed check,118.22,6029.22,Yes
CUST-03213,Female,1,No,No,61,Yes,No,DSL,No,No,Month-to-month,No,Credit card,97.51,5948.11,No
CUST-03214,Male,0,No,Yes,57,Yes,No,DSL,No,No,Month-to-month,Yes,Mailed check,103.75,5982.61,No
CUST-03215,Female,0,Yes,No,18,Yes,No phone service,No,No,Yes,Month-to-month,No,Electronic check,86.09,1549.62,Yes
CUST-03216,Male,0,Yes,Yes,12,Yes,No,Fiber optic,No,Yes,Month-to-month,Yes,Mailed check,47.82,585.49,Yes
CUST-03217,Female,0,Yes,No,31,Yes,Yes,Fiber optic,No,No,Month-to-month,Yes,Electronic check,90.36,2859.91,Yes
CUST-03218,Male,0,Yes,No,8,Yes,No,Fiber optic,Yes,No,Month-to-month,No,Bank transfer,86.72,693.76,Yes
CUST-03219,Female,0,Yes,No,48,Yes,No,DSL,No,No internet service,Two year,No,Electronic check,80.22,3908.65,Yes
CUST-03220,Female,0,No,No,36,Yes,No,DSL,No,No internet service,Two year,No,Bank transfer,48.43,1823.84,No
CUST-03221,Female,0,Yes,Yes,30,Yes,No,Fiber optic,No,Yes,Month-to-month,No,Credit card,44.85,1345.5,No
CUST-03222,Female,0,No,No,30,Yes,No,DSL,No internet service,Yes,Two year,Yes,Mailed check,52.3,1630.66,No
CUST-03223,Male,0,No,Yes,58,Yes,No,DSL,Yes,No,Month-to-month,Yes,Credit card,49.86,2891.88,No
CUST-03224,Female,0,No,No,54,Yes,No phone service,DSL,No internet service,Yes,One year,No,Credit card,25.94,1400.76,No
CUST-03225,Female,0,Yes,Yes,18,Yes,No phone service,Fiber optic,No,No internet service,One year,Yes,Credit card,99.83,1796.94,No
CUST-03226,Male,0,Yes,No,62,Yes,No,DSL,Yes,No internet service,Month-to-month,Yes,Bank transfer,55.66,3476.58,No
CUST-03227,Female,0,Yes,No,1,Yes,No,Fiber optic,No internet service,No internet service,Month-to-month,No,Mailed check,90.08,112.73,Yes
CUST-03228,Male,0,Yes,No,44,Yes,Yes,No,No,No,Two year,Yes,Credit card,46.55,2048.2,Yes
CUST-03229,Female,1,No,Yes,42,Yes,No,DSL,No,No internet service,Month-to-month,No,Credit card,79.41,3393.81,No
CUST-03230,Female,0,Yes,No,0,No,Yes,DSL,No,No,Month-to-month,Yes,Electronic check,21.54,0.0,No
CUST-03231,Female,0,No,No,60,Yes,No,No,No,No internet service,Two year,No,Electronic check,28.82,1729.2,No
CUST-03232,Male,0,No,No,2,Yes,Yes,Fiber optic,Yes,No internet service,Month-to-month,No,Mailed check,55.18,110.36,Yes
CUST-03233,Female,0,No,No,43,Yes,Yes,No,No internet service,Yes,Month-to-month,Yes,Electronic check,45.41,2023.22,No
CUST-03234,Female,0,Yes,No,6,Yes,Yes,DSL,Yes,No internet service,Two year,No,Bank transfer,54.05,366.37,No
CUST-03235,Female,0,Yes,No,32,Yes,No,No,No internet service,No,Two year,Yes,Bank transfer,112.93,3613.76,No
CUST-03236,Male,0,No,Yes,8,Yes,Yes,DSL,No,No,Two year,Yes,Bank transfer,25.54,204.32,No
CUST-03237,Male,0,No,No,29,Yes,Yes,No,No internet service,Yes,Month-to-month,No,Credit card,65.2,1890.8,Yes
CUST-03238,Female,0,Yes,No,17,Yes,No,No,Yes,Yes,Month-to-month,No,Mailed check,38.22,649.74,Yes
CUST-03239,Male,0,Yes,No,55,Yes,No,Fiber optic,No,No,Two year,No,Bank transfer,54.3,2986.5,No
CUST-03240,Female,1,Yes,No,30,No,No,Fiber optic,No,No internet service,One year,No,Bank transfer,87.06,2611.8,No
CUST-03241,Female,0,No,No,71,Yes,No,Fiber optic,No internet service,Yes,One year,Yes,Bank transfer,117.24,8353.53,No
CUST-03242,Female,0,Yes,No,62,Yes,No,DSL,Yes,No,Two year,No,Bank transfer,88.86,5509.32,No
CUST-03243,Female,1,No,No,49,Yes,No phone service,Fiber optic,No internet service,No,Two year,No,Bank transfer,108.25,5304.25,No
CUST-03244,Female,0,Yes,No,0,Yes,No,No,Yes,No internet service,One year,No,Bank transfer,33.02,81.3,Yes
CUST-03245,Female,0,No,No,18,No,No,DSL,No,No,Month-to-month,Yes,Mailed check,36.5,657.0,No
CUST-03246,Female,0,No,No,63,Yes,No,No,Yes,No internet service,Month-to-month,No,Bank transfer,107.43,6768.92,No
CUST-03247,Male,1,No,Yes,52,Yes,Yes,Fiber optic,Yes,No internet service,Month-to-month,No,Mailed check,79.97,4166.39,No
CUST-03248,Male,1,Yes,Yes,5,Yes,Yes,Fiber optic,No,No internet service,Month-to-month,Yes,Mailed check,98.8,611.26,Yes
CUST-03249,Male,0,Yes,Yes,16,Yes,No,DSL,Yes,No,Month-to-month,Yes,Mailed check,40.73,651.68,No
CUST-03250,Male,0,Yes,No,45,Yes,Yes,DSL,No,Yes,One year,Yes,Bank transfer,53.56,2412.52,No
CUST-03251,Male,0,No,No,71,Yes,No,No,Yes,No,One year,No,Bank transfer,26.27,1874.1,No
CUST-03252,Male,0,No,No,72,Yes,Yes,DSL,No internet service,No,One year,Yes,Mailed check,109.35,7873.2,No
CUST-03253,Male,0,No,No,54,Yes,No,Fiber optic,No internet service,No internet service,Month-to-month,No,Mailed check,115.55,6254.8,Yes
CUST-03254,Female,1,Yes,No,5,Yes,No phone service,No,No,No,Month-to-month,Yes,Bank transfer,105.46,527.3,Yes
CUST-03255,Female,0,No,No,69,Yes,Yes,DSL,No,No,Month-to-month,Yes,Electronic check,62.59,4318.71,No
CUST-03256,Female,0,Yes,No,67,No,Yes,Fiber optic,No,Yes,One year,No,Electronic check,52.8,3537.6,No
CUST-03257,Female,0,No,Yes,39,No,Yes,DSL,No,No,One year,Yes,Electronic check,65.19,2601.28,Yes
CUST-03258,Male,0,Yes,Yes,65,No,No,Fiber optic,No,No,Month-to-month,No,Bank transfer,83.04,5397.6,Yes
CUST-03259,Male,0,No,Yes,8,No,No,DSL,No,No,Month-to-month,Yes,Mailed check,62.01,496.08,No
CUST-03260,Female,0,Yes,Yes,10,Yes,No,Fiber optic,No,No,Month-to-month,Yes,Electronic check,61.01,610.1,Yes
CUST-03261,Female,1,Yes,Yes,19,Yes,Yes,No,Yes,Yes,Two year,Yes,Credit card,61.97,1271.48,No
CUST-03262,Male,1,No,No,42,Yes,Yes,DSL,Yes,No internet service,Month-to-month,No,Credit card,93.95,3949.68,No
CUST-03263,Female,0,Yes,Yes,57,Yes,Yes,Fiber optic,No,Yes,One year,Yes,Mailed check,98.25,5664.65,No
CUST-03264,Female,1,No,Yes,25,Yes,No,Fiber optic,No,No,Month-to-month,No,Credit card,106.79,2731.69,Yes
CUST-03265,Female,0,No,Yes,37,Yes,Yes,DSL,No internet service,No,Month-to-month,Yes,Bank transfer,42.78,1601.61,Yes
CUST-03266,Female,0,No,No,35,No,No,Fiber optic,No,No internet service,Month-to-month,Yes,Credit card,34.07,1238.09,No
CUST-03267,Male,0,Yes,No,54,Yes,Yes,No,Yes,No internet service,Two year,No,Mailed check,53.2,2936.1,No
CUST-03268,Female,0,No,No,5,Yes,Yes,No,No,No,Month-to-month,Yes,Electronic check,60.89,304.45,Yes
CUST-03269,Female,1,No,Yes,2,Yes,Yes,DSL,No,No,Two year,No,Bank transfer,89.59,223.87,No
CUST-03270,Male,0,Yes,No,64,Yes,No,Fiber optic,No,No,Two year,No,Mailed check,95.31,6114.1,No
CUST-03271,Male,0,No,Yes,63,Yes,No,Fiber optic,No,Yes,One year,Yes,Bank transfer,118.38,7457.94,No
CUST-03272,Female,0,Yes,Yes,57,Yes,No,No,Yes,Yes,Month-to-month,Yes,Electronic check,56.58,3268.1,No
CUST-03273,Male,0,Yes,No,57,Yes,Yes,DSL,No internet service,No internet service,Two year,Yes,Electronic check,59.06,3366.42,No
CUST-03274,Female,0,Yes,No,17,Yes,Yes,No,No internet service,No,Month-to-month,Yes,Electronic check,73.29,1273.55,No
CUST-03275,Female,0,Yes,No,22,Yes,Yes,No,Yes,No internet service,Month-to-month,Yes,Bank transfer,101.67,2251.01,Yes
CUST-03276,Male,0,Yes,No,28,Yes,Yes,No,No,No internet service,One year,No,Credit card,85.42,2391.76,Yes
CUST-03277,Female,0,No,No,22,No,Yes,Fiber optic,Yes,Yes,Month-to-month,Yes,Bank transfer,76.41,1775.23,No
CUST-03278,Female,0,No,Yes,35,Yes,Yes,DSL,Yes,No,Month-to-month,Yes,Electronic check,84.11,2987.24,Yes
CUST-03279,Female,0,Yes,No,69,No,No,Fiber optic,Yes,No,Two year,No,Bank transfer,65.37,4510.53,No
CUST-03280,Female,0,No,Yes,5,Yes,No,DSL,No,No internet service,Two year,No,Bank transfer,95.42,539.75,No
CUST-03281,Male,0,No,No,33,Yes,No,Fiber optic,No internet service,No internet service,Month-to-month,Yes,Credit card,25.68,847.44,No
CUST-03282,Male,0,No,Yes,43,Yes,Yes,Fiber optic,No internet service,No,Month-to-month,Yes,Electronic check,69.92,3006.56,Yes
CUST-03283,Female,0,No,No,43,Yes,No,DSL,Yes,No internet service,Two year,Yes,Credit card,100.27,4359.49,No
CUST-03284,Male,0,No,No,26,Yes,No,Fiber optic,No,No,One year,Yes,Electronic check,48.86,1303.17,Yes
CUST-03285,Female,1,Yes,No,51,Yes,Yes,DSL,Yes,No,Month-to-month,Yes,Mailed check,104.03,5305.53,Yes
CUST-03286,Female,0,Yes,Yes,41,Yes,No,DSL,No,Yes,Month-to-month,No,Electronic check,97.85,4090.57,Yes
CUST-03287,Female,0,Yes,No,24,No,No phone service,Fiber optic,No,Yes,Month-to-month,Yes,Bank transfer,77.23,1853.52,Yes
CUST-03288,Female,1,No,No,38,Yes,No,DSL,No internet service,Yes,Month-to-month,No,Mailed check,43.72,1732.53,No
CUST-03289,Female,0,Yes,No,38,No,No,No,No internet service,No,Two year,Yes,Bank transfer,105.83,4021.54,No
CUST-03290,Male,0,No,No,11,Yes,No,Fiber optic,Yes,No,Two year,No,Mailed check,21.06,250.0,No
CUST-03291,Female,0,Yes,No,10,Yes,No,No,No,Yes,Month-to-month,Yes,Bank transfer,78.44,784.4,Yes
CUST-03292,Male,1,No,Yes,2,Yes,Yes,DSL,No,No,Month-to-month,Yes,Mailed check,97.82,235.53,Yes
CUST-03293,Male,1,Yes,No,21,Yes,No,No,No,No,Two year,Yes,Mailed check,67.51,1417.71,No
CUST-03294,Female,0,Yes,Yes,3,Yes,No,No,Yes,No internet service,One year,Yes,Bank transfer,28.49,85.47,No
CUST-03295,Female,0,Yes,Yes,7,Yes,No,Fiber optic,Yes,Yes,Month-to-month,No,Mailed check,103.07,750.26,No
CUST-03296,Female,0,Yes,No,13,Yes,Yes,DSL,No internet service,No,Month-to-month,No,Bank transfer,110.73,1483.68,No
CUST-03297,Female,1,Yes,No,13,Yes,Yes,Fiber optic,Yes,Yes,Month-to-month,No,Credit card,75.46,980.98,Yes
CUST-03298,Female,1,No,Yes,15,Yes,No,Fiber optic,No internet service,No,Two year,Yes,Bank transfer,98.29,1528.17,Yes
CUST-03299,Male,0,Yes,Yes,31,Yes,No,DSL,Yes,No,One year,No,Credit card,80.29,2488.99,No
CUST-03300,Female,0,Yes,No,63,No,Yes,No,No,No,Month-to-month,Yes,Mailed check,76.47,4843.59,No
CUST-03301,Female,0,No,Yes,15,No,No,Fiber optic,No,No,Two year,Yes,Electronic check,31.34,470.1,No
CUST-03302,Male,0,Yes,No,51,Yes,Yes,Fiber optic,Yes,Yes,Two year,Yes,Credit card,62.55,3190.05,No
CUST-03303,Male,0,No,No,18,Yes,No,Fiber optic,No internet service,No internet service,Month-to-month,Yes,Electronic check,87.24,1658.43,Yes
CUST-03304,Female,0,No,No,68,Yes,No,DSL,No,No internet service,One year,Yes,Electronic check,64.36,4376.48,No
CUST-03305,Male,0,Yes,Yes,11,Yes,Yes,DSL,Yes,Yes,One year,No,Bank transfer,81.01,891.11,Yes
CUST-03306,Female,0,Yes,Yes,4,Yes,Yes,DSL,No internet service,No internet service,One year,Yes,Bank transfer,109.27,437.08,Yes
CUST-03307,Male,1,Yes,No,41,Yes,Yes,No,No internet service,No,One year,Yes,Electronic check,55.35,2269.35,No
CUST-03308,Male,0,No,No,16,Yes,No,Fiber optic,Yes,No,One year,Yes,Bank transfer,102.51,1650.41,No
CUST-03309,Female,0,No,Yes,71,Yes,Yes,No,No internet service,No,Two year,Yes,Electronic check,20.96,1488.16,No
CUST-03310,Male,0,No,Yes,9,No,No,No,No internet service,No internet service,Month-to-month,No,Bank transfer,104.97,944.73,No
CUST-03311,Male,1,No,Yes,15,Yes,Yes,DSL,Yes,Yes,Month-to-month,Yes,Bank transfer,28.88,457.36,No
CUST-03312,Male,0,Yes,No,15,Yes,Yes,DSL,Yes,No,Month-to-month,Yes,Bank transfer,50.79,762.2,No
CUST-03313,Male,0,No,No,41,Yes,No,No,No,Yes,Month-to-month,No,Electronic check,70.37,2908.35,No
CUST-03314,Male,0,No,No,2,Yes,Yes,Fiber optic,No internet service,No internet service,Month-to-month,Yes,Mailed check,84.3,168.6,Yes
CUST-03315,Male,0,No,No,22,Yes,Yes,Fiber optic,No,Yes,Month-to-month,Yes,Bank transfer,115.22,2549.93,Yes
CUST-03316,Female,0,No,No,27,Yes,Yes,Fiber optic,No,No,Two year,No,Bank transfer,49.32,1331.64,Yes
CUST-03317,Female,0,No,No,44,Yes,Yes,No,Yes,No,Two year,Yes,Electronic check,26.71,1229.83,No
CUST-03318,Male,1,Yes,Yes,67,Yes,No,Fiber optic,No internet service,No,Two year,No,Credit card,64.8,4341.6,No
CUST-03319,Female,0,Yes,Yes,23,Yes,No,No,Yes,No,Two year,Yes,Electronic check,53.22,1224.06,No
CUST-03320,Female,1,No,Yes,18,Yes,Yes,No,Yes,Yes,Month-to-month,Yes,Bank transfer,79.21,1453.18,Yes
CUST-03321,Female,0,Yes,No,39,Yes,No,Fiber optic,No,Yes,Month-to-month,Yes,Bank transfer,112.12,4384.95,Yes
CUST-03322,Male,0,No,No,45,Yes,No phone service,Fiber optic,No,Yes,Month-to-month,No,Mailed check,83.62,3794.69,Yes
CUST-03323,Female,0,Yes,No,39,Yes,No,Fiber optic,Yes,No,Month-to-month,Yes,Bank transfer,76.96,3069.81,Yes
CUST-03324,Male,0,No,Yes,61,Yes,Yes,DSL,Yes,No,Two year,No,Credit card,43.1,2629.1,No
CUST-03325,Female,0,No,Yes,17,Yes,Yes,Fiber optic,Yes,No,One year,Yes,Bank transfer,45.01,765.17,No
CUST-03326,Male,0,Yes,Yes,11,Yes,No,DSL,Yes,Yes,Month-to-month,No,Bank transfer,62.48,821.67,No
CUST-03327,Male,0,No,No,13,Yes,Yes,No,No internet service,Yes,Month-to-month,No,Mailed check,108.91,1415.83,Yes
CUST-03328,Female,0,No,Yes,60,Yes,Yes,Fiber optic,Yes,No,Month-to-month,Yes,Credit card,77.11,4626.6,Yes
CUST-03329,Female,0,No,Yes,11,Yes,Yes,No,No internet service,Yes,Month-to-month,Yes,Credit card,68.45,792.49,No
CUST-03330,Male,1,Yes,No,26,Yes,Yes,DSL,No internet service,Yes,Month-to-month,No,Bank transfer,73.34,1953.74,Yes
CUST-03331,Female,0,Yes,Yes,5,Yes,No,No,No,No internet service,One year,Yes,Credit card,103.05,557.54,No
CUST-03332,Female,0,Yes,No,32,Yes,No,Fiber optic,No,Yes,Two year,No,Mailed check,87.15,2788.8,No
CUST-03333,Female,0,Yes,Yes,49,Yes,Yes,No,No,Yes,Two year,Yes,Electronic check,112.6,5517.4,No
CUST-03334,Male,0,No,No,11,Yes,No,DSL,No,No,Month-to-month,Yes,Bank transfer,77.34,850.74,No
CUST-03335,Male,0,No,No,56,Yes,No,Fiber optic,No internet service,No,Month-to-month,Yes,Bank transfer,37.99,2127.44,No
CUST-03336,Female,1,No,No,52,Yes,No,Fiber optic,No,No internet service,Two year,Yes,Credit card,19.91,1043.55,No
CUST-03337,Female,0,No,No,12,No,No phone service,Fiber optic,Yes,No internet service,Two year,Yes,Bank transfer,50.35,604.2,Yes
CUST-03338,Female,0,No,No,71,Yes,No phone service,DSL,Yes,No,One year,Yes,Bank transfer,24.4,1808.65,Yes
CUST-03339,Male,0,Yes,No,2,Yes,No,No,No,Yes,Two year,No,Mailed check,59.52,119.04,No
CUST-03340,Male,0,No,No,63,Yes,No,DSL,Yes,No,Month-to-month,Yes,Electronic check,37.16,2428.41,No
CUST-03341,Female,0,Yes,No,57,Yes,Yes,DSL,No internet service,Yes,Month-to-month,Yes,Electronic check,59.3,3380.1,No
CUST-03342,Female,0,No,No,3,Yes,No,DSL,No,No internet service,Two year,No,Credit card,58.72,275.18,Yes
CUST-03343,Female,0,Yes,No,44,Yes,No,No,Yes,No,Month-to-month,Yes,Mailed check,46.18,2078.26,Yes
CUST-03344,Female,1,Yes,Yes,65,Yes,No,Fiber optic,No,No,One year,No,Mailed check,84.59,5498.35,No
CUST-03345,Female,0,No,No,35,Yes,Yes,Fiber optic,No,No,Month-to-month,Yes,Mailed check,62.21,2177.35,Yes
CUST-03346,Female,0,No,No,22,Yes,Yes,Fiber optic,Yes,No,Month-to-month,No,Mailed check,109.13,2436.19,Yes
CUST-03347,Male,0,No,No,18,Yes,Yes,No,Yes,No,Month-to-month,Yes,Bank transfer,25.76,499.52,No
CUST-03348,Female,0,No,Yes,39,Yes,No,DSL,Yes,Yes,Month-to-month,Yes,Credit card,59.88,2335.32,No
CUST-03349,Male,0,Yes,No,71,Yes,No phone service,DSL,No,No,Month-to-month,No,Credit card,97.15,6897.65,No
CUST-03350,Female,0,No,Yes,15,No,Yes,DSL,No,No internet service,Month-to-month,Yes,Bank transfer,68.44,1079.23,No
CUST-03351,Female,1,Yes,No,57,Yes,No phone service,Fiber optic,No internet service,Yes,One year,No,Credit card,116.54,6656.69,No
CUST-03352,Male,1,No,Yes,17,Yes,Yes,Fiber optic,No,No internet service,Two year,Yes,Mailed check,35.83,679.39,No
CUST-03353,Male,1,No,No,35,Yes,No phone service,Fiber optic,No,No internet service,Two year,Yes,Bank transfer,50.23,1758.05,No
CUST-03354,Male,0,Yes,Yes,23,Yes,No,Fiber optic,Yes,No internet service,Month-to-month,Yes,Bank transfer,29.85,696.6,Yes
CUST-03355,Male,0,No,Yes,0,Yes,Yes,DSL,Yes,No internet service,Two year,Yes,Electronic check,43.17,71.04,No
CUST-03356,Female,0,No,No,0,Yes,Yes,DSL,No,No internet service,Month-to-month,Yes,Bank transfer,86.6,12.08,Yes
CUST-03357,Male,0,Yes,No,63,Yes,Yes,DSL,No internet service,Yes,One year,No,Electronic check,67.67,4263.21,No
CUST-03358,Female,0,No,Yes,61,Yes,No phone service,DSL,No,No,Month-to-month,No,Bank transfer,34.53,2106.33,Yes
CUST-03359,Male,0,No,No,35,Yes,No,DSL,Yes,No,Month-to-month,No,Credit card,66.42,2324.7,No
CUST-03360,Female,0,No,Yes,17,Yes,No,Fiber optic,No internet service,Yes,Two year,Yes,Electronic check,104.43,1775.31,No
CUST-03361,Female,0,Yes,No,15,Yes,Yes,Fiber optic,No,No internet service,Month-to-month,Yes,Electronic check,62.86,942.9,Yes
CUST-03362,Female,0,Yes,No,16,No,No phone service,Fiber optic,Yes,No,Month-to-month,Yes,Electronic check,19.35,354.12,Yes
CUST-03363,Female,0,No,Yes,23,No,Yes,Fiber optic,No,No,Month-to-month,No,Electronic check,23.6,593.67,Yes
CUST-03364,Female,0,Yes,No,67,Yes,Yes,DSL,No,No internet service,Month-to-month,Yes,Mailed check,62.69,4200.23,Yes
CUST-03365,Female,0,No,Yes,1,Yes,Yes,Fiber optic,No internet service,Yes,One year,Yes,Bank transfer,78.51,109.44,Yes
CUST-03366,Male,0,Yes,No,72,Yes,No,Fiber optic,No internet service,No,Two year,Yes,Mailed check,108.43,7806.96,No
CUST-03367,Female,0,No,No,9,Yes,Yes,No,Yes,Yes,One year,Yes,Credit card,118.16,1080.91,No
CUST-03368,Male,0,No,No,52,Yes,No,No,No,Yes,Two year,No,Bank transfer,118.0,6232.37,No
CUST-03369,Male,0,Yes,No,50,Yes,Yes,Fiber optic,No,Yes,Two year,No,Mailed check,74.91,3745.5,No
CUST-03370,Female,0,Yes,No,68,Yes,No,Fiber optic,No,No,Month-to-month,No,Bank transfer,21.64,1496.25,Yes
CUST-03371,Male,0,No,Yes,13,Yes,No,DSL,Yes,No,Month-to-month,Yes,Mailed check,39.78,570.29,No
CUST-03372,Female,0,No,No,65,Yes,Yes,Fiber optic,No,No internet service,Month-to-month,Yes,Credit card,62.3,4053.63,Yes
CUST-03373,Male,0,Yes,No,52,Yes,Yes,No,No,No internet service,Month-to-month,Yes,Mailed check,107.73,5601.96,Yes
CUST-03374,Female,0,No,No,63,Yes,No,Fiber optic,Yes,Yes,One year,Yes,Credit card,20.2,1272.6,No
CUST-03375,Male,0,Yes,No,71,No,Yes,DSL,No,No internet service,Month-to-month,No,Electronic check,69.95,4966.45,No
CUST-03376,Female,1,Yes,Yes,48,Yes,Yes,Fiber optic,Yes,No,Month-to-month,Yes,Mailed check,84.65,4074.9,Yes
CUST-03377,Female,0,No,Yes,61,Yes,No,No,Yes,Yes,Month-to-month,No,Electronic check,47.4,2891.4,No
CUST-03378,Female,0,Yes,Yes,36,Yes,Yes,DSL,No internet service,No internet service,Month-to-month,No,Credit card,50.2,1836.78,No
CUST-03379,Female,0,No,Yes,48,Yes,No,Fiber optic,No,No internet service,One year,Yes,Electronic check,57.62,2786.71,No
CUST-03380,Male,0,Yes,Yes,67,Yes,Yes,DSL,No,No internet service,Two year,Yes,Mailed check,46.01,3082.67,No
CUST-03381,Female,0,Yes,No,32,Yes,Yes,DSL,No,No,Month-to-month,Yes,Bank transfer,62.59,2059.12,Yes
CUST-03382,Male,0,Yes,No,21,Yes,No,Fiber optic,Yes,No,One year,Yes,Mailed check,34.13,827.19,No
CUST-03383,Male,1,No,Yes,69,Yes,Yes,Fiber optic,Yes,No,Month-to-month,Yes,Electronic check,38.33,2644.77,No
CUST-03384,Male,0,No,No,32,Yes,Yes,DSL,Yes,No,Month-to-month,Yes,Electronic check,21.79,743.08,No
CUST-03385,Female,0,No,Yes,27,No,No,Fiber optic,No,No,Month-to-month,Yes,Mailed check,59.95,1686.0,Yes
CUST-03386,Male,0,Yes,No,3,Yes,Yes,Fiber optic,Yes,Yes,Month-to-month,No,Mailed check,90.15,306.3,Yes
CUST-03387,Male,1,Yes,No,65,Yes,No,DSL,No,Yes,One year,No,Mailed check,69.63,4554.05,No
CUST-03388,Male,0,No,No,48,No,No phone service,No,Yes,No internet service,Month-to-month,Yes,Mailed check,72.13,3462.24,Yes
CUST-03389,Female,0,Yes,No,10,Yes,No,DSL,Yes,No,Month-to-month,Yes,Credit card,63.89,638.9,Yes
CUST-03390,Female,0,No,Yes,34,Yes,Yes,Fiber optic,No,Yes,Month-to-month,Yes,Bank transfer,77.65,2640.1,No
CUST-03391,Male,0,Yes,No,38,Yes,No,DSL,No,No internet service,One year,Yes,Electronic check,41.43,1641.12,No
CUST-03392,Female,0,No,No,9,Yes,Yes,Fiber optic,No internet service,No internet service,One year,No,Credit card,39.17,352.53,No
CUST-03393,Female,0,Yes,No,71,Yes,Yes,Fiber optic,No,No internet service,Two year,No,Mailed check,114.08,8197.17,No
CUST-03394,Male,0,No,Yes,68,Yes,No,Fiber optic,No,Yes,Month-to-month,Yes,Mailed check,63.94,4429.68,No
CUST-03395,Male,0,Yes,No,22,Yes,Yes,Fiber optic,Yes,No,One year,Yes,Credit card,102.37,2252.14,Yes
CUST-03396,Female,1,Yes,No,33,Yes,Yes,No,No,No internet service,Month-to-month,Yes,Mailed check,111.52,3680.16,No
CUST-03397,Male,0,Yes,No,31,Yes,Yes,Fiber optic,No,No,Month-to-month,Yes,Electronic check,80.72,2556.41,Yes
CUST-03398,Female,1,Yes,Yes,15,Yes,No phone service,DSL,Yes,No,One year,No,Electronic check,48.48,727.2,Yes
CUST-03399,Female,0,Yes,Yes,67,Yes,Yes,Fiber optic,No,Yes,One year,No,Electronic check,87.34,5851.78,Yes
CUST-03400,Female,0,No,No,53,Yes,Yes,Fiber optic,No,No,Two year,No,Credit card,61.95,3332.36,No
CUST-03401,Female,0,No,Yes,27,Yes,No,DSL,No,No,Two year,No,Mailed check,117.25,3165.75,No
CUST-03402,Female,0,No,Yes,59,Yes,No,DSL,No,No,Two year,Yes,Credit card,100.75,5992.67,No
CUST-03403,Female,0,No,Yes,59,Yes,No,DSL,Yes,No internet service,Two year,Yes,Electronic check,101.12,5966.08,No
CUST-03404,Male,0,No,Yes,43,No,No phone service,DSL,No internet service,Yes,One year,Yes,Credit card,78.05,3356.15,No
CUST-03405,Male,0,Yes,Yes,1,Yes,Yes,Fiber optic,No,No,Month-to-month,No,Mailed check,18.86,64.69,No
CUST-03406,Female,0,Yes,No,22,Yes,Yes,Fiber optic,Yes,No internet service,Month-to-month,Yes,Mailed check,102.85,2297.26,Yes
CUST-03407,Female,0,Yes,Yes,45,Yes,Yes,Fiber optic,No internet service,No,Two year,Yes,Bank transfer,20.59,926.55,No
CUST-03408,Female,0,No,Yes,72,Yes,No,No,No,Yes,Month-to-month,Yes,Bank transfer,30.48,2238.8,No
CUST-03409,Male,0,Yes,Yes,53,Yes,Yes,DSL,No internet service,No,Month-to-month,Yes,Bank transfer,103.54,5584.11,No
CUST-03410,Female,0,Yes,No,70,Yes,No,DSL,Yes,No,Month-to-month,Yes,Electronic check,40.32,2827.91,Yes
CUST-03411,Male,1,No,No,8,No,No phone service,Fiber optic,Yes,No,Month-to-month,No,Bank transfer,103.79,894.49,Yes
CUST-03412,Female,0,Yes,No,69,Yes,Yes,No,No,No,One year,No,Electronic check,42.11,2905.59,No
CUST-03413,Female,0,No,Yes,43,Yes,No phone service,Fiber optic,No internet service,No,One year,Yes,Credit card,96.61,4208.5,No
CUST-03414,Male,0,No,No,72,Yes,Yes,Fiber optic,Yes,No internet service,One year,Yes,Mailed check,73.3,5277.6,No
CUST-03415,Male,0,Yes,No,11,Yes,No,No,No,No internet service,One year,No,Credit card,86.44,950.84,No
CUST-03416,Female,1,Yes,Yes,31,Yes,No,Fiber optic,Yes,No internet service,Month-to-month,Yes,Bank transfer,103.48,3350.17,Yes
CUST-03417,Female,0,No,No,33,Yes,No,Fiber optic,No internet service,No,Month-to-month,No,Bank transfer,118.37,3981.32,Yes
CUST-03418,Female,0,No,No,32,Yes,No,No,No,Yes,Two year,Yes,Electronic check,26.74,855.68,No
CUST-03419,Male,0,Yes,No,63,Yes,No,DSL,No internet service,No internet service,Month-to-month,No,Electronic check,87.91,5538.33,No
CUST-03420,Male,0,No,No,47,Yes,No phone service,No,No,No,Month-to-month,No,Credit card,115.79,5442.13,Yes
CUST-03421,Male,1,No,No,15,Yes,No,DSL,No internet service,No,One year,No,Credit card,56.13,842.8,No
CUST-03422,Male,0,Yes,Yes,49,Yes,Yes,No,No,Yes,Month-to-month,Yes,Bank transfer,52.04,2549.96,No
CUST-03423,Male,0,Yes,No,22,No,No phone service,DSL,Yes,No,Month-to-month,Yes,Electronic check,87.36,1948.88,No
CUST-03424,Male,0,No,Yes,25,Yes,No phone service,Fiber optic,No internet service,Yes,Month-to-month,Yes,Electronic check,59.0,1475.0,No
CUST-03425,Female,0,Yes,No,53,Yes,Yes,No,Yes,No,Month-to-month,Yes,Credit card,39.87,2148.14,No
CUST-03426,Female,0,No,Yes,43,Yes,No,DSL,No,No internet service,Month-to-month,Yes,Electronic check,34.47,1482.21,No
CUST-03427,Male,0,Yes,No,36,No,No,Fiber optic,No,No,Two year,Yes,Credit card,37.65,1355.4,Yes
CUST-03428,Female,0,No,No,8,Yes,No,Fiber optic,Yes,No,One year,Yes,Mailed check,89.84,764.44,No
CUST-03429,Female,1,No,No,12,Yes,Yes,DSL,No,No,Month-to-month,No,Bank transfer,111.71,1340.52,No
CUST-03430,Male,0,No,Yes,59,No,No,No,Yes,No,One year,Yes,Electronic check,100.21,5912.39,No
CUST-03431,Female,0,Yes,No,1,Yes,No phone service,DSL,No internet service,Yes,Month-to-month,No,Electronic check,63.72,139.57,Yes
CUST-03432,Male,0,Yes,No,59,Yes,Yes,Fiber optic,No,No internet service,Month-to-month,Yes,Mailed check,71.92,4317.96,Yes
CUST-03433,Male,1,No,Yes,56,Yes,No,Fiber optic,No,No internet service,Two year,Yes,Mailed check,81.26,4593.38,Yes
CUST-03434,Female,0,Yes,No,42,Yes,No,No,No,No,Two year,Yes,Mailed check,77.15,3241.77,No
CUST-03435,Male,0,Yes,Yes,18,Yes,Yes,Fiber optic,No,Yes,One year,No,Credit card,116.78,2226.52,Yes
CUST-03436,Male,0,No,No,10,Yes,Yes,Fiber optic,No,Yes,Two year,Yes,Credit card,108.44,1153.88,No
CUST-03437,Male,0,Yes,Yes,46,Yes,No,No,No,No internet service,Two year,Yes,Mailed check,22.44,1032.24,No
CUST-03438,Male,0,Yes,Yes,62,Yes,Yes,DSL,No,Yes,One year,Yes,Bank transfer,103.25,6438.74,No
CUST-03439,Male,0,Yes,No,6,Yes,Yes,No,Yes,No,Two year,No,Bank transfer,29.63,177.78,No
CUST-03440,Male,0,No,No,30,Yes,No,Fiber optic,No,No,Month-to-month,Yes,Electronic check,88.4,2674.72,Yes
CUST-03441,Male,0,No,Yes,54,Yes,No,DSL,Yes,No,Month-to-month,Yes,Credit card,47.14,2545.56,Yes
CUST-03442,Male,0,Yes,No,24,Yes,Yes,Fiber optic,No internet service,Yes,Two year,Yes,Bank transfer,96.89,2325.36,No
CUST-03443,Female,1,Yes,Yes,71,Yes,No,Fiber optic,No,Yes,Month-to-month,No,Electronic check,18.88,1364.17,No
CUST-03444,Female,1,Yes,Yes,29,No,No,Fiber optic,Yes,Yes,Month-to-month,Yes,Bank transfer,56.99,1652.71,Yes
CUST-03445,Female,0,No,No,35,Yes,Yes,DSL,Yes,No,Month-to-month,No,Credit card,20.2,707.0,No
CUST-03446,Male,0,Yes,Yes,49,Yes,No,DSL,Yes,No,Two year,Yes,Bank transfer,115.26,5671.54,No
CUST-03447,Male,0,No,No,13,Yes,No,DSL,No internet service,No internet service,Month-to-month,No,Bank transfer,19.57,259.56,No
CUST-03448,Female,0,Yes,No,28,Yes,Yes,DSL,No internet service,No,Month-to-month,No,Credit card,33.84,947.52,No
CUST-03449,Female,0,No,No,26,Yes,No,DSL,Yes,No,Month-to-month,No,Electronic check,73.01,1898.26,Yes
CUST-03450,Female,0,Yes,No,49,Yes,No,Fiber optic,No,No internet service,One year,Yes,Electronic check,83.91,4111.59,No
CUST-03451,Male,0,No,Yes,35,Yes,Yes,Fiber optic,No internet service,No,Month-to-month,Yes,Mailed check,92.36,3312.71,Yes
CUST-03452,Female,0,Yes,No,33,Yes,Yes,No,No,No internet service,One year,No,Electronic check,43.18,1477.25,No
CUST-03453,Female,0,Yes,No,20,Yes,No,Fiber optic,No,No,Two year,No,Mailed check,48.7,974.0,No
CUST-03454,Male,0,No,Yes,37,Yes,Yes,DSL,Yes,No,Month-to-month,No,Credit card,42.47,1571.39,No
CUST-03455,Female,0,No,No,49,Yes,Yes,DSL,No internet service,No internet service,Two year,Yes,Electronic check,42.9,2102.1,No
CUST-03456,Male,0,Yes,No,36,Yes,Yes,Fiber optic,No internet service,No,Month-to-month,Yes,Credit card,97.74,3518.64,No
CUST-03457,Male,0,No,No,18,Yes,No,No,No,Yes,Month-to-month,Yes,Electronic check,114.7,2126.53,Yes
CUST-03458,Male,0,No,No,0,Yes,Yes,Fiber optic,No,Yes,One year,Yes,Bank transfer,78.77,0.0,No
CUST-03459,Female,0,No,Yes,39,Yes,No,Fiber optic,Yes,No,Two year,Yes,Electronic check,34.06,1351.5,Yes
CUST-03460,Female,0,Yes,No,54,Yes,No,DSL,No,No,Month-to-month,Yes,Bank transfer,24.67,1387.74,No
CUST-03461,Male,1,No,No,25,Yes,No,Fiber optic,Yes,No internet service,One year,Yes,Electronic check,42.4,1060.0,Yes
CUST-03462,Female,0,No,No,42,Yes,No,Fiber optic,No internet service,No,Month-to-month,No,Credit card,36.14,1517.88,Yes
CUST-03463,Female,0,Yes,Yes,58,Yes,No,DSL,No internet service,No,Month-to-month,No,Mailed check,77.01,4466.58,No
CUST-03464,Female,0,No,No,50,Yes,No,Fiber optic,Yes,Yes,One year,Yes,Electronic check,89.19,4459.5,No
CUST-03465,Female,1,Yes,No,14,Yes,No,DSL,No,No internet service,Month-to-month,No,Credit card,18.47,282.82,Yes
CUST-03466,Male,1,Yes,No,7,Yes,Yes,Fiber optic,No,Yes,Two year,No,Bank transfer,62.84,439.88,Yes
CUST-03467,Female,0,No,No,13,Yes,No,Fiber optic,No internet service,No internet service,Month-to-month,No,Bank transfer,81.54,1060.29,Yes
CUST-03468,Male,1,No,No,6,Yes,No,Fiber optic,Yes,No,One year,Yes,Bank transfer,37.67,226.02,Yes
CUST-03469,Male,0,Yes,No,17,Yes,No,Fiber optic,No,Yes,One year,No,Bank transfer,109.9,1868.3,No
CUST-03470,Female,0,Yes,No,11,No,Yes,Fiber optic,No,Yes,One year,No,Credit card,74.0,873.96,No
CUST-03471,Male,0,No,Yes,1,Yes,Yes,No,Yes,No,Month-to-month,No,Electronic check,53.23,88.09,No
CUST-03472,Female,0,Yes,No,49,Yes,No,Fiber optic,Yes,Yes,Month-to-month,Yes,Bank transfer,19.9,975.1,No
CUST-03473,Female,1,No,No,20,Yes,Yes,Fiber optic,No,No internet service,Two year,Yes,Bank transfer,67.4,1348.0,No
CUST-03474,Male,0,No,No,6,Yes,No phone service,DSL,Yes,No,Two year,No,Electronic check,52.27,313.62,No
CUST-03475,Male,1,Yes,No,11,Yes,No,Fiber optic,No,Yes,One year,No,Credit card,116.89,1299.48,No
CUST-03476,Male,0,No,No,56,Yes,Yes,DSL,No,No,One year,No,Bank transfer,56.63,3215.32,No
CUST-03477,Male,0,No,No,22,Yes,Yes,DSL,Yes,No internet service,One year,No,Mailed check,111.94,2589.21,No
CUST-03478,Female,0,Yes,Yes,29,Yes,Yes,DSL,No internet service,No,Month-to-month,Yes,Credit card,87.98,2551.42,Yes
CUST-03479,Female,0,No,Yes,57,Yes,Yes,Fiber optic,No,No,Month-to-month,Yes,Mailed check,25.54,1555.65,No
CUST-03480,Female,0,No,No,51,Yes,No,Fiber optic,Yes,No,Two year,No,Credit card,113.14,5770.14,No
CUST-03481,Male,0,No,No,55,Yes,No,No,No internet service,Yes,Month-to-month,Yes,Bank transfer,35.18,1934.9,No
CUST-03482,Male,1,No,No,9,No,No phone service,Fiber optic,No,No internet service,Two year,Yes,Credit card,63.7,573.3,Yes
CUST-03483,Male,0,Yes,No,18,Yes,No,DSL,No internet service,No,Month-to-month,No,Credit card,112.15,2018.7,Yes
CUST-03484,Female,0,Yes,No,18,Yes,No,Fiber optic,No,Yes,Month-to-month,Yes,Mailed check,102.51,1857.06,No
CUST-03485,Male,0,Yes,No,58,Yes,No phone service,Fiber optic,No internet service,No internet service,One year,Yes,Credit card,67.73,3966.79,No
CUST-03486,Female,0,Yes,No,43,Yes,No phone service,Fiber optic,No,No,Month-to-month,Yes,Credit card,39.11,1699.72,Yes
CUST-03487,Male,1,Yes,No,58,Yes,No,Fiber optic,Yes,Yes,One year,No,Bank transfer,69.94,4095.34,No
CUST-03488,Female,0,No,No,3,Yes,No,DSL,Yes,No,One year,No,Electronic check,73.86,256.34,No
CUST-03489,Female,0,No,No,64,No,No,Fiber optic,No,No,Month-to-month,No,Mailed check,119.69,7676.67,Yes
CUST-03490,Male,0,No,No,12,Yes,Yes,Fiber optic,No,No,Month-to-month,No,Mailed check,102.05,1224.6,Yes
CUST-03491,Male,0,No,No,66,Yes,No,No,Yes,Yes,Month-to-month,Yes,Electronic check,105.85,6986.1,Yes
CUST-03492,Female,0,No,No,11,No,No,DSL,No internet service,No,One year,Yes,Mailed check,118.59,1304.49,No
CUST-03493,Female,0,No,No,54,Yes,No,Fiber optic,No internet service,Yes,Month-to-month,Yes,Bank transfer,71.38,3922.64,Yes
CUST-03494,Male,0,No,No,60,Yes,No,Fiber optic,No,Yes,One year,Yes,Credit card,77.69,4661.4,No
CUST-03495,Male,0,Yes,Yes,40,No,No,Fiber optic,Yes,No internet service,Month-to-month,Yes,Credit card,64.35,2603.47,No
CUST-03496,Female,0,No,No,35,Yes,No,No,Yes,Yes,One year,Yes,Bank transfer,30.8,1154.33,No
CUST-03497,Male,0,No,No,1,Yes,Yes,No,No internet service,No,Two year,Yes,Mailed check,71.58,98.07,No
CUST-03498,Female,0,Yes,No,21,Yes,Yes,Fiber optic,No,Yes,One year,Yes,Credit card,77.42,1638.59,No
CUST-03499,Female,0,No,No,21,Yes,Yes,DSL,No internet service,Yes,Two year,Yes,Electronic check,42.2,973.45,No
CUST-03500,Male,0,No,Yes,40,Yes,Yes,Fiber optic,Yes,Yes,Month-to-month,Yes,Credit card,97.85,3922.44,Yes
CUST-03501,Male,0,Yes,Yes,13,Yes,No,DSL,No internet service,No,Two year,Yes,Bank transfer,30.7,399.1,No
CUST-03502,Male,1,No,No,34,Yes,Yes,Fiber optic,No,Yes,Month-to-month,Yes,Credit card,69.2,2435.83,No
CUST-03503,Male,0,Yes,Yes,49,Yes,Yes,Fiber optic,Yes,Yes,Month-to-month,Yes,Bank transfer,85.6,4194.4,No
CUST-03504,Male,0,Yes,No,8,Yes,No,Fiber optic,No,No,Month-to-month,Yes,Mailed check,23.6,192.79,Yes
CUST-03505,Female,1,No,Yes,58,Yes,No,Fiber optic,No internet service,Yes,One year,Yes,Electronic check,100.01,5800.58,No
CUST-03506,Female,0,No,No,55,Yes,Yes,Fiber optic,Yes,No,Two year,Yes,Bank transfer,49.02,2696.1,No
CUST-03507,Male,0,No,Yes,9,Yes,No,Fiber optic,No,No,Two year,Yes,Electronic check,91.21,820.89,No
CUST-03508,Male,0,No,No,24,Yes,Yes,Fiber optic,No,No internet service,Month-to-month,No,Mailed check,29.04,696.96,Yes
CUST-03509,Male,0,Yes,No,44,Yes,Yes,Fiber optic,No,No,Month-to-month,Yes,Mailed check,81.27,3578.36,Yes
CUST-03510,Female,0,No,Yes,10,Yes,No,Fiber optic,No,No,One year,Yes,Bank transfer,74.84,756.74,No
CUST-03511,Male,0,No,No,8,No,No phone service,DSL,No internet service,No,Two year,Yes,Credit card,33.3,284.13,No
CUST-03512,Male,1,No,No,6,Yes,No,No,No internet service,No,Month-to-month,No,Electronic check,81.72,490.32,No
CUST-03513,Female,0,Yes,No,70,Yes,No,No,No,No,Two year,No,Credit card,88.52,6196.4,No
CUST-03514,Female,0,No,Yes,33,No,No,Fiber optic,No,No,One year,Yes,Electronic check,68.85,2429.56,Yes
CUST-03515,Male,0,No,No,19,Yes,No,Fiber optic,No,No,One year,Yes,Mailed check,77.01,1463.19,No
CUST-03516,Male,0,No,No,4,Yes,Yes,Fiber optic,No,No,Month-to-month,Yes,Mailed check,108.52,456.68,Yes
CUST-03517,Male,0,No,No,54,Yes,No,Fiber optic,No internet service,Yes,Two year,Yes,Mailed check,89.17,4870.17,No
CUST-03518,Female,0,Yes,No,14,Yes,No phone service,DSL,Yes,Yes,Two year,Yes,Credit card,110.41,1568.87,No
CUST-03519,Male,0,No,No,47,Yes,No,Fiber optic,Yes,Yes,Month-to-month,No,Mailed check,74.34,3493.98,No
CUST-03520,Male,0,No,No,3,Yes,No,No,Yes,No,Month-to-month,No,Credit card,35.84,107.52,No
CUST-03521,Male,1,Yes,No,20,Yes,No,DSL,Yes,No,Two year,Yes,Mailed check,43.12,862.4,No
CUST-03522,Female,1,No,Yes,8,No,Yes,Fiber optic,No,No internet service,Month-to-month,Yes,Credit card,35.99,287.92,Yes
CUST-03523,Female,0,No,No,65,Yes,No,No,No internet service,No internet service,Month-to-month,Yes,Bank transfer,52.2,3393.0,No
CUST-03524,Male,0,Yes,No,34,Yes,No,Fiber optic,Yes,No internet service,Month-to-month,Yes,Bank transfer,66.71,2268.14,Yes
CUST-03525,Male,0,No,No,50,Yes,No,Fiber optic,Yes,No,One year,No,Electronic check,44.11,2205.5,No
CUST-03526,Female,1,Yes,No,36,Yes,No phone service,No,No internet service,No,Month-to-month,Yes,Credit card,66.51,2394.36,No
CUST-03527,Female,0,Yes,No,5,Yes,No,Fiber optic,No,Yes,Month-to-month,Yes,Credit card,55.16,345.13,No
CUST-03528,Female,0,No,Yes,50,Yes,No phone service,Fiber optic,No internet service,Yes,Month-to-month,No,Bank transfer,74.65,3732.5,No
CUST-03529,Female,0,Yes,No,65,No,Yes,Fiber optic,No internet service,No internet service,Month-to-month,Yes,Bank transfer,61.71,4011.15,No
CUST-03530,Female,0,Yes,No,16,No,No,Fiber optic,No internet service,No,One year,Yes,Bank transfer,62.28,996.48,No
CUST-03531,Female,0,Yes,Yes,64,Yes,Yes,DSL,No,Yes,Month-to-month,No,Electronic check,68.04,4497.57,Yes
CUST-03532,Female,0,Yes,No,8,Yes,Yes,DSL,No,Yes,Two year,Yes,Bank transfer,118.76,950.08,No
CUST-03533,Female,0,No,No,12,Yes,No,Fiber optic,No,No,Month-to-month,Yes,Electronic check,74.77,897.24,Yes
CUST-03534,Female,0,No,No,57,Yes,No,Fiber optic,No,No,One year,No,Electronic check,91.78,5322.47,No
CUST-03535,Male,0,No,No,29,Yes,No phone service,No,No,No,One year,No,Bank transfer,60.51,1823.87,Yes
CUST-03536,Male,0,No,No,30,Yes,No,Fiber optic,No,No internet service,Month-to-month,Yes,Bank transfer,51.24,1554.28,Yes
CUST-03537,Male,1,Yes,No,22,No,No phone service,Fiber optic,No,No,One year,Yes,Bank transfer,111.49,2477.3,Yes
CUST-03538,Female,0,No,No,62,Yes,Yes,DSL,No,Yes,Two year,Yes,Credit card,93.72,5810.64,No
CUST-03539,Male,1,No,No,27,Yes,No,No,No,No,Month-to-month,Yes,Mailed check,77.41,2090.07,No
CUST-03540,Female,0,No,Yes,58,No,No,Fiber optic,Yes,No,Month-to-month,Yes,Credit card,52.32,3034.56,Yes
CUST-03541,Female,0,No,No,9,Yes,No,DSL,No,No,Two year,No,Electronic check,44.3,398.7,No
CUST-03542,Male,0,No,Yes,25,Yes,Yes,No,No,Yes,One year,Yes,Electronic check,43.71,1118.69,No
CUST-03543,Female,0,No,No,16,Yes,No,No,No,No,One year,Yes,Mailed check,69.38,1110.08,Yes
CUST-03544,Male,0,Yes,No,39,Yes,No,No,No,No,Two year,Yes,Mailed check,107.23,4265.38,No
CUST-03545,Male,0,No,No,67,No,No,DSL,No,No internet service,One year,Yes,Bank transfer,107.87,7240.38,Yes
CUST-03546,Male,0,Yes,No,22,Yes,No,Fiber optic,No,No,Month-to-month,No,Credit card,93.99,2067.78,Yes
CUST-03547,Female,0,Yes,Yes,34,Yes,Yes,Fiber optic,No,No internet service,Month-to-month,Yes,Credit card,73.33,2493.22,No
CUST-03548,Male,0,Yes,No,8,Yes,Yes,Fiber optic,Yes,No internet service,Month-to-month,Yes,Credit card,41.96,335.68,No
CUST-03549,Female,1,Yes,No,44,Yes,Yes,Fiber optic,No,No,One year,Yes,Mailed check,66.84,2940.96,No
CUST-03550,Male,0,Yes,No,36,Yes,No phone service,Fiber optic,No,Yes,Month-to-month,Yes,Credit card,88.86,3198.96,Yes
CUST-03551,Male,1,Yes,No,68,No,No,No,No,Yes,Month-to-month,Yes,Mailed check,78.69,5390.11,No
CUST-03552,Male,0,No,No,18,Yes,No,No,Yes,No,Two year,No,Credit card,70.43,1298.06,No
CUST-03553,Female,0,No,No,72,No,No,No,No,No internet service,Month-to-month,No,Mailed check,61.68,4440.96,Yes
CUST-03554,Female,1,No,No,26,No,No phone service,Fiber optic,No,No,Month-to-month,Yes,Credit card,94.76,2523.26,Yes
CUST-03555,Female,0,Yes,No,12,Yes,Yes,Fiber optic,Yes,Yes,Month-to-month,Yes,Electronic check,103.91,1246.92,No
CUST-03556,Male,0,No,No,56,Yes,Yes,DSL,No internet service,No,Month-to-month,Yes,Mailed check,91.74,5139.86,Yes
CUST-03557,Male,0,No,No,59,Yes,No,Fiber optic,No internet service,No internet service,Month-to-month,No,Bank transfer,113.67,6706.53,No
CUST-03558,Female,1,Yes,No,11,Yes,No,Fiber optic,Yes,Yes,Two year,Yes,Electronic check,97.55,1093.67,Yes
CUST-03559,Female,0,No,Yes,8,Yes,No,DSL,No,Yes,Two year,Yes,Electronic check,63.96,529.24,No
CUST-03560,Female,0,No,No,26,Yes,Yes,No,No,Yes,Month-to-month,Yes,Mailed check,80.91,2177.43,No
CUST-03561,Female,0,Yes,Yes,62,Yes,Yes,No,Yes,No internet service,One year,Yes,Credit card,69.45,4305.9,No
CUST-03562,Female,0,No,Yes,28,Yes,No,No,No,No internet service,One year,Yes,Credit card,73.72,2069.09,No
CUST-03563,Female,0,No,Yes,21,Yes,No,Fiber optic,No,No,Month-to-month,No,Mailed check,109.36,2315.39,Yes
CUST-03564,Male,0,Yes,Yes,72,Yes,No,Fiber optic,No internet service,No internet service,Month-to-month,Yes,Credit card,48.69,3521.06,No
CUST-03565,Female,0,Yes,No,18,Yes,No,No,No,No,Two year,No,Credit card,19.34,413.08,No
CUST-03566,Male,0,Yes,Yes,37,Yes,No,DSL,No,No,One year,No,Credit card,88.96,3291.52,Yes
CUST-03567,Male,0,Yes,Yes,38,Yes,Yes,No,No,No,Month-to-month,No,Mailed check,36.46,1409.42,No
CUST-03568,Female,0,No,Yes,14,Yes,No,No,Yes,Yes,Month-to-month,Yes,Mailed check,33.73,500.55,No
CUST-03569,Female,0,No,Yes,53,Yes,No,Fiber optic,Yes,No internet service,One year,Yes,Bank transfer,119.23,6319.19,Yes
CUST-03570,Male,1,Yes,Yes,31,Yes,Yes,No,Yes,No,Month-to-month,No,Credit card,45.21,1413.48,Yes
CUST-03571,Female,0,No,No,45,Yes,Yes,Fiber optic,Yes,No internet service,Month-to-month,Yes,Credit card,38.78,1754.68,No
CUST-03572,Female,0,Yes,No,60,Yes,Yes,DSL,Yes,No internet service,Month-to-month,No,Mailed check,37.48,2271.32,No
CUST-03573,Male,0,Yes,No,51,Yes,No phone service,DSL,Yes,No internet service,Month-to-month,Yes,Bank transfer,60.06,3063.06,No
CUST-03574,Male,0,Yes,No,33,Yes,No,Fiber optic,No internet service,No,Two year,No,Mailed check,59.76,1972.08,No
CUST-03575,Male,0,No,Yes,72,Yes,No,DSL,No,No internet service,Month-to-month,No,Mailed check,82.51,5949.02,No
CUST-03576,Female,0,Yes,Yes,34,Yes,No,Fiber optic,No,No,One year,Yes,Bank transfer,28.57,1005.78,No
CUST-03577,Male,0,Yes,Yes,69,Yes,No phone service,DSL,Yes,No,Two year,No,Mailed check,82.82,5714.58,No
CUST-03578,Female,0,Yes,No,36,Yes,No,No,No internet service,No,Month-to-month,Yes,Electronic check,64.27,2356.96,No
CUST-03579,Male,0,No,Yes,60,Yes,Yes,DSL,Yes,Yes,Month-to-month,Yes,Bank transfer,39.18,2359.71,No
CUST-03580,Male,0,No,No,48,Yes,No,Fiber optic,No,Yes,Two year,No,Credit card,97.38,4674.24,No
CUST-03581,Male,1,Yes,Yes,8,Yes,No,Fiber optic,No,No,Two year,Yes,Credit card,66.35,530.8,Yes
CUST-03582,Female,0,Yes,Yes,18,Yes,No,No,Yes,No internet service,One year,Yes,Bank transfer,91.14,1640.52,No
CUST-03583,Female,0,No,No,27,Yes,Yes,Fiber optic,Yes,No,One year,Yes,Credit card,111.9,3031.54,No
CUST-03584,Male,0,No,No,25,Yes,No phone service,No,No,No internet service,Month-to-month,Yes,Electronic check,54.05,1351.25,No
CUST-03585,Male,0,Yes,No,37,Yes,No phone service,Fiber optic,Yes,Yes,One year,Yes,Credit card,109.59,4068.05,No
CUST-03586,Male,0,No,No,39,Yes,No phone service,DSL,No internet service,No,One year,Yes,Bank transfer,38.43,1498.77,Yes
CUST-03587,Female,0,No,No,24,Yes,Yes,Fiber optic,Yes,No internet service,Month-to-month,Yes,Mailed check,40.66,975.84,No
CUST-03588,Male,0,Yes,No,68,Yes,Yes,Fiber optic,No internet service,No,Month-to-month,Yes,Bank transfer,85.7,5827.6,Yes
CUST-03589,Female,0,No,No,70,Yes,No,Fiber optic,No internet service,No,Month-to-month,No,Bank transfer,28.47,1992.9,No
CUST-03590,Male,0,No,Yes,22,Yes,No,Fiber optic,No,Yes,Month-to-month,No,Electronic check,64.39,1416.58,Yes
CUST-03591,Male,0,No,No,64,Yes,No,Fiber optic,Yes,No internet service,Two year,Yes,Credit card,39.81,2547.84,No
CUST-03592,Male,0,Yes,No,21,Yes,No,DSL,No internet service,No internet service,One year,No,Bank transfer,76.23,1600.83,No
CUST-03593,Male,0,Yes,No,63,Yes,No phone service,DSL,No,No,Month-to-month,No,Credit card,100.3,6361.61,No
CUST-03594,Male,0,Yes,No,67,Yes,No,No,No,No,Two year,Yes,Mailed check,22.33,1496.11,No
CUST-03595,Male,0,Yes,No,57,Yes,Yes,Fiber optic,No,No internet service,Month-to-month,No,Bank transfer,60.16,3461.82,Yes
CUST-03596,Female,0,No,No,27,Yes,Yes,DSL,No,No,Two year,No,Bank transfer,92.53,2526.14,No
CUST-03597,Male,1,No,No,67,Yes,Yes,DSL,No,No internet service,Two year,No,Credit card,52.91,3544.97,No
CUST-03598,Female,0,No,No,3,Yes,Yes,Fiber optic,No,No,Two year,No,Electronic check,22.25,114.39,Yes
CUST-03599,Male,1,No,No,0,Yes,Yes,No,No internet service,No,Month-to-month,No,Electronic check,78.32,67.34,Yes
CUST-03600,Male,0,Yes,No,25,Yes,No,DSL,No internet service,No,Month-to-month,Yes,Credit card,30.26,756.5,Yes
CUST-03601,Female,0,No,Yes,32,Yes,Yes,Fiber optic,No internet service,Yes,Month-to-month,Yes,Bank transfer,55.73,1827.82,No
CUST-03602,Male,0,No,No,26,Yes,No,DSL,No internet service,Yes,Month-to-month,Yes,Mailed check,119.03,3094.78,Yes
CUST-03603,Female,1,Yes,Yes,41,Yes,No,Fiber optic,No internet service,No,Two year,Yes,Electronic check,58.6,2402.6,No
CUST-03604,Female,0,No,No,68,No,Yes,DSL,No,No internet service,Month-to-month,Yes,Electronic check,103.97,7082.07,Yes
CUST-03605,Male,0,Yes,No,70,Yes,Yes,DSL,Yes,No,Month-to-month,Yes,Mailed check,105.7,7426.5,No
CUST-03606,Female,0,No,No,63,Yes,Yes,Fiber optic,No,No internet service,One year,Yes,Electronic check,44.81,2823.03,No
CUST-03607,Female,0,No,No,24,Yes,Yes,Fiber optic,No,No,Month-to-month,Yes,Credit card,78.74,1980.2,Yes
CUST-03608,Male,0,Yes,Yes,71,Yes,No,Fiber optic,No,No internet service,Month-to-month,Yes,Bank transfer,114.64,8176.7,Yes
CUST-03609,Female,1,No,Yes,3,No,No,DSL,Yes,No internet service,Two year,No,Electronic check,79.85,239.55,No
CUST-03610,Male,1,No,No,11,Yes,No,Fiber optic,No,No internet service,Month-to-month,Yes,Mailed check,100.95,1118.86,Yes
CUST-03611,Male,0,Yes,Yes,57,Yes,Yes,DSL,Yes,No,Month-to-month,Yes,Credit card,65.18,3866.71,Yes
CUST-03612,Male,1,Yes,No,10,Yes,No,Fiber optic,No internet service,No internet service,One year,Yes,Credit card,91.37,937.4,Yes
CUST-03613,Male,0,Yes,No,58,Yes,No,DSL,No internet service,No,One year,No,Credit card,20.23,1243.24,No
CUST-03614,Female,0,No,No,35,Yes,Yes,DSL,No internet service,No,One year,No,Credit card,98.32,3489.17,No
CUST-03615,Male,0,No,No,21,Yes,Yes,DSL,No,No internet service,Two year,Yes,Bank transfer,86.53,1817.13,Yes
CUST-03616,Male,0,No,No,64,Yes,No,Fiber optic,No,Yes,Two year,Yes,Credit card,54.6,3494.4,No
CUST-03617,Female,1,No,No,49,Yes,Yes,Fiber optic,No internet service,No,Month-to-month,No,Credit card,60.53,2965.97,No
CUST-03618,Male,0,No,Yes,3,Yes,No,Fiber optic,No,No internet service,Month-to-month,No,Credit card,51.31,153.93,No
CUST-03619,Male,0,Yes,Yes,71,Yes,Yes,Fiber optic,No,Yes,One year,Yes,Mailed check,71.48,5090.07,No
CUST-03620,Female,0,No,No,51,Yes,Yes,DSL,No internet service,No internet service,Two year,No,Mailed check,29.08,1545.66,No
CUST-03621,Female,0,Yes,No,42,Yes,No,Fiber optic,No,No,One year,Yes,Mailed check,104.18,4416.9,No
CUST-03622,Female,0,Yes,Yes,45,Yes,No,DSL,Yes,No,Month-to-month,Yes,Mailed check,66.76,3004.2,Yes
CUST-03623,Female,1,No,No,3,Yes,No,DSL,No,No,One year,No,Electronic check,22.4,67.2,No
CUST-03624,Female,0,Yes,No,12,Yes,Yes,DSL,No,No,Month-to-month,Yes,Credit card,74.4,974.86,Yes
CUST-03625,Female,0,No,No,37,Yes,No phone service,DSL,Yes,No,Two year,No,Electronic check,112.91,4208.79,No
CUST-03626,Female,0,No,No,44,Yes,No,No,Yes,No internet service,Month-to-month,Yes,Electronic check,26.92,1184.48,Yes
CUST-03627,Male,0,Yes,No,24,Yes,Yes,Fiber optic,No,Yes,Two year,Yes,Electronic check,30.57,733.68,Yes
CUST-03628,Female,0,Yes,No,66,Yes,Yes,Fiber optic,No internet service,No,One year,Yes,Bank transfer,57.49,3794.34,No
CUST-03629,Female,0,No,No,54,Yes,No,Fiber optic,Yes,No,One year,Yes,Credit card,93.03,5077.48,No
CUST-03630,Female,0,No,No,38,Yes,No,No,No,No internet service,Month-to-month,Yes,Credit card,79.67,3054.18,No
CUST-03631,Male,0,Yes,No,64,Yes,Yes,Fiber optic,No,Yes,Month-to-month,Yes,Electronic check,64.71,4141.44,Yes
CUST-03632,Male,0,Yes,No,1,Yes,No phone service,Fiber optic,No internet service,Yes,Two year,Yes,Mailed check,119.26,119.26,Yes
CUST-03633,Female,0,No,Yes,68,Yes,No,No,No,No internet service,Month-to-month,Yes,Bank transfer,36.95,2540.21,No
CUST-03634,Female,0,No,Yes,61,Yes,No,Fiber optic,Yes,No,Month-to-month,Yes,Electronic check,101.82,6273.28,No
CUST-03635,Female,0,Yes,No,45,Yes,No,Fiber optic,No,Yes,Month-to-month,No,Electronic check,30.63,1400.19,Yes
CUST-03636,Male,0,Yes,No,30,Yes,No,Fiber optic,Yes,No,Month-to-month,No,Bank transfer,36.32,1125.84,No
CUST-03637,Male,1,No,No,34,Yes,Yes,Fiber optic,No,No,Month-to-month,Yes,Electronic check,48.14,1656.61,Yes
CUST-03638,Female,0,No,No,44,Yes,No,Fiber optic,No,No internet service,Month-to-month,Yes,Credit card,107.06,4779.56,Yes
CUST-03639,Male,0,No,Yes,53,Yes,No phone service,Fiber optic,No,No,One year,No,Mailed check,63.31,3446.2,No
CUST-03640,Female,0,No,No,70,Yes,No,Fiber optic,Yes,Yes,One year,No,Mailed check,58.37,4085.9,No
CUST-03641,Male,0,No,Yes,68,Yes,Yes,No,No,No,Two year,Yes,Mailed check,68.05,4627.4,No
CUST-03642,Male,0,Yes,No,28,Yes,Yes,No,No internet service,Yes,Month-to-month,Yes,Mailed check,82.35,2308.54,No
CUST-03643,Female,1,No,No,71,Yes,No phone service,Fiber optic,No,No,Month-to-month,No,Electronic check,61.2,4345.2,No
CUST-03644,Female,0,Yes,No,7,Yes,Yes,Fiber optic,No,No,Month-to-month,Yes,Mailed check,116.18,813.26,Yes
CUST-03645,Female,0,No,Yes,53,Yes,No,Fiber optic,No,No,Two year,Yes,Electronic check,31.8,1685.4,Yes
CUST-03646,Female,0,Yes,No,6,Yes,No,DSL,No,No internet service,Month-to-month,No,Credit card,66.52,400.12,Yes
CUST-03647,Male,0,Yes,No,22,Yes,No,No,Yes,No internet service,One year,Yes,Electronic check,60.37,1328.14,No
CUST-03648,Male,0,No,No,31,Yes,No,Fiber optic,No internet service,Yes,Month-to-month,Yes,Electronic check,88.66,2748.46,Yes
CUST-03649,Male,1,No,No,61,Yes,Yes,DSL,No internet service,Yes,Month-to-month,No,Electronic check,116.23,7092.86,Yes
CUST-03650,Female,0,Yes,No,44,Yes,No,Fiber optic,No,No,Month-to-month,Yes,Bank transfer,47.42,2086.48,No
CUST-03651,Male,0,No,No,67,Yes,Yes,Fiber optic,No internet service,No,Two year,No,Bank transfer,115.44,7752.8,No
CUST-03652,Female,0,Yes,No,29,Yes,No,DSL,No,No,Month-to-month,No,Bank transfer,102.43,2970.47,Yes
CUST-03653,Male,0,Yes,Yes,38,Yes,Yes,DSL,Yes,No internet service,Two year,Yes,Credit card,100.67,3825.46,No
CUST-03654,Female,0,No,No,4,Yes,Yes,Fiber optic,No,No internet service,Two year,No,Mailed check,25.45,185.0,No
CUST-03655,Female,0,Yes,No,66,Yes,No,No,No,No internet service,Month-to-month,Yes,Electronic check,113.94,7520.04,No
CUST-03656,Male,0,No,No,21,No,No,DSL,Yes,No,Two year,No,Electronic check,103.57,2219.44,No
CUST-03657,Female,0,Yes,Yes,27,Yes,Yes,Fiber optic,No,No,Month-to-month,Yes,Mailed check,87.83,2371.41,Yes
CUST-03658,Female,0,No,Yes,21,Yes,No,Fiber optic,No,Yes,Month-to-month,Yes,Bank transfer,31.04,651.84,Yes
CUST-03659,Male,0,No,Yes,28,Yes,No,DSL,Yes,No internet service,Month-to-month,No,Credit card,60.84,1736.41,Yes
CUST-03660,Female,0,Yes,No,42,Yes,Yes,DSL,No,Yes,Month-to-month,No,Electronic check,103.7,4355.4,No
CUST-03661,Female,0,Yes,No,41,Yes,No phone service,DSL,No internet service,Yes,Month-to-month,Yes,Mailed check,62.63,2598.72,No
CUST-03662,Female,0,No,No,59,No,No,No,No,Yes,Month-to-month,No,Bank transfer,62.52,3688.68,No
CUST-03663,Male,0,No,No,70,No,Yes,No,Yes,No,Month-to-month,Yes,Credit card,45.55,3188.5,No
CUST-03664,Male,0,Yes,No,67,Yes,No,DSL,No,No internet service,One year,No,Mailed check,23.22,1628.31,No
CUST-03665,Female,0,No,No,58,Yes,Yes,Fiber optic,No internet service,Yes,Month-to-month,No,Mailed check,70.33,4079.14,No
CUST-03666,Male,0,Yes,No,5,Yes,Yes,No,No,Yes,Month-to-month,Yes,Electronic check,97.0,504.52,Yes
CUST-03667,Female,1,Yes,No,72,Yes,No phone service,Fiber optic,Yes,Yes,One year,No,Credit card,32.9,2410.42,No
CUST-03668,Female,0,No,No,27,Yes,No,Fiber optic,No internet service,No,One year,No,Credit card,109.17,2947.59,No
CUST-03669,Female,0,Yes,No,30,No,No,DSL,No,No,Two year,No,Bank transfer,74.64,2239.2,No
CUST-03670,Female,0,No,Yes,38,Yes,Yes,Fiber optic,No internet service,Yes,Two year,No,Bank transfer,100.85,3847.23,Yes
CUST-03671,Female,0,No,No,49,No,Yes,Fiber optic,No,No,One year,Yes,Electronic check,86.04,4257.54,No
CUST-03672,Male,0,No,No,36,Yes,Yes,Fiber optic,Yes,Yes,Two year,Yes,Credit card,31.76,1217.41,No
CUST-03673,Female,0,No,No,71,Yes,Yes,Fiber optic,No,No internet service,Month-to-month,No,Bank transfer,110.47,7843.37,No
CUST-03674,Male,0,No,No,14,No,No,DSL,Yes,Yes,Month-to-month,No,Credit card,91.25,1277.5,Yes
CUST-03675,Male,0,No,Yes,50,Yes,No,DSL,No,No,Month-to-month,Yes,Mailed check,21.63,1191.8,Yes
CUST-03676,Female,0,No,No,69,Yes,No,No,No internet service,No,Month-to-month,No,Mailed check,77.16,5336.86,No
CUST-03677,Female,0,No,No,22,Yes,No,No,No,No,One year,No,Mailed check,66.97,1488.32,No
CUST-03678,Male,0,No,No,24,Yes,No,Fiber optic,No,No,Two year,Yes,Credit card,105.63,2564.33,No
CUST-03679,Male,0,Yes,Yes,45,Yes,No,DSL,No internet service,No,One year,Yes,Electronic check,30.52,1374.96,Yes
CUST-03680,Male,0,No,No,22,Yes,Yes,Fiber optic,Yes,Yes,Month-to-month,Yes,Bank transfer,78.27,1721.94,Yes
CUST-03681,Female,0,No,No,9,Yes,No,Fiber optic,No,Yes,Month-to-month,Yes,Electronic check,49.65,446.85,No
CUST-03682,Male,0,No,No,72,Yes,No,Fiber optic,No,No,One year,No,Electronic check,43.05,3171.91,No
CUST-03683,Female,1,No,Yes,31,Yes,No,No,No internet service,Yes,Month-to-month,Yes,Electronic check,20.3,667.14,No
CUST-03684,Female,0,No,Yes,50,Yes,No,DSL,Yes,No internet service,Month-to-month,No,Electronic check,51.89,2613.01,No
CUST-03685,Female,0,No,No,40,Yes,Yes,Fiber optic,No,No,Two year,Yes,Bank transfer,58.4,2336.0,No
CUST-03686,Male,0,Yes,No,64,Yes,No,DSL,Yes,No internet service,Two year,Yes,Mailed check,63.67,4074.88,No
CUST-03687,Female,0,No,No,64,Yes,No phone service,Fiber optic,No,No,Two year,Yes,Mailed check,92.94,6053.98,No
CUST-03688,Female,0,Yes,No,39,Yes,No,Fiber optic,No,Yes,Month-to-month,No,Mailed check,59.16,2307.24,No
CUST-03689,Female,0,No,No,17,Yes,No,Fiber optic,No internet service,Yes,Month-to-month,Yes,Credit card,37.91,648.32,Yes
CUST-03690,Female,0,No,No,35,Yes,Yes,DSL,No,Yes,Month-to-month,No,Credit card,58.61,2051.35,Yes
CUST-03691,Female,0,Yes,Yes,30,Yes,No,Fiber optic,No,No,One year,Yes,Bank transfer,25.1,753.0,Yes
CUST-03692,Male,0,Yes,No,53,Yes,No,No,Yes,Yes,Month-to-month,Yes,Bank transfer,117.15,6208.95,No
CUST-03693,Female,1,No,No,62,Yes,No,Fiber optic,Yes,No,Month-to-month,Yes,Bank transfer,24.76,1535.12,Yes
CUST-03694,Female,0,Yes,No,0,Yes,No,DSL,No,No,One year,Yes,Mailed check,38.59,0.0,No
CUST-03695,Male,0,Yes,No,51,No,Yes,No,No internet service,No,Two year,Yes,Bank transfer,61.66,3168.69,No
CUST-03696,Female,0,No,No,56,No,Yes,DSL,Yes,No,One year,Yes,Mailed check,113.21,6339.76,No
CUST-03697,Male,1,Yes,Yes,8,Yes,No,Fiber optic,Yes,Yes,Two year,Yes,Mailed check,36.23,383.38,No
CUST-03698,Female,0,No,No,55,Yes,No,Fiber optic,Yes,Yes,Two year,Yes,Electronic check,58.78,3273.58,No
CUST-03699,Male,0,No,No,46,No,No phone service,DSL,No,No internet service,Month-to-month,Yes,Credit card,118.91,5469.86,No
CUST-03700,Male,0,Yes,No,2,Yes,No,Fiber optic,Yes,No internet service,One year,Yes,Credit card,79.41,198.24,No
CUST-03701,Female,0,Yes,No,1,Yes,No,No,No internet service,Yes,Month-to-month,No,Bank transfer,80.69,80.69,No
CUST-03702,Female,1,No,Yes,53,Yes,No,DSL,No,No internet service,Month-to-month,Yes,Electronic check,117.36,6220.08,No
CUST-03703,Female,0,No,No,36,No,No,Fiber optic,Yes,No,Month-to-month,Yes,Bank transfer,69.62,2559.57,Yes
CUST-03704,Male,0,No,No,55,Yes,No,DSL,No,No internet service,Month-to-month,No,Bank transfer,18.26,1004.3,No
CUST-03705,Male,1,No,Yes,30,Yes,No,Fiber optic,No,No,Two year,Yes,Credit card,21.16,669.63,No
CUST-03706,Male,0,No,No,11,Yes,No,DSL,No internet service,Yes,Two year,Yes,Electronic check,87.5,975.3,No
CUST-03707,Female,0,Yes,Yes,57,No,Yes,DSL,No internet service,No,Month-to-month,Yes,Bank transfer,39.57,2255.49,No
CUST-03708,Male,0,Yes,No,66,Yes,No,DSL,No internet service,No,Month-to-month,No,Bank transfer,66.81,4488.49,No
CUST-03709,Male,0,Yes,No,25,Yes,Yes,DSL,No,No internet service,Month-to-month,No,Bank transfer,74.24,1913.42,No
CUST-03710,Female,0,Yes,No,11,Yes,Yes,Fiber optic,Yes,Yes,Month-to-month,Yes,Mailed check,86.07,977.99,No
CUST-03711,Male,0,No,Yes,15,Yes,No,Fiber optic,No,No,Month-to-month,Yes,Credit card,26.54,398.1,No
CUST-03712,Male,0,No,No,52,Yes,No phone service,Fiber optic,No,Yes,Two year,Yes,Mailed check,95.52,4967.04,No
CUST-03713,Female,0,Yes,No,71,Yes,No,DSL,No internet service,No internet service,Month-to-month,No,Bank transfer,111.86,7942.06,No
CUST-03714,Male,0,No,No,48,Yes,Yes,DSL,Yes,No,Month-to-month,No,Electronic check,44.09,2188.19,No
CUST-03715,Female,0,Yes,No,48,Yes,No,Fiber optic,No,No internet service,One year,Yes,Mailed check,56.81,2726.88,Yes
CUST-03716,Female,0,Yes,Yes,6,Yes,No phone service,Fiber optic,No,Yes,Two year,Yes,Mailed check,93.87,572.42,No
CUST-03717,Female,0,No,No,14,Yes,No,Fiber optic,No,No,Two year,Yes,Bank transfer,43.34,606.76,No
CUST-03718,Female,0,Yes,No,35,Yes,No,No,Yes,No,One year,No,Mailed check,73.31,2653.53,No
CUST-03719,Female,0,Yes,No,71,Yes,No,No,No internet service,No,Month-to-month,Yes,Electronic check,85.31,6057.01,No
CUST-03720,Male,0,Yes,No,14,Yes,Yes,DSL,No internet service,No internet service,One year,No,Electronic check,107.69,1516.12,Yes
CUST-03721,Male,0,Yes,No,61,Yes,No phone service,DSL,Yes,No internet service,Two year,Yes,Credit card,53.23,3312.34,No
CUST-03722,Female,0,No,No,17,Yes,No,No,No,Yes,Month-to-month,No,Credit card,68.25,1160.25,No
CUST-03723,Female,0,No,No,45,Yes,No,DSL,No,No,Two year,Yes,Electronic check,36.83,1657.35,No
CUST-03724,Male,0,Yes,Yes,60,Yes,No,Fiber optic,No internet service,No internet service,Month-to-month,Yes,Electronic check,49.38,2962.8,No
CUST-03725,Female,0,Yes,No,42,Yes,No phone service,No,Yes,No,One year,Yes,Mailed check,27.68,1162.56,Yes
CUST-03726,Female,0,No,Yes,43,Yes,Yes,Fiber optic,No,No,Month-to-month,No,Credit card,38.16,1640.88,No
CUST-03727,Female,1,No,No,65,No,Yes,DSL,No internet service,No,Two year,Yes,Mailed check,53.31,3544.44,No
CUST-03728,Male,0,Yes,Yes,54,Yes,Yes,Fiber optic,Yes,No,Month-to-month,Yes,Electronic check,61.28,3309.12,No
CUST-03729,Male,0,Yes,No,38,Yes,No,Fiber optic,No internet service,No,Month-to-month,No,Credit card,90.1,3423.8,Yes
CUST-03730,Female,0,No,Yes,4,Yes,No,No,No internet service,No,Two year,No,Mailed check,64.76,259.04,No
CUST-03731,Female,1,No,Yes,56,Yes,No,DSL,No internet service,No,Month-to-month,No,Credit card,23.0,1288.0,Yes
CUST-03732,Male,0,Yes,No,14,Yes,No,Fiber optic,Yes,No,Two year,Yes,Bank transfer,95.09,1331.26,No
CUST-03733,Male,0,No,Yes,15,Yes,Yes,Fiber optic,Yes,No,Month-to-month,No,Bank transfer,72.35,1093.17,Yes
CUST-03734,Female,0,Yes,No,56,Yes,Yes,DSL,No,Yes,Two year,No,Bank transfer,113.82,6445.12,No
CUST-03735,Female,1,No,No,24,Yes,Yes,DSL,No internet service,No,Month-to-month,No,Bank transfer,82.79,2033.53,Yes
CUST-03736,Male,0,No,Yes,21,Yes,No,DSL,No internet service,No internet service,One year,No,Bank transfer,72.46,1557.16,No
CUST-03737,Male,0,No,No,30,Yes,No,Fiber optic,No,Yes,Two year,Yes,Credit card,48.03,1478.51,No
CUST-03738,Male,1,Yes,No,33,Yes,No,No,No,Yes,Month-to-month,Yes,Electronic check,42.12,1389.96,Yes
CUST-03739,Female,1,Yes,No,15,Yes,Yes,DSL,Yes,No,Two year,Yes,Mailed check,41.46,624.94,No
CUST-03740,Male,1,Yes,No,69,Yes,Yes,DSL,No,No,One year,No,Electronic check,59.53,4173.12,No
CUST-03741,Female,0,No,No,58,Yes,No,Fiber optic,Yes,No,Month-to-month,Yes,Electronic check,35.48,2153.22,Yes
CUST-03742,Male,0,Yes,No,14,Yes,Yes,DSL,No,Yes,Month-to-month,Yes,Electronic check,104.11,1518.63,No
CUST-03743,Male,0,Yes,Yes,12,Yes,Yes,Fiber optic,No,No internet service,Two year,No,Mailed check,100.13,1201.56,No
CUST-03744,Male,0,Yes,No,23,Yes,Yes,Fiber optic,No,No,Two year,No,Bank transfer,92.34,2159.79,Yes
CUST-03745,Male,0,No,No,12,No,No,Fiber optic,No,No,One year,No,Credit card,22.97,275.64,No
CUST-03746,Female,0,Yes,No,64,Yes,Yes,DSL,No,No,Month-to-month,No,Credit card,25.33,1690.8,No
CUST-03747,Female,0,Yes,No,35,Yes,Yes,DSL,No,No,Month-to-month,Yes,Electronic check,82.92,2902.2,Yes
CUST-03748,Male,0,Yes,No,48,Yes,No,Fiber optic,No internet service,Yes,Month-to-month,No,Credit card,94.39,4530.72,Yes
CUST-03749,Female,0,No,Yes,47,Yes,Yes,DSL,Yes,No,Month-to-month,No,Mailed check,20.73,1031.58,No
CUST-03750,Male,0,No,No,42,Yes,Yes,No,No,No,Month-to-month,No,Electronic check,47.63,2001.12,No
CUST-03751,Male,0,No,No,5,Yes,No,Fiber optic,Yes,No internet service,Two year,No,Mailed check,31.9,197.02,No
CUST-03752,Male,0,No,Yes,67,Yes,No,DSL,Yes,No,Month-to-month,No,Electronic check,41.59,2828.44,No
CUST-03753,Male,0,No,Yes,13,Yes,Yes,No,No internet service,No,One year,Yes,Bank transfer,70.87,921.31,Yes
CUST-03754,Female,0,Yes,Yes,29,Yes,Yes,DSL,Yes,No internet service,Month-to-month,Yes,Credit card,29.14,848.72,No
CUST-03755,Male,0,No,No,7,Yes,Yes,No,No internet service,No,Two year,No,Credit card,41.44,290.08,No
CUST-03756,Male,0,Yes,No,53,Yes,No,Fiber optic,No internet service,Yes,Month-to-month,Yes,Mailed check,75.62,4007.86,No
CUST-03757,Female,0,Yes,Yes,65,Yes,No,DSL,Yes,No,Month-to-month,Yes,Credit card,69.83,4538.95,No
CUST-03758,Male,0,No,Yes,3,No,Yes,No,No,No,One year,No,Electronic check,105.47,316.41,Yes
CUST-03759,Male,0,Yes,No,59,Yes,No,No,No,No,Month-to-month,Yes,Bank transfer,33.36,1998.23,No
CUST-03760,Male,0,Yes,No,52,Yes,Yes,Fiber optic,No internet service,No,Month-to-month,Yes,Credit card,55.73,2954.63,Yes
CUST-03761,Female,1,Yes,No,14,Yes,Yes,Fiber optic,Yes,No,Two year,Yes,Bank transfer,112.28,1571.92,No
CUST-03762,Male,0,No,No,0,Yes,Yes,No,No internet service,No,Month-to-month,No,Mailed check,99.17,0.0,Yes
CUST-03763,Female,1,Yes,No,21,Yes,No phone service,Fiber optic,No internet service,Yes,Two year,Yes,Bank transfer,78.93,1657.53,No
CUST-03764,Male,1,No,Yes,14,Yes,No,DSL,No,Yes,One year,Yes,Credit card,96.44,1365.34,No
CUST-03765,Male,0,No,No,21,Yes,Yes,Fiber optic,Yes,No,Month-to-month,No,Credit card,63.73,1364.25,Yes
CUST-03766,Female,1,No,No,49,Yes,No,No,No,No,Month-to-month,Yes,Mailed check,110.89,5535.42,Yes
CUST-03767,Male,0,Yes,No,47,Yes,Yes,No,No internet service,Yes,One year,Yes,Mailed check,79.16,3778.95,No
CUST-03768,Male,0,No,No,72,Yes,Yes,No,Yes,No internet service,One year,Yes,Bank transfer,88.95,6404.4,No
CUST-03769,Female,0,Yes,No,50,Yes,No phone service,DSL,No,No internet service,Two year,No,Bank transfer,84.5,4342.4,No
CUST-03770,Female,0,Yes,No,16,Yes,Yes,Fiber optic,Yes,No,Month-to-month,No,Mailed check,86.62,1429.12,No
CUST-03771,Female,1,Yes,No,50,Yes,No phone service,DSL,No internet service,No internet service,One year,Yes,Credit card,83.39,4218.6,No
CUST-03772,Female,0,No,No,36,Yes,No,Fiber optic,No,No,Two year,No,Bank transfer,25.52,1018.91,Yes
CUST-03773,Female,0,Yes,No,48,No,No phone service,Fiber optic,No internet service,No,Month-to-month,Yes,Mailed check,79.59,3843.06,No
CUST-03774,Male,0,Yes,No,58,Yes,No,DSL,No internet service,No,Two year,No,Bank transfer,97.91,5688.24,No
CUST-03775,Female,0,Yes,Yes,9,Yes,Yes,Fiber optic,No,Yes,Month-to-month,Yes,Mailed check,18.04,178.91,No
CUST-03776,Male,0,Yes,Yes,29,Yes,No,DSL,No internet service,Yes,Month-to-month,No,Credit card,108.95,3159.55,No
CUST-03777,Male,0,No,No,20,Yes,Yes,DSL,Yes,Yes,Month-to-month,No,Bank transfer,115.13,2302.6,Yes
CUST-03778,Male,1,No,Yes,33,Yes,No,Fiber optic,Yes,No,Month-to-month,No,Bank transfer,31.08,1025.64,Yes
CUST-03779,Female,0,No,No,72,Yes,No,Fiber optic,No,Yes,Month-to-month,Yes,Electronic check,72.58,5282.28,Yes
CUST-03780,Female,0,Yes,Yes,49,No,No,DSL,No,No internet service,Month-to-month,Yes,Electronic check,29.28,1493.88,No
CUST-03781,Male,0,Yes,No,46,Yes,No,DSL,No internet service,Yes,Month-to-month,No,Credit card,46.87,2156.02,No
CUST-03782,Female,0,No,No,5,Yes,No,DSL,No internet service,No internet service,Month-to-month,Yes,Mailed check,81.39,409.64,Yes
CUST-03783,Female,0,Yes,No,49,Yes,No,Fiber optic,No,No internet service,Month-to-month,No,Electronic check,48.89,2395.61,Yes
CUST-03784,Female,0,No,Yes,62,Yes,No,DSL,No internet service,Yes,Month-to-month,Yes,Electronic check,55.29,3456.02,No
CUST-03785,Female,0,Yes,No,11,Yes,Yes,No,No,No,Two year,Yes,Credit card,94.11,1063.92,No
CUST-03786,Male,1,No,No,40,No,No,No,Yes,No internet service,Two year,Yes,Mailed check,76.65,3066.0,No
CUST-03787,Male,0,Yes,No,30,Yes,No,Fiber optic,No,No internet service,Two year,Yes,Credit card,70.84,2125.2,Yes
CUST-03788,Female,1,Yes,Yes,1,Yes,No,Fiber optic,Yes,No internet service,Month-to-month,No,Bank transfer,51.07,51.07,Yes
CUST-03789,Male,0,No,Yes,15,Yes,No phone service,Fiber optic,Yes,No internet service,Month-to-month,No,Bank transfer,89.82,1347.3,No
CUST-03790,Female,0,No,No,0,No,Yes,DSL,No,No,Month-to-month,No,Mailed check,61.24,18.48,Yes
CUST-03791,Female,0,Yes,Yes,3,Yes,Yes,DSL,No,Yes,Month-to-month,No,Electronic check,109.68,329.04,Yes
CUST-03792,Male,1,No,No,46,No,No,Fiber optic,Yes,No,Two year,Yes,Credit card,79.36,3654.21,No
CUST-03793,Male,0,No,No,64,Yes,Yes,No,No internet service,No,Two year,Yes,Credit card,72.91,4753.51,No
CUST-03794,Male,1,Yes,Yes,51,Yes,No,No,No,Yes,Month-to-month,No,Bank transfer,99.92,5129.79,No
CUST-03795,Female,1,Yes,No,46,Yes,No,No,No,Yes,Month-to-month,Yes,Credit card,67.52,3105.92,Yes
CUST-03796,Male,0,Yes,Yes,49,Yes,Yes,No,Yes,No,Two year,No,Electronic check,46.49,2278.01,No
CUST-03797,Female,0,Yes,No,44,Yes,No phone service,DSL,No internet service,Yes,One year,No,Mailed check,33.82,1488.08,Yes
CUST-03798,Male,0,No,No,41,Yes,No phone service,DSL,No,No internet service,Month-to-month,No,Credit card,75.31,3087.71,No
CUST-03799,Male,0,Yes,No,55,Yes,Yes,Fiber optic,No,Yes,Month-to-month,No,Electronic check,61.34,3408.07,Yes
CUST-03800,Female,0,Yes,No,70,No,No,Fiber optic,No,Yes,Month-to-month,No,Mailed check,58.53,4097.1,Yes
CUST-03801,Female,0,Yes,No,56,Yes,Yes,Fiber optic,No,Yes,Month-to-month,Yes,Credit card,53.64,3036.97,Yes
CUST-03802,Female,0,No,No,32,No,No,No,No,Yes,Two year,Yes,Credit card,86.5,2768.0,No
CUST-03803,Female,0,Yes,No,27,Yes,No,Fiber optic,No,No,Month-to-month,Yes,Mailed check,70.94,1931.28,Yes
CUST-03804,Female,0,Yes,No,43,Yes,No,Fiber optic,No,No internet service,Month-to-month,Yes,Credit card,72.8,3163.4,No
CUST-03805,Female,0,Yes,No,55,No,Yes,DSL,No internet service,No,Month-to-month,No,Credit card,49.43,2742.79,No
CUST-03806,Female,0,No,Yes,43,Yes,No,DSL,No,No,Month-to-month,Yes,Credit card,80.59,3549.04,No
CUST-03807,Female,0,Yes,Yes,72,Yes,No,Fiber optic,Yes,No internet service,One year,No,Bank transfer,59.16,4328.05,No
CUST-03808,Male,0,No,No,33,Yes,Yes,No,No internet service,No,Month-to-month,Yes,Mailed check,96.49,3184.17,Yes
CUST-03809,Female,0,Yes,No,13,Yes,No,DSL,No,Yes,Month-to-month,Yes,Bank transfer,72.01,1045.33,No
CUST-03810,Female,0,Yes,No,67,Yes,No phone service,Fiber optic,No,No,One year,Yes,Mailed check,47.52,3192.94,Yes
CUST-03811,Male,0,No,No,28,Yes,No,No,No internet service,No,Month-to-month,No,Bank transfer,33.07,946.56,Yes
CUST-03812,Female,0,Yes,Yes,16,Yes,No,DSL,Yes,No internet service,Month-to-month,No,Credit card,89.39,1477.91,Yes
CUST-03813,Male,0,No,Yes,8,Yes,No,DSL,Yes,No internet service,Month-to-month,Yes,Electronic check,55.85,446.8,Yes
CUST-03814,Male,0,No,Yes,26,Yes,No,Fiber optic,No,No,Month-to-month,No,Mailed check,24.68,729.44,Yes
CUST-03815,Female,1,No,No,48,Yes,Yes,Fiber optic,No,No,Month-to-month,Yes,Electronic check,111.32,5360.36,Yes
CUST-03816,Male,0,No,No,36,Yes,No,No,Yes,No,Month-to-month,No,Mailed check,57.44,2139.03,No
CUST-03817,Female,0,Yes,No,27,Yes,No,DSL,No,No,One year,No,Mailed check,94.09,2540.43,Yes
CUST-03818,Male,0,Yes,Yes,49,Yes,No,Fiber optic,Yes,No,Month-to-month,No,Credit card,64.81,3175.69,No
CUST-03819,Male,0,No,No,54,Yes,Yes,DSL,Yes,Yes,One year,Yes,Mailed check,108.87,5914.16,No
CUST-03820,Male,0,No,No,3,Yes,Yes,Fiber optic,No,No,Two year,Yes,Credit card,20.97,62.91,Yes
CUST-03821,Female,0,No,No,18,Yes,No,DSL,Yes,No,Month-to-month,No,Credit card,44.46,800.28,Yes
CUST-03822,Female,0,Yes,No,36,Yes,Yes,Fiber optic,No,Yes,One year,Yes,Credit card,73.67,2652.12,Yes
CUST-03823,Male,0,Yes,No,3,Yes,Yes,Fiber optic,No internet service,No,Two year,No,Bank transfer,50.97,227.71,Yes
CUST-03824,Male,0,No,No,36,Yes,Yes,Fiber optic,Yes,No,Two year,Yes,Bank transfer,93.75,3375.0,No
CUST-03825,Female,0,Yes,Yes,50,Yes,No,Fiber optic,Yes,No,One year,No,Credit card,88.22,4411.0,No
CUST-03826,Female,1,Yes,Yes,31,Yes,No phone service,Fiber optic,No internet service,No,Month-to-month,Yes,Electronic check,20.6,646.77,Yes
CUST-03827,Male,0,Yes,Yes,44,Yes,No,No,No,Yes,Month-to-month,Yes,Electronic check,79.25,3520.45,Yes
CUST-03828,Male,0,No,No,11,Yes,Yes,DSL,No,No,Month-to-month,No,Mailed check,103.26,1135.86,Yes
CUST-03829,Female,0,Yes,No,40,No,Yes,DSL,No internet service,No,Two year,Yes,Electronic check,50.19,2007.6,No
CUST-03830,Female,0,No,Yes,55,Yes,No phone service,Fiber optic,No,No internet service,Month-to-month,Yes,Mailed check,32.21,1832.95,No
CUST-03831,Female,0,Yes,No,13,Yes,No,Fiber optic,No internet service,No,One year,Yes,Mailed check,93.31,1213.03,No
CUST-03832,Female,0,No,No,53,Yes,Yes,Fiber optic,Yes,Yes,One year,No,Mailed check,109.84,5844.15,No
CUST-03833,Female,0,No,No,62,Yes,No,Fiber optic,No,No,Month-to-month,Yes,Bank transfer,85.0,5270.0,No
CUST-03834,Male,0,Yes,No,64,Yes,Yes,DSL,No,No internet service,Month-to-month,No,Credit card,104.3,6713.37,No
CUST-03835,Female,0,No,No,57,Yes,No,DSL,No,Yes,Two year,No,Electronic check,119.86,6832.02,No
CUST-03836,Male,0,Yes,No,20,Yes,Yes,DSL,Yes,No internet service,One year,Yes,Credit card,68.94,1394.42,No
CUST-03837,Female,0,Yes,No,3,Yes,No phone service,No,No internet service,No,Month-to-month,Yes,Credit card,113.4,371.63,Yes
CUST-03838,Male,0,No,No,72,Yes,No,No,No internet service,No internet service,Month-to-month,Yes,Bank transfer,53.12,3838.79,No
CUST-03839,Female,0,Yes,No,45,Yes,Yes,DSL,Yes,No,Month-to-month,No,Mailed check,94.06,4255.3,No
CUST-03840,Female,0,Yes,Yes,11,Yes,No,DSL,No,No,Month-to-month,Yes,Credit card,109.95,1209.45,Yes
CUST-03841,Male,0,Yes,No,29,Yes,Yes,DSL,No,No internet service,Month-to-month,Yes,Mailed check,71.13,2062.77,No
CUST-03842,Male,0,Yes,No,59,Yes,Yes,DSL,No,No internet service,Month-to-month,No,Bank transfer,81.9,4832.1,No
CUST-03843,Female,0,No,No,70,Yes,No,No,No,Yes,Month-to-month,Yes,Credit card,116.99,8189.3,No
CUST-03844,Female,0,Yes,No,64,Yes,No,DSL,No,No internet service,Month-to-month,Yes,Electronic check,43.62,2791.68,Yes
CUST-03845,Female,0,No,No,13,Yes,Yes,DSL,No,No,Month-to-month,No,Credit card,54.31,753.66,Yes
CUST-03846,Female,0,No,No,43,Yes,No,Fiber optic,No,No internet service,Two year,No,Bank transfer,96.77,4161.11,Yes
CUST-03847,Female,1,Yes,Yes,25,Yes,No,DSL,No,No,Two year,Yes,Bank transfer,52.78,1342.99,No
CUST-03848,Male,0,Yes,No,15,No,No,Fiber optic,Yes,Yes,Month-to-month,No,Credit card,69.08,1036.2,No
CUST-03849,Male,0,No,Yes,6,Yes,Yes,Fiber optic,Yes,No,Month-to-month,No,Electronic check,23.15,163.24,Yes
CUST-03850,Female,0,Yes,Yes,31,Yes,Yes,Fiber optic,No,No internet service,Two year,Yes,Mailed check,75.68,2424.25,No
CUST-03851,Male,0,Yes,No,15,No,Yes,DSL,No,No,Two year,Yes,Credit card,81.93,1238.65,No
CUST-03852,Male,0,Yes,Yes,61,Yes,Yes,Fiber optic,No,No internet service,Month-to-month,No,Credit card,26.43,1657.66,Yes
CUST-03853,Male,0,No,No,29,Yes,No,Fiber optic,No,Yes,One year,No,Electronic check,42.88,1243.52,No
CUST-03854,Female,1,No,No,70,Yes,No phone service,DSL,No internet service,Yes,Month-to-month,No,Electronic check,62.19,4353.3,No
CUST-03855,Male,1,Yes,No,11,Yes,Yes,DSL,No,No,Two year,Yes,Bank transfer,97.69,1131.77,Yes
CUST-03856,Female,0,Yes,Yes,66,No,No,DSL,No internet service,No,Two year,Yes,Mailed check,20.21,1439.01,No
CUST-03857,Male,0,No,No,45,Yes,Yes,Fiber optic,Yes,Yes,One year,Yes,Mailed check,51.8,2371.65,Yes
CUST-03858,Female,1,No,No,42,Yes,Yes,DSL,No,No,Two year,Yes,Credit card,18.5,777.0,No
CUST-03859,Male,0,No,No,54,Yes,No,DSL,No,Yes,Month-to-month,Yes,Mailed check,71.17,3843.18,No
CUST-03860,Female,0,No,No,44,Yes,No,DSL,No,No,Month-to-month,No,Bank transfer,68.88,3030.72,Yes
CUST-03861,Female,0,Yes,Yes,59,Yes,No,Fiber optic,No internet service,Yes,Month-to-month,Yes,Bank transfer,95.05,5629.6,Yes
CUST-03862,Male,0,No,No,70,Yes,No,DSL,Yes,No internet service,Month-to-month,Yes,Electronic check,18.4,1288.0,No
CUST-03863,Female,0,Yes,No,31,Yes,Yes,Fiber optic,Yes,No internet service,Two year,No,Electronic check,95.39,2986.94,Yes
CUST-03864,Female,0,Yes,Yes,7,Yes,No,Fiber optic,No,No internet service,One year,Yes,Bank transfer,108.91,762.37,No
CUST-03865,Female,0,No,No,61,Yes,No,Fiber optic,No,No,Two year,Yes,Electronic check,50.38,3123.51,No
CUST-03866,Female,0,Yes,No,19,Yes,No,Fiber optic,Yes,No internet service,Month-to-month,Yes,Bank transfer,52.04,997.31,Yes
CUST-03867,Female,0,No,Yes,17,Yes,No phone service,Fiber optic,No internet service,No,Two year,Yes,Electronic check,18.11,342.53,No
CUST-03868,Female,0,Yes,No,5,Yes,Yes,No,Yes,Yes,Month-to-month,No,Credit card,61.77,308.85,No
CUST-03869,Female,0,No,Yes,28,Yes,No,Fiber optic,Yes,Yes,Month-to-month,No,Mailed check,80.53,2269.98,No
CUST-03870,Female,0,No,No,3,Yes,Yes,Fiber optic,No,No,One year,Yes,Bank transfer,30.51,91.53,Yes
CUST-03871,Male,0,Yes,No,70,Yes,No,Fiber optic,No internet service,No,Month-to-month,No,Electronic check,85.03,5952.85,No
CUST-03872,Male,1,No,No,42,Yes,No,Fiber optic,No,No internet service,Two year,Yes,Bank transfer,55.31,2323.02,No
CUST-03873,Female,1,Yes,No,33,Yes,Yes,DSL,No,No internet service,Month-to-month,Yes,Credit card,86.65,2859.45,No
CUST-03874,Female,0,No,Yes,70,Yes,No phone service,DSL,Yes,No internet service,Month-to-month,Yes,Bank transfer,43.61,3052.7,No
CUST-03875,Male,0,Yes,Yes,32,Yes,Yes,Fiber optic,Yes,No,Two year,No,Electronic check,97.01,3136.56,Yes
CUST-03876,Male,0,No,Yes,14,Yes,Yes,DSL,Yes,No,Month-to-month,Yes,Electronic check,73.98,1105.0,No
CUST-03877,Male,0,Yes,No,39,Yes,No,DSL,No internet service,No,Month-to-month,Yes,Bank transfer,72.39,2823.21,No
CUST-03878,Female,1,Yes,No,4,Yes,Yes,DSL,Yes,No internet service,Month-to-month,No,Bank transfer,67.79,324.37,No
CUST-03879,Male,1,Yes,No,49,Yes,Yes,No,No internet service,No internet service,Month-to-month,Yes,Electronic check,103.88,5152.98,Yes
CUST-03880,Female,0,Yes,Yes,65,Yes,No,DSL,Yes,Yes,Month-to-month,No,Credit card,74.53,4844.45,No
CUST-03881,Female,0,No,No,53,No,No,Fiber optic,No internet service,No,Two year,Yes,Credit card,34.28,1830.89,No
CUST-03882,Male,0,No,No,45,Yes,No phone service,No,No,No,Two year,Yes,Credit card,81.83,3723.77,No
CUST-03883,Female,0,No,No,10,Yes,No,Fiber optic,No,No,Month-to-month,No,Mailed check,70.44,704.4,Yes
CUST-03884,Female,0,Yes,No,48,No,No,Fiber optic,No,Yes,Month-to-month,Yes,Mailed check,25.03,1201.44,Yes
CUST-03885,Female,0,No,Yes,22,Yes,No phone service,Fiber optic,Yes,No,Two year,No,Mailed check,77.27,1726.76,No
CUST-03886,Female,0,Yes,Yes,54,Yes,No,Fiber optic,Yes,No,One year,Yes,Bank transfer,26.1,1409.4,No
CUST-03887,Male,0,No,No,4,Yes,Yes,DSL,No internet service,Yes,Two year,Yes,Mailed check,91.93,367.72,No
CUST-03888,Male,0,No,No,63,Yes,No,No,Yes,No,One year,Yes,Bank transfer,84.79,5341.77,No
CUST-03889,Female,0,Yes,Yes,34,Yes,Yes,DSL,Yes,No internet service,Two year,No,Credit card,68.31,2322.54,No
CUST-03890,Female,0,Yes,Yes,68,Yes,Yes,No,No,No,Two year,Yes,Electronic check,94.38,6417.84,No
CUST-03891,Male,0,Yes,No,53,Yes,No,DSL,No internet service,No internet service,Two year,No,Mailed check,46.64,2471.92,No
CUST-03892,Female,0,No,No,2,Yes,No phone service,Fiber optic,No,No,Month-to-month,No,Electronic check,63.54,127.08,Yes
CUST-03893,Male,0,No,Yes,5,Yes,No,Fiber optic,No,No,Month-to-month,No,Mailed check,19.56,97.8,Yes
CUST-03894,Female,1,No,No,55,Yes,Yes,No,No internet service,No internet service,One year,No,Mailed check,118.81,6534.55,No
CUST-03895,Female,0,Yes,No,1,Yes,No,Fiber optic,No,No internet service,Month-to-month,Yes,Electronic check,23.74,23.74,Yes
CUST-03896,Male,0,No,No,37,Yes,Yes,No,No internet service,No,Month-to-month,No,Credit card,28.65,1060.05,Yes
CUST-03897,Male,0,No,No,55,Yes,Yes,Fiber optic,Yes,Yes,Two year,Yes,Credit card,68.48,3766.4,No
CUST-03898,Male,0,Yes,Yes,4,Yes,No,Fiber optic,No,Yes,Month-to-month,No,Credit card,56.34,267.72,Yes
CUST-03899,Male,1,No,No,45,Yes,Yes,Fiber optic,No internet service,No,Month-to-month,Yes,Electronic check,72.3,3316.47,No
CUST-03900,Female,0,Yes,No,10,Yes,Yes,DSL,No,Yes,Month-to-month,No,Bank transfer,103.17,1095.45,No
CUST-03901,Male,1,Yes,No,64,Yes,No,Fiber optic,No,No,Month-to-month,No,Electronic check,34.18,2187.52,No
CUST-03902,Female,0,No,No,9,Yes,No,DSL,No,Yes,Two year,No,Bank transfer,83.23,749.07,Yes
CUST-03903,Male,1,Yes,No,40,Yes,Yes,Fiber optic,No,No internet service,Two year,Yes,Credit card,19.84,793.6,No
CUST-03904,Male,0,No,No,43,Yes,No,No,Yes,No internet service,Two year,No,Bank transfer,98.58,4238.94,Yes
CUST-03905,Female,1,No,No,32,Yes,Yes,No,No,No internet service,Month-to-month,Yes,Credit card,101.19,3273.0,No
CUST-03906,Male,0,Yes,Yes,55,Yes,No phone service,Fiber optic,No,No internet service,Month-to-month,No,Credit card,56.7,3118.5,No
CUST-03907,Male,0,No,Yes,11,Yes,Yes,Fiber optic,No,No internet service,Month-to-month,Yes,Credit card,35.68,392.48,No
CUST-03908,Male,0,No,No,1,Yes,No phone service,Fiber optic,No,No,Month-to-month,No,Credit card,100.73,100.73,Yes
CUST-03909,Male,1,Yes,No,0,No,No,No,No,No internet service,One year,Yes,Electronic check,110.74,0.0,No
CUST-03910,Female,0,Yes,No,64,Yes,No,No,Yes,No,Month-to-month,No,Mailed check,25.68,1643.52,Yes
CUST-03911,Female,0,Yes,No,32,Yes,Yes,Fiber optic,Yes,No internet service,Month-to-month,Yes,Mailed check,77.14,2475.75,Yes
CUST-03912,Male,1,Yes,No,35,No,No,Fiber optic,No,No,Month-to-month,No,Mailed check,113.69,4009.91,Yes
CUST-03913,Male,0,Yes,No,20,Yes,Yes,DSL,No internet service,No,Month-to-month,Yes,Electronic check,83.66,1688.98,Yes
CUST-03914,Male,0,Yes,No,35,Yes,Yes,DSL,Yes,No,Two year,No,Credit card,101.67,3558.45,No
CUST-03915,Female,0,Yes,No,25,Yes,Yes,No,No,Yes,Month-to-month,Yes,Credit card,41.44,1036.0,No
CUST-03916,Female,0,No,No,46,Yes,No,No,No,No internet service,Month-to-month,No,Credit card,28.44,1394.78,Yes
CUST-03917,Female,1,Yes,No,0,Yes,Yes,Fiber optic,Yes,No,Month-to-month,Yes,Mailed check,56.37,47.15,Yes
CUST-03918,Female,0,No,No,37,Yes,No phone service,No,Yes,No,Month-to-month,Yes,Credit card,58.3,2251.41,No
CUST-03919,Male,0,No,No,13,Yes,Yes,Fiber optic,No,No,Month-to-month,No,Bank transfer,98.19,1298.67,Yes
CUST-03920,Male,1,No,No,45,No,No,Fiber optic,Yes,No,One year,No,Electronic check,59.44,2745.37,No
CUST-03921,Male,0,Yes,Yes,41,No,Yes,Fiber optic,No,No internet service,One year,No,Credit card,42.13,1727.33,No
CUST-03922,Female,0,No,Yes,6,Yes,Yes,Fiber optic,No,No internet service,Month-to-month,Yes,Credit card,108.41,650.46,Yes
CUST-03923,Male,0,No,No,54,Yes,Yes,Fiber optic,No,Yes,Month-to-month,No,Credit card,97.83,5282.82,No
CUST-03924,Female,0,No,No,55,Yes,No phone service,DSL,No,No,Two year,No,Bank transfer,86.06,4739.81,No
CUST-03925,Female,0,Yes,No,62,Yes,Yes,Fiber optic,No,Yes,Two year,Yes,Credit card,39.13,2426.06,No
CUST-03926,Male,1,Yes,Yes,23,Yes,No,Fiber optic,No internet service,Yes,Month-to-month,Yes,Mailed check,38.89,945.34,No
CUST-03927,Male,0,No,No,72,Yes,Yes,No,Yes,Yes,Month-to-month,Yes,Credit card,68.12,4951.29,No
CUST-03928,Male,0,Yes,No,3,Yes,No,Fiber optic,No,Yes,Month-to-month,Yes,Mailed check,72.15,264.68,Yes
CUST-03929,Female,0,Yes,No,41,No,Yes,DSL,No,No,One year,Yes,Mailed check,44.12,1842.9,Yes
CUST-03930,Female,0,Yes,Yes,69,Yes,Yes,Fiber optic,No,No internet service,Two year,No,Credit card,30.58,2125.44,No
CUST-03931,Male,1,No,No,27,Yes,No,DSL,No,No,One year,Yes,Bank transfer,55.05,1568.42,Yes
CUST-03932,Male,1,No,No,39,Yes,Yes,DSL,Yes,No,Month-to-month,No,Mailed check,61.77,2498.25,No
CUST-03933,Female,0,Yes,Yes,50,Yes,No,Fiber optic,Yes,Yes,One year,Yes,Credit card,23.36,1168.0,No
CUST-03934,Male,0,No,No,28,Yes,Yes,DSL,No,No internet service,Two year,Yes,Credit card,75.59,2116.52,No
CUST-03935,Female,0,No,No,41,Yes,No,Fiber optic,No,No internet service,Month-to-month,Yes,Bank transfer,18.21,807.17,Yes
CUST-03936,Female,0,No,No,68,No,Yes,Fiber optic,No internet service,No,Two year,No,Credit card,33.42,2366.47,No
CUST-03937,Male,0,No,No,4,Yes,Yes,DSL,No internet service,Yes,One year,Yes,Electronic check,32.99,256.9,Yes
CUST-03938,Male,0,No,No,40,No,No,Fiber optic,No internet service,Yes,Month-to-month,Yes,Electronic check,88.13,3556.9,Yes
CUST-03939,Male,0,No,No,60,Yes,Yes,DSL,Yes,No,Month-to-month,Yes,Electronic check,67.56,4053.6,Yes
CUST-03940,Male,0,Yes,No,54,Yes,No,DSL,Yes,No,Month-to-month,Yes,Credit card,103.28,5577.12,No
CUST-03941,Female,0,No,Yes,27,Yes,No,DSL,No internet service,No internet service,One year,No,Mailed check,45.01,1215.27,Yes
CUST-03942,Female,0,Yes,Yes,40,Yes,No phone service,DSL,No internet service,Yes,One year,No,Bank transfer,39.48,1579.2,No
CUST-03943,Female,0,Yes,No,8,Yes,Yes,Fiber optic,Yes,Yes,Month-to-month,Yes,Credit card,99.9,799.2,Yes
CUST-03944,Male,0,No,Yes,28,Yes,No,Fiber optic,No,Yes,Month-to-month,Yes,Mailed check,63.31,1820.81,Yes
CUST-03945,Female,0,No,No,37,Yes,Yes,Fiber optic,No,No,Two year,No,Credit card,45.97,1700.89,No
CUST-03946,Male,1,No,No,61,Yes,Yes,DSL,Yes,Yes,Month-to-month,Yes,Electronic check,60.66,3700.26,No
CUST-03947,Male,0,Yes,No,53,Yes,No,DSL,No internet service,Yes,Month-to-month,No,Electronic check,61.38,3332.69,No
CUST-03948,Male,0,Yes,No,51,Yes,Yes,Fiber optic,No internet service,No,Month-to-month,Yes,Mailed check,76.35,3893.85,Yes
CUST-03949,Male,0,No,No,33,Yes,No,DSL,No internet service,Yes,Month-to-month,Yes,Mailed check,21.84,720.72,Yes
CUST-03950,Male,1,Yes,No,36,Yes,No,Fiber optic,No,No internet service,Two year,Yes,Mailed check,43.29,1598.67,No
CUST-03951,Male,1,No,Yes,48,Yes,No,DSL,No internet service,No internet service,Month-to-month,No,Bank transfer,65.62,3149.76,No
CUST-03952,Female,0,Yes,Yes,41,Yes,Yes,No,No,Yes,Month-to-month,Yes,Mailed check,73.31,3005.71,No
CUST-03953,Male,0,Yes,No,13,No,Yes,DSL,No internet service,No,One year,Yes,Electronic check,34.19,460.81,No
CUST-03954,Female,1,No,Yes,32,Yes,Yes,Fiber optic,No internet service,Yes,One year,Yes,Electronic check,37.75,1208.0,No
CUST-03955,Female,0,Yes,No,16,No,Yes,DSL,No,No internet service,Month-to-month,Yes,Bank transfer,92.22,1475.52,Yes
CUST-03956,Male,0,Yes,No,31,Yes,Yes,Fiber optic,No,No,Month-to-month,Yes,Credit card,98.13,3042.03,Yes
CUST-03957,Male,0,Yes,No,67,Yes,No,Fiber optic,No internet service,No,Month-to-month,Yes,Mailed check,25.66,1719.22,Yes
CUST-03958,Male,0,No,Yes,38,Yes,No,DSL,Yes,No,Two year,No,Bank transfer,118.99,4564.87,No
CUST-03959,Female,0,No,No,9,Yes,Yes,DSL,Yes,Yes,One year,Yes,Credit card,62.18,559.62,No
CUST-03960,Male,0,Yes,Yes,23,Yes,No,No,No,No internet service,Two year,Yes,Credit card,77.75,1788.25,No
CUST-03961,Female,0,Yes,No,57,No,No phone service,No,No internet service,No internet service,Month-to-month,No,Mailed check,78.55,4477.35,No
CUST-03962,Male,1,No,Yes,68,Yes,Yes,Fiber optic,Yes,No internet service,Month-to-month,No,Electronic check,53.29,3665.82,No
CUST-03963,Male,0,Yes,No,63,Yes,Yes,No,No internet service,No,One year,No,Mailed check,73.57,4634.91,No
CUST-03964,Female,0,No,Yes,18,Yes,No,DSL,No internet service,No,Month-to-month,No,Mailed check,77.51,1461.71,No
CUST-03965,Female,0,Yes,Yes,7,Yes,Yes,Fiber optic,No,No,One year,No,Electronic check,95.6,713.14,Yes
CUST-03966,Male,0,Yes,No,70,No,No,DSL,Yes,No,Month-to-month,Yes,Electronic check,85.5,6040.7,No
CUST-03967,Female,0,No,Yes,39,Yes,Yes,Fiber optic,No,Yes,Month-to-month,No,Electronic check,63.56,2478.84,Yes
CUST-03968,Female,1,Yes,No,12,Yes,Yes,Fiber optic,Yes,No internet service,One year,Yes,Credit card,37.52,450.24,No
CUST-03969,Female,0,No,Yes,26,Yes,Yes,DSL,No,No,Month-to-month,Yes,Credit card,20.57,534.82,Yes
CUST-03970,Female,0,Yes,No,1,Yes,Yes,Fiber optic,No,No,Two year,Yes,Mailed check,84.49,84.49,No
CUST-03971,Female,0,Yes,No,15,Yes,Yes,Fiber optic,No,Yes,Two year,No,Bank transfer,66.73,1029.05,No
CUST-03972,Male,0,No,Yes,13,No,Yes,Fiber optic,No,No,One year,No,Mailed check,116.48,1527.54,No
CUST-03973,Male,1,Yes,No,16,No,Yes,No,No,Yes,Month-to-month,No,Bank transfer,28.03,448.48,No
CUST-03974,Female,0,No,No,59,Yes,No,No,No,No internet service,Two year,Yes,Mailed check,25.41,1499.19,No
CUST-03975,Male,1,Yes,Yes,69,Yes,Yes,DSL,Yes,Yes,Month-to-month,Yes,Mailed check,36.49,2573.44,No
CUST-03976,Male,0,No,Yes,16,Yes,No,Fiber optic,No,Yes,Month-to-month,No,Mailed check,56.44,927.49,Yes
CUST-03977,Female,0,No,No,44,Yes,Yes,Fiber optic,No,No,Month-to-month,No,Credit card,35.87,1652.11,Yes
CUST-03978,Male,0,Yes,No,37,Yes,Yes,DSL,No,No,One year,Yes,Mailed check,65.31,2416.47,No
CUST-03979,Female,0,No,No,63,Yes,Yes,No,Yes,No,Two year,Yes,Bank transfer,52.65,3316.95,No
CUST-03980,Female,0,No,No,5,Yes,No,DSL,Yes,Yes,Two year,No,Credit card,119.95,617.95,No
CUST-03981,Male,0,Yes,No,59,Yes,No,DSL,No internet service,No,Two year,Yes,Mailed check,116.6,6919.11,No
CUST-03982,Female,0,No,Yes,48,Yes,Yes,DSL,No,No,Two year,Yes,Electronic check,55.21,2665.11,No
CUST-03983,Female,0,No,No,20,Yes,Yes,DSL,No internet service,No,Month-to-month,No,Credit card,98.79,1975.8,Yes
CUST-03984,Female,0,Yes,No,22,Yes,No phone service,DSL,No internet service,No,Month-to-month,Yes,Electronic check,42.65,1085.6,Yes
CUST-03985,Female,0,Yes,No,56,Yes,No,Fiber optic,No,Yes,Month-to-month,Yes,Mailed check,23.89,1440.27,No
CUST-03986,Female,1,Yes,No,63,Yes,Yes,Fiber optic,No,No,One year,No,Bank transfer,22.13,1394.19,No
CUST-03987,Male,0,Yes,No,28,Yes,No,Fiber optic,Yes,No,Month-to-month,No,Electronic check,20.98,587.44,Yes
CUST-03988,Male,0,No,No,26,Yes,Yes,DSL,No,No internet service,One year,Yes,Electronic check,93.07,2419.82,No
CUST-03989,Female,0,No,No,5,Yes,Yes,Fiber optic,No internet service,No,Two year,Yes,Credit card,52.91,334.3,Yes
CUST-03990,Female,0,No,Yes,20,Yes,No,Fiber optic,No internet service,No,Month-to-month,Yes,Electronic check,102.03,2086.0,Yes
CUST-03991,Male,0,Yes,Yes,70,Yes,No,Fiber optic,No,No internet service,Month-to-month,Yes,Mailed check,107.13,7536.22,No
CUST-03992,Female,0,Yes,No,40,Yes,Yes,DSL,No,Yes,Month-to-month,No,Credit card,49.16,1966.4,Yes
CUST-03993,Male,0,No,No,4,No,No,DSL,No internet service,No,Two year,Yes,Electronic check,47.49,233.87,No
CUST-03994,Female,1,No,Yes,14,Yes,No,DSL,Yes,No internet service,Month-to-month,No,Bank transfer,49.41,709.97,No
CUST-03995,Female,0,No,No,20,Yes,Yes,Fiber optic,No,Yes,Two year,No,Credit card,66.5,1330.0,No
CUST-03996,Female,0,Yes,No,57,Yes,Yes,DSL,No,No internet service,Two year,Yes,Bank transfer,19.63,1137.97,No
CUST-03997,Female,0,Yes,Yes,3,Yes,No,Fiber optic,Yes,No internet service,Month-to-month,Yes,Bank transfer,19.11,137.2,No
CUST-03998,Female,0,Yes,Yes,68,Yes,Yes,Fiber optic,No,Yes,Two year,No,Credit card,93.02,6365.22,No
CUST-03999,Female,0,No,No,6,Yes,No,No,Yes,Yes,Month-to-month,No,Electronic check,100.44,602.64,Yes
CUST-04000,Female,0,Yes,No,34,Yes,Yes,No,Yes,Yes,Month-to-month,Yes,Electronic check,38.82,1319.88,No
CUST-04001,Male,0,No,No,35,Yes,Yes,No,No,No,Month-to-month,No,Bank transfer,78.58,2788.25,Yes
CUST-04002,Male,0,No,No,14,Yes,No,No,No,No internet service,Two year,No,Electronic check,40.03,560.42,No
CUST-04003,Male,0,Yes,No,1,Yes,No phone service,Fiber optic,No,No,Month-to-month,Yes,Credit card,92.89,111.11,Yes
CUST-04004,Female,0,No,Yes,56,Yes,No,No,Yes,No,Month-to-month,Yes,Bank transfer,60.89,3409.84,Yes
CUST-04005,Female,0,No,No,4,Yes,No,Fiber optic,No,Yes,One year,Yes,Mailed check,101.92,448.62,Yes
CUST-04006,Female,0,No,No,70,Yes,No,Fiber optic,No,No,Month-to-month,No,Mailed check,114.75,8032.5,Yes
CUST-04007,Female,1,Yes,No,31,Yes,No,Fiber optic,No internet service,No internet service,Month-to-month,Yes,Mailed check,74.66,2329.86,Yes
CUST-04008,Female,1,Yes,Yes,71,No,Yes,Fiber optic,No,No,Two year,Yes,Electronic check,109.87,7800.77,No
CUST-04009,Female,0,Yes,Yes,40,Yes,Yes,No,No internet service,No,Month-to-month,Yes,Mailed check,21.45,858.0,No
CUST-04010,Female,0,Yes,No,41,Yes,No,DSL,No internet service,No,Month-to-month,No,Mailed check,65.19,2679.02,No
CUST-04011,Male,0,No,No,64,Yes,Yes,DSL,No internet service,Yes,Month-to-month,Yes,Bank transfer,69.36,4495.49,Yes
CUST-04012,Female,1,No,No,39,Yes,Yes,No,No internet service,Yes,Two year,No,Credit card,60.41,2355.99,No
CUST-04013,Male,0,Yes,No,37,Yes,No,Fiber optic,Yes,Yes,Month-to-month,Yes,Bank transfer,50.11,1903.28,Yes
CUST-04014,Male,0,No,No,41,Yes,Yes,No,No,No,Month-to-month,No,Bank transfer,91.74,3761.34,Yes
CUST-04015,Female,0,No,No,36,Yes,Yes,No,No internet service,No,Two year,No,Mailed check,74.37,2677.32,No
CUST-04016,Female,1,Yes,No,55,Yes,Yes,DSL,Yes,No internet service,Month-to-month,Yes,Bank transfer,26.41,1475.68,Yes
CUST-04017,Male,0,Yes,No,70,Yes,Yes,DSL,Yes,Yes,One year,Yes,Mailed check,114.97,8047.9,No
CUST-04018,Male,1,No,No,54,Yes,No,Fiber optic,No,Yes,Two year,Yes,Electronic check,108.53,5860.62,No
CUST-04019,Female,0,No,Yes,53,Yes,No,No,No internet service,No,Month-to-month,Yes,Mailed check,54.05,2864.65,No
CUST-04020,Female,0,No,Yes,21,Yes,No,DSL,No internet service,No internet service,Month-to-month,No,Credit card,43.11,905.31,No
CUST-04021,Male,0,Yes,No,26,Yes,No,DSL,No internet service,No,Month-to-month,Yes,Bank transfer,82.1,2150.2,Yes
CUST-04022,Female,0,Yes,No,46,Yes,No,DSL,No,No internet service,One year,No,Credit card,22.42,1031.32,No
CUST-04023,Female,0,Yes,No,37,Yes,No,Fiber optic,No,Yes,Month-to-month,Yes,Credit card,68.59,2537.83,Yes
CUST-04024,Female,0,No,No,38,Yes,Yes,DSL,No,No,One year,Yes,Bank transfer,86.61,3291.18,No
CUST-04025,Male,1,No,No,14,Yes,No,No,No internet service,No,Month-to-month,Yes,Bank transfer,59.48,832.72,No
CUST-04026,Male,0,Yes,No,65,Yes,No,Fiber optic,No,Yes,Month-to-month,Yes,Bank transfer,117.17,7616.05,Yes
CUST-04027,Male,0,No,No,60,No,No phone service,No,No internet service,Yes,Month-to-month,Yes,Credit card,91.32,5527.66,No
CUST-04028,Female,0,No,Yes,59,Yes,No,Fiber optic,Yes,No internet service,Month-to-month,Yes,Electronic check,113.27,6682.93,No
CUST-04029,Female,1,No,No,7,No,Yes,Fiber optic,No internet service,Yes,Month-to-month,Yes,Credit card,110.6,887.79,Yes
CUST-04030,Male,0,No,No,43,Yes,Yes,Fiber optic,No internet service,No,Month-to-month,No,Electronic check,31.43,1389.56,Yes
CUST-04031,Male,1,Yes,No,42,Yes,No,Fiber optic,Yes,No internet service,Two year,No,Mailed check,86.2,3661.03,No
CUST-04032,Male,1,No,No,5,Yes,Yes,DSL,No,Yes,Month-to-month,No,Bank transfer,78.86,401.87,Yes
CUST-04033,Female,0,Yes,Yes,26,Yes,Yes,Fiber optic,No internet service,No internet service,Two year,No,Credit card,23.59,683.48,No
CUST-04034,Male,0,Yes,No,44,No,Yes,Fiber optic,No,No internet service,Month-to-month,No,Electronic check,50.42,2280.92,Yes
CUST-04035,Male,0,No,No,22,Yes,Yes,DSL,Yes,Yes,Month-to-month,Yes,Electronic check,72.53,1607.01,No
CUST-04036,Female,0,No,No,12,Yes,No,DSL,No internet service,Yes,Two year,Yes,Electronic check,73.91,886.92,No
CUST-04037,Female,1,No,No,67,Yes,No,DSL,No,No internet service,Month-to-month,Yes,Bank transfer,101.04,6769.68,No
CUST-04038,Female,0,No,No,63,Yes,No phone service,DSL,No,No,One year,Yes,Electronic check,77.94,4910.22,No
CUST-04039,Male,0,No,No,24,Yes,Yes,Fiber optic,No,No internet service,Month-to-month,No,Bank transfer,65.58,1585.47,Yes
CUST-04040,Female,0,No,Yes,51,No,Yes,DSL,No internet service,No internet service,Month-to-month,Yes,Credit card,94.7,4829.7,Yes
CUST-04041,Female,0,Yes,No,47,Yes,No,DSL,No internet service,No,One year,No,Electronic check,76.23,3603.99,Yes
CUST-04042,Male,1,No,No,60,Yes,Yes,Fiber optic,No,Yes,Month-to-month,Yes,Electronic check,108.14,6493.81,No
CUST-04043,Female,0,No,No,16,Yes,No phone service,No,No internet service,No,One year,No,Bank transfer,110.36,1765.76,No
CUST-04044,Male,0,Yes,No,39,Yes,Yes,DSL,Yes,No internet service,One year,No,Bank transfer,79.65,3109.21,No
CUST-04045,Male,0,Yes,No,68,Yes,No phone service,DSL,No internet service,Yes,Month-to-month,Yes,Credit card,75.56,5138.08,No
CUST-04046,Female,0,No,No,25,Yes,Yes,Fiber optic,Yes,No internet service,Two year,Yes,Bank transfer,89.53,2317.8,No
CUST-04047,Female,0,No,Yes,55,Yes,No,Fiber optic,No internet service,Yes,Month-to-month,No,Credit card,92.0,5060.0,No
CUST-04048,Female,0,No,No,39,Yes,No,Fiber optic,Yes,Yes,Month-to-month,No,Credit card,92.17,3603.32,No
CUST-04049,Female,0,No,Yes,67,No,No phone service,Fiber optic,No,No,Two year,No,Electronic check,81.31,5453.09,No
CUST-04050,Female,0,Yes,Yes,7,Yes,No,Fiber optic,No internet service,No internet service,Month-to-month,No,Mailed check,95.81,670.67,Yes
CUST-04051,Female,0,No,No,72,Yes,No,No,No,No,Two year,Yes,Mailed check,32.7,2359.25,No
CUST-04052,Male,0,No,Yes,44,Yes,No,No,Yes,No,One year,Yes,Bank transfer,101.79,4478.76,Yes
CUST-04053,Male,0,No,No,16,Yes,No,Fiber optic,No,Yes,One year,No,Bank transfer,49.66,794.56,No
CUST-04054,Female,0,No,No,40,Yes,No,No,Yes,No internet service,One year,Yes,Mailed check,108.34,4337.11,Yes
CUST-04055,Male,0,No,No,8,Yes,Yes,Fiber optic,No,No,Month-to-month,Yes,Credit card,31.45,251.6,No
CUST-04056,Female,0,No,No,69,Yes,Yes,Fiber optic,No,No,One year,Yes,Mailed check,18.37,1270.53,No
CUST-04057,Male,0,No,No,23,Yes,Yes,Fiber optic,Yes,Yes,Two year,No,Credit card,19.6,482.69,No
CUST-04058,Male,0,Yes,No,72,Yes,Yes,No,No,No,Month-to-month,No,Credit card,39.44,2897.37,No
CUST-04059,Male,1,No,No,10,Yes,No,No,Yes,No internet service,Month-to-month,Yes,Bank transfer,29.61,397.07,No
CUST-04060,Female,0,Yes,Yes,34,No,Yes,DSL,Yes,No internet service,Month-to-month,Yes,Bank transfer,74.5,2565.39,Yes
CUST-04061,Male,0,Yes,No,28,Yes,No,Fiber optic,No,Yes,Month-to-month,Yes,Bank transfer,63.74,1784.72,Yes
CUST-04062,Female,0,No,No,7,Yes,No,No,No,Yes,One year,No,Mailed check,79.82,558.74,No
CUST-04063,Male,0,Yes,No,16,No,No,Fiber optic,Yes,No internet service,One year,No,Mailed check,37.65,602.4,No
CUST-04064,Male,0,No,No,70,No,No,DSL,No,No,Month-to-month,Yes,Mailed check,94.89,6642.3,No
CUST-04065,Male,0,Yes,No,11,Yes,Yes,DSL,No internet service,No,One year,Yes,Credit card,80.27,882.97,No
CUST-04066,Male,0,Yes,No,49,Yes,No phone service,Fiber optic,No,No internet service,Month-to-month,No,Bank transfer,40.56,2002.27,Yes
CUST-04067,Male,0,No,No,23,Yes,Yes,Fiber optic,No,No,Month-to-month,Yes,Electronic check,58.69,1368.37,No
CUST-04068,Female,0,Yes,No,36,Yes,No,DSL,Yes,Yes,Two year,Yes,Mailed check,91.26,3295.02,No
CUST-04069,Female,0,No,Yes,10,Yes,Yes,Fiber optic,No,No internet service,Month-to-month,Yes,Electronic check,87.4,884.27,No
CUST-04070,Male,0,Yes,No,58,Yes,Yes,No,No internet service,No,Month-to-month,No,Electronic check,75.36,4386.28,No
CUST-04071,Male,0,Yes,Yes,54,Yes,No,DSL,No,No,Month-to-month,Yes,Mailed check,117.86,6425.86,No
CUST-04072,Male,0,Yes,No,26,Yes,No,DSL,No,No,One year,No,Mailed check,31.45,817.7,No
CUST-04073,Male,1,Yes,No,66,Yes,Yes,No,No,No,Month-to-month,Yes,Mailed check,67.8,4474.8,No
CUST-04074,Female,0,No,Yes,59,Yes,No,No,Yes,No internet service,Two year,Yes,Bank transfer,81.65,4894.98,No
CUST-04075,Male,0,Yes,No,1,Yes,No,DSL,Yes,Yes,Two year,Yes,Electronic check,119.39,119.39,Yes
CUST-04076,Female,1,No,No,67,Yes,Yes,Fiber optic,No internet service,No,Month-to-month,No,Credit card,73.34,4981.13,No
CUST-04077,Male,0,No,No,17,Yes,No,Fiber optic,No,No,Month-to-month,No,Electronic check,63.12,1137.64,Yes
CUST-04078,Female,0,No,Yes,19,No,No,DSL,No,Yes,Two year,Yes,Credit card,112.07,2129.33,No
CUST-04079,Male,0,No,No,62,No,No,No,No,No,Two year,Yes,Electronic check,69.65,4330.88,No
CUST-04080,Male,1,Yes,No,71,Yes,No,Fiber optic,Yes,No,One year,Yes,Electronic check,113.8,8109.32,No
CUST-04081,Female,1,Yes,No,1,Yes,No,Fiber optic,No,Yes,Month-to-month,Yes,Bank transfer,94.54,189.78,Yes
CUST-04082,Male,0,No,No,41,Yes,No,DSL,No,Yes,Month-to-month,No,Credit card,35.12,1439.92,No
CUST-04083,Male,0,No,No,27,Yes,Yes,No,No internet service,No internet service,Month-to-month,No,Mailed check,35.08,947.16,No
CUST-04084,Male,0,No,No,28,Yes,Yes,DSL,No internet service,No,Month-to-month,Yes,Mailed check,50.43,1450.08,No
CUST-04085,Female,0,No,No,68,Yes,No phone service,Fiber optic,Yes,No,Month-to-month,No,Bank transfer,24.9,1693.2,Yes
CUST-04086,Male,0,Yes,Yes,27,Yes,Yes,Fiber optic,Yes,No,Two year,No,Mailed check,73.34,1980.64,No
CUST-04087,Male,0,Yes,Yes,59,Yes,Yes,DSL,No,No,One year,Yes,Electronic check,105.69,6235.71,Yes
CUST-04088,Female,0,No,Yes,4,No,No,No,Yes,No,Month-to-month,Yes,Bank transfer,58.8,351.74,No
CUST-04089,Female,0,No,No,14,Yes,Yes,DSL,No,Yes,Month-to-month,Yes,Credit card,84.13,1258.36,Yes
CUST-04090,Female,0,Yes,No,72,Yes,No,Fiber optic,Yes,No internet service,Month-to-month,Yes,Bank transfer,118.11,8503.92,No
CUST-04091,Male,0,No,No,31,Yes,Yes,No,Yes,No,One year,Yes,Electronic check,37.76,1170.56,No
CUST-04092,Male,0,Yes,No,51,Yes,No,Fiber optic,Yes,Yes,Month-to-month,No,Bank transfer,54.52,2780.52,Yes
CUST-04093,Male,1,Yes,No,36,Yes,Yes,DSL,Yes,Yes,Month-to-month,Yes,Electronic check,20.55,768.96,No
CUST-04094,Female,0,No,No,14,No,Yes,No,No,No,Month-to-month,Yes,Bank transfer,41.65,583.1,No
CUST-04095,Male,0,No,Yes,40,Yes,No,Fiber optic,No internet service,No,One year,No,Credit card,97.5,3900.0,Yes
CUST-04096,Male,0,No,Yes,3,Yes,No,DSL,Yes,No,Month-to-month,No,Credit card,84.97,254.91,Yes
CUST-04097,Female,0,Yes,No,52,Yes,Yes,DSL,No,No,Month-to-month,No,Mailed check,97.95,5099.0,No
CUST-04098,Female,1,Yes,No,26,Yes,Yes,Fiber optic,No,No,Two year,No,Electronic check,61.38,1608.24,Yes
CUST-04099,Female,0,No,No,20,Yes,Yes,Fiber optic,No,Yes,One year,Yes,Mailed check,93.03,1958.17,No
CUST-04100,Female,0,Yes,No,59,Yes,Yes,Fiber optic,No internet service,No,Month-to-month,Yes,Bank transfer,79.15,4669.85,Yes
CUST-04101,Female,0,No,No,63,Yes,No,DSL,No,No,Two year,No,Bank transfer,51.5,3272.6,No
CUST-04102,Male,0,No,No,70,Yes,No,Fiber optic,Yes,No internet service,Month-to-month,No,Bank transfer,60.07,4204.9,No
CUST-04103,Female,0,No,No,46,Yes,Yes,DSL,Yes,No,Month-to-month,Yes,Bank transfer,73.22,3368.12,No
CUST-04104,Male,0,Yes,Yes,53,Yes,Yes,DSL,No,No,Two year,Yes,Credit card,115.56,6147.35,Yes
CUST-04105,Male,0,No,No,30,Yes,No,No,No internet service,Yes,Two year,Yes,Bank transfer,113.0,3441.2,No
CUST-04106,Female,0,Yes,No,16,Yes,Yes,DSL,Yes,No internet service,Month-to-month,No,Credit card,118.62,1897.92,Yes
CUST-04107,Female,0,Yes,No,49,Yes,No,DSL,No,No,Two year,No,Mailed check,19.67,963.83,No
CUST-04108,Female,1,Yes,Yes,6,No,No,No,No,Yes,Month-to-month,No,Credit card,91.15,586.06,Yes
CUST-04109,Male,0,Yes,No,27,Yes,Yes,DSL,No,No,Two year,Yes,Credit card,109.25,2976.46,No
CUST-04110,Female,1,No,No,9,Yes,Yes,Fiber optic,No,No internet service,Month-to-month,Yes,Electronic check,93.41,871.95,Yes
CUST-04111,Female,0,Yes,No,26,Yes,Yes,No,No,No,Month-to-month,Yes,Bank transfer,60.47,1661.59,Yes
CUST-04112,Female,0,Yes,Yes,12,Yes,No,DSL,Yes,No,Month-to-month,Yes,Bank transfer,91.93,1103.16,No
CUST-04113,Female,0,No,Yes,65,No,No,No,No,No,Two year,No,Bank transfer,63.3,4152.34,No
CUST-04114,Female,0,Yes,No,59,Yes,No,Fiber optic,No internet service,No,Two year,Yes,Mailed check,90.85,5392.09,No
CUST-04115,Male,0,No,No,42,Yes,No phone service,Fiber optic,No,No,Two year,Yes,Bank transfer,97.6,4099.2,No
CUST-04116,Male,0,Yes,Yes,68,Yes,No,DSL,No,No,Month-to-month,No,Bank transfer,104.01,7076.79,Yes
CUST-04117,Male,0,Yes,No,62,Yes,No,No,No,Yes,Month-to-month,Yes,Bank transfer,92.26,5742.15,No
CUST-04118,Female,0,No,Yes,69,Yes,Yes,Fiber optic,No,No,Month-to-month,No,Electronic check,34.32,2399.41,Yes
CUST-04119,Female,0,Yes,No,64,Yes,Yes,Fiber optic,No internet service,No internet service,Month-to-month,Yes,Credit card,113.5,7264.0,Yes
CUST-04120,Female,0,No,No,66,Yes,Yes,No,Yes,No,Month-to-month,No,Electronic check,39.77,2673.19,Yes
CUST-04121,Male,0,Yes,No,53,Yes,No,Fiber optic,No,No,One year,No,Bank transfer,54.47,2914.92,No
CUST-04122,Female,0,Yes,No,35,No,Yes,Fiber optic,No,No internet service,Two year,Yes,Credit card,61.77,2161.95,No
CUST-04123,Female,0,Yes,No,70,Yes,No,No,No,No internet service,Month-to-month,Yes,Electronic check,90.67,6368.26,No
CUST-04124,Female,0,Yes,No,14,Yes,No,Fiber optic,No internet service,Yes,One year,Yes,Bank transfer,89.53,1277.87,Yes
CUST-04125,Male,0,Yes,No,17,Yes,Yes,Fiber optic,No,Yes,Two year,Yes,Bank transfer,116.1,1996.32,No
CUST-04126,Female,0,No,No,3,Yes,No,DSL,No internet service,No,Month-to-month,Yes,Electronic check,37.23,111.69,Yes
CUST-04127,Male,0,No,No,10,Yes,Yes,Fiber optic,No internet service,No,One year,No,Credit card,63.97,639.7,No
CUST-04128,Female,0,Yes,No,5,Yes,No,Fiber optic,Yes,No,Month-to-month,Yes,Credit card,38.78,193.9,Yes
CUST-04129,Male,0,Yes,Yes,50,Yes,No,DSL,Yes,No,Two year,Yes,Electronic check,86.6,4413.44,No
CUST-04130,Male,0,No,Yes,57,Yes,No,DSL,No internet service,No,Month-to-month,Yes,Bank transfer,39.73,2268.32,No
CUST-04131,Male,0,No,No,59,Yes,Yes,Fiber optic,No,Yes,Month-to-month,No,Credit card,106.53,6334.89,No
CUST-04132,Female,0,No,No,17,Yes,Yes,Fiber optic,No,No,Month-to-month,No,Electronic check,118.24,2014.3,Yes
CUST-04133,Female,0,No,Yes,66,Yes,No,Fiber optic,No,Yes,Two year,Yes,Electronic check,50.32,3321.12,No
CUST-04134,Male,0,Yes,No,16,Yes,Yes,No,No,No,Month-to-month,Yes,Electronic check,93.41,1522.95,Yes
CUST-04135,Male,0,Yes,No,33,No,No phone service,Fiber optic,No,No,Month-to-month,Yes,Credit card,72.35,2392.4,Yes
CUST-04136,Female,1,No,No,29,Yes,Yes,No,Yes,No,One year,Yes,Mailed check,54.65,1631.0,Yes
CUST-04137,Female,0,No,Yes,18,Yes,No phone service,DSL,No,No,Month-to-month,No,Mailed check,37.51,675.18,No
CUST-04138,Male,0,No,No,8,Yes,No phone service,Fiber optic,No,No,Month-to-month,Yes,Mailed check,91.36,730.88,Yes
CUST-04139,Female,0,Yes,No,39,Yes,Yes,DSL,No internet service,No,Month-to-month,No,Mailed check,34.19,1333.41,Yes
CUST-04140,Female,0,No,No,43,Yes,Yes,No,No internet service,Yes,Month-to-month,Yes,Mailed check,46.63,2042.19,No
CUST-04141,Female,0,No,Yes,58,Yes,No,Fiber optic,No,Yes,Two year,No,Bank transfer,111.8,6501.27,No
CUST-04142,Female,0,Yes,No,24,No,Yes,DSL,Yes,Yes,One year,Yes,Electronic check,69.85,1676.4,No
CUST-04143,Male,1,No,No,70,No,No,Fiber optic,No,Yes,Two year,No,Mailed check,105.12,7380.6,No
CUST-04144,Female,0,Yes,No,52,Yes,Yes,Fiber optic,No,No,Month-to-month,No,Credit card,96.29,5007.08,Yes
CUST-04145,Female,0,Yes,No,47,Yes,Yes,No,No,No internet service,Month-to-month,No,Electronic check,56.38,2752.47,No
CUST-04146,Male,1,Yes,No,70,Yes,Yes,Fiber optic,No internet service,No,Month-to-month,No,Credit card,40.24,2816.8,Yes
CUST-04147,Male,1,Yes,No,52,Yes,Yes,Fiber optic,Yes,No,Month-to-month,Yes,Credit card,28.19,1465.88,No
CUST-04148,Female,0,Yes,Yes,48,Yes,No,No,No internet service,Yes,Two year,Yes,Credit card,115.98,5567.04,No
CUST-04149,Female,1,No,No,42,Yes,No phone service,No,No,No internet service,One year,No,Bank transfer,51.12,2147.04,No
CUST-04150,Female,0,Yes,Yes,18,Yes,Yes,DSL,No internet service,Yes,Month-to-month,No,Credit card,86.66,1559.88,No
CUST-04151,Female,1,No,Yes,65,Yes,No,Fiber optic,No,Yes,Two year,Yes,Electronic check,92.49,6011.85,No
CUST-04152,Male,0,Yes,No,33,No,No,Fiber optic,No,No internet service,Month-to-month,No,Electronic check,38.16,1266.93,Yes
CUST-04153,Male,0,Yes,No,72,Yes,Yes,Fiber optic,No,Yes,Two year,No,Bank transfer,88.77,6391.44,No
CUST-04154,Male,0,No,No,53,Yes,No,Fiber optic,No,Yes,Month-to-month,Yes,Bank transfer,18.95,1004.35,Yes
CUST-04155,Female,0,No,No,0,Yes,No,DSL,Yes,No,Two year,Yes,Electronic check,60.66,12.54,No
CUST-04156,Female,0,No,No,54,Yes,Yes,No,No,No internet service,Two year,Yes,Electronic check,53.74,3001.04,No
CUST-04157,Female,0,No,Yes,14,Yes,No,Fiber optic,No internet service,Yes,Month-to-month,Yes,Credit card,113.15,1584.1,Yes
CUST-04158,Female,0,Yes,Yes,14,Yes,No,Fiber optic,No internet service,No,One year,No,Credit card,118.57,1659.98,Yes
CUST-04159,Male,0,Yes,Yes,22,Yes,Yes,No,No internet service,No,Two year,Yes,Bank transfer,47.37,1069.65,No
CUST-04160,Male,0,No,No,65,Yes,No,DSL,No,No,Month-to-month,Yes,Mailed check,80.22,5281.79,Yes
CUST-04161,Female,0,No,Yes,45,Yes,Yes,DSL,No,No internet service,Month-to-month,No,Credit card,94.01,4396.13,No
CUST-04162,Male,0,No,No,8,Yes,No,DSL,No internet service,Yes,Two year,No,Credit card,37.49,358.58,No
CUST-04163,Female,0,No,No,65,Yes,No,No,No,No,Month-to-month,Yes,Mailed check,88.03,5721.95,No
CUST-04164,Female,1,No,Yes,65,Yes,Yes,No,No,Yes,Month-to-month,Yes,Credit card,44.29,2922.87,Yes
CUST-04165,Male,0,Yes,Yes,17,Yes,No,DSL,No,No,Month-to-month,No,Mailed check,35.22,617.87,No
CUST-04166,Female,0,No,No,16,Yes,No,DSL,Yes,No,Month-to-month,Yes,Mailed check,104.77,1676.32,No
CUST-04167,Female,0,No,No,71,No,No,Fiber optic,No,No internet service,Two year,Yes,Electronic check,69.25,4916.75,No
CUST-04168,Male,0,No,No,33,No,Yes,Fiber optic,No,Yes,Month-to-month,No,Mailed check,48.29,1593.57,Yes
CUST-04169,Female,0,Yes,No,68,Yes,No,Fiber optic,No,No,Two year,Yes,Mailed check,59.28,4031.04,No
CUST-04170,Female,0,Yes,No,63,Yes,Yes,Fiber optic,No,No internet service,One year,Yes,Bank transfer,60.14,3788.82,No
CUST-04171,Male,0,Yes,No,43,Yes,No,DSL,No,Yes,Two year,Yes,Bank transfer,96.54,4157.98,No
CUST-04172,Female,0,Yes,No,28,Yes,No,Fiber optic,No,No internet service,Month-to-month,Yes,Bank transfer,108.45,3088.35,No
CUST-04173,Male,0,No,No,61,Yes,Yes,DSL,No,Yes,Month-to-month,No,Credit card,66.52,4057.72,No
CUST-04174,Female,0,Yes,No,15,Yes,Yes,DSL,No internet service,No internet service,Month-to-month,Yes,Bank transfer,50.93,763.95,Yes
CUST-04175,Male,1,Yes,No,51,Yes,No,DSL,No,No internet service,Month-to-month,Yes,Electronic check,92.18,4798.95,Yes
CUST-04176,Male,0,Yes,No,1,Yes,No,Fiber optic,No,No,One year,No,Electronic check,110.34,110.34,Yes
CUST-04177,Male,0,No,No,60,Yes,No phone service,DSL,Yes,No,One year,No,Electronic check,29.64,1778.4,No
CUST-04178,Female,0,No,Yes,3,Yes,Yes,Fiber optic,No internet service,No internet service,Month-to-month,No,Credit card,99.27,297.81,Yes
CUST-04179,Male,0,Yes,No,51,Yes,No,Fiber optic,No,Yes,Month-to-month,Yes,Mailed check,74.83,3894.41,No
CUST-04180,Male,0,Yes,No,40,No,No,No,Yes,Yes,Month-to-month,Yes,Mailed check,106.5,4296.12,No
CUST-04181,Male,0,Yes,No,51,Yes,No,Fiber optic,No,No internet service,Month-to-month,Yes,Electronic check,70.44,3592.44,No
CUST-04182,Male,1,No,Yes,30,Yes,No,DSL,Yes,No,One year,Yes,Mailed check,105.98,3179.4,Yes
CUST-04183,Male,0,Yes,No,25,Yes,Yes,No,No,No internet service,Month-to-month,Yes,Mailed check,74.56,1864.0,Yes
CUST-04184,Female,0,No,Yes,26,Yes,No,DSL,Yes,No,Two year,No,Mailed check,32.78,852.28,No
CUST-04185,Female,0,Yes,Yes,50,Yes,No,Fiber optic,No,No,One year,No,Credit card,18.5,943.95,Yes
CUST-04186,Female,0,Yes,Yes,47,Yes,Yes,No,Yes,No,Two year,Yes,Mailed check,81.24,3818.31,No
CUST-04187,Female,0,No,No,10,Yes,No,Fiber optic,No,No internet service,Month-to-month,Yes,Mailed check,78.4,784.0,No
CUST-04188,Female,0,Yes,No,7,Yes,No,Fiber optic,No internet service,No,Two year,No,Credit card,39.44,290.4,No
CUST-04189,Female,0,No,No,11,Yes,Yes,DSL,Yes,No,One year,Yes,Bank transfer,104.76,1191.57,Yes
CUST-04190,Female,0,Yes,No,44,Yes,Yes,DSL,No,No,Month-to-month,Yes,Electronic check,106.51,4686.44,Yes
CUST-04191,Male,0,No,No,33,Yes,No,Fiber optic,Yes,Yes,Month-to-month,Yes,Credit card,100.03,3300.99,Yes
CUST-04192,Female,0,No,No,71,Yes,Yes,Fiber optic,Yes,No internet service,Two year,No,Credit card,113.53,8099.91,No
CUST-04193,Male,0,No,Yes,46,Yes,Yes,DSL,Yes,No,Month-to-month,Yes,Electronic check,69.68,3205.28,Yes
CUST-04194,Male,0,Yes,No,20,Yes,No,DSL,Yes,No internet service,Month-to-month,Yes,Mailed check,89.64,1792.8,No
CUST-04195,Female,0,Yes,No,40,Yes,Yes,Fiber optic,No,No internet service,Month-to-month,No,Mailed check,110.26,4410.4,Yes
CUST-04196,Male,0,Yes,No,21,Yes,No,Fiber optic,No internet service,Yes,Month-to-month,Yes,Credit card,64.54,1392.89,Yes
CUST-04197,Male,0,No,No,20,Yes,Yes,No,No internet service,No,Month-to-month,No,Bank transfer,81.08,1621.6,Yes
CUST-04198,Male,0,No,No,27,Yes,No,Fiber optic,No,No internet service,One year,Yes,Electronic check,70.3,1948.8,No
CUST-04199,Male,0,Yes,Yes,66,Yes,Yes,Fiber optic,No internet service,No internet service,Month-to-month,Yes,Bank transfer,118.29,7807.14,No
CUST-04200,Female,0,Yes,No,70,Yes,Yes,DSL,No internet service,No,One year,Yes,Credit card,62.64,4465.58,No
CUST-04201,Female,0,No,Yes,13,Yes,No,DSL,Yes,No,Month-to-month,No,Bank transfer,50.34,654.42,Yes
CUST-04202,Female,0,Yes,Yes,72,Yes,Yes,DSL,Yes,No internet service,Month-to-month,Yes,Credit card,82.22,5953.97,No
CUST-04203,Female,0,Yes,No,51,No,No,Fiber optic,No,No internet service,Month-to-month,Yes,Electronic check,46.63,2415.54,No
CUST-04204,Female,0,Yes,No,42,Yes,No,Fiber optic,Yes,No internet service,Two year,Yes,Bank transfer,105.47,4452.18,No
CUST-04205,Female,0,No,Yes,70,Yes,No,No,No internet service,No,Month-to-month,Yes,Bank transfer,109.01,7637.57,No
CUST-04206,Female,1,No,No,18,Yes,Yes,No,Yes,Yes,Two year,Yes,Electronic check,53.2,957.6,No
CUST-04207,Female,0,No,No,26,Yes,No,DSL,No internet service,No internet service,Month-to-month,No,Electronic check,54.55,1440.2,No
CUST-04208,Female,0,Yes,No,17,Yes,No,No,No,No,One year,Yes,Credit card,26.84,509.29,No
CUST-04209,Female,1,No,No,12,Yes,Yes,Fiber optic,No,Yes,One year,Yes,Credit card,44.1,591.82,No
CUST-04210,Male,0,No,No,0,No,Yes,DSL,Yes,No internet service,Month-to-month,Yes,Credit card,24.93,0.0,No
CUST-04211,Female,0,Yes,No,33,Yes,No,Fiber optic,Yes,No,One year,Yes,Credit card,95.24,3142.92,Yes
CUST-04212,Male,0,No,No,12,Yes,No,Fiber optic,No internet service,Yes,Month-to-month,No,Credit card,36.39,436.68,No
CUST-04213,Male,0,Yes,No,50,Yes,Yes,Fiber optic,No,Yes,One year,Yes,Electronic check,26.05,1302.5,No
CUST-04214,Male,1,Yes,No,0,No,No,Fiber optic,No,No internet service,Two year,Yes,Bank transfer,34.76,21.39,No
CUST-04215,Male,0,Yes,No,27,Yes,No,DSL,Yes,No internet service,Month-to-month,No,Mailed check,56.49,1554.68,No
CUST-04216,Female,0,Yes,Yes,31,Yes,Yes,DSL,Yes,No,One year,Yes,Mailed check,61.09,1956.84,No
CUST-04217,Male,0,No,Yes,71,Yes,No,DSL,No,No,Month-to-month,No,Credit card,109.66,7788.56,No
CUST-04218,Female,0,Yes,Yes,54,Yes,Yes,No,No,No,Month-to-month,Yes,Mailed check,46.52,2512.08,No
CUST-04219,Female,0,Yes,No,25,No,No,No,Yes,No internet service,Month-to-month,Yes,Bank transfer,91.21,2374.85,Yes
CUST-04220,Male,0,Yes,No,13,Yes,No,No,Yes,No,Month-to-month,Yes,Bank transfer,109.28,1420.64,No
CUST-04221,Female,0,No,No,67,No,No,DSL,Yes,No,Month-to-month,Yes,Credit card,105.38,7060.46,Yes
CUST-04222,Male,0,No,No,62,Yes,No,DSL,Yes,No,One year,No,Mailed check,38.29,2373.98,No
CUST-04223,Male,0,No,No,13,Yes,Yes,No,No,No,Month-to-month,No,Electronic check,46.53,604.89,Yes
CUST-04224,Female,0,No,No,26,Yes,No,No,No,No,Two year,Yes,Electronic check,23.55,660.26,Yes
CUST-04225,Female,0,Yes,No,40,Yes,Yes,DSL,Yes,No,One year,Yes,Credit card,67.3,2692.0,No
CUST-04226,Male,0,Yes,Yes,2,Yes,No,Fiber optic,No,No,One year,Yes,Bank transfer,59.34,191.7,No
CUST-04227,Female,0,No,Yes,58,Yes,No,DSL,Yes,Yes,Month-to-month,Yes,Mailed check,73.62,4271.9,No
CUST-04228,Female,1,Yes,No,22,Yes,No,No,No internet service,No internet service,Month-to-month,No,Bank transfer,64.7,1437.28,No
CUST-04229,Female,0,Yes,No,17,Yes,Yes,DSL,No internet service,Yes,Two year,Yes,Credit card,93.05,1628.76,No
CUST-04230,Male,0,No,No,40,Yes,No,No,Yes,No,Month-to-month,Yes,Bank transfer,86.32,3506.23,No
CUST-04231,Male,0,Yes,Yes,7,Yes,Yes,DSL,No,No,Month-to-month,Yes,Mailed check,61.72,432.04,No
CUST-04232,Female,1,Yes,Yes,31,Yes,Yes,Fiber optic,No,Yes,Month-to-month,Yes,Bank transfer,21.86,733.2,Yes
CUST-04233,Female,0,Yes,No,40,Yes,Yes,DSL,No internet service,No,Month-to-month,Yes,Credit card,53.07,2133.31,No
CUST-04234,Female,0,Yes,No,44,Yes,No,Fiber optic,Yes,No,Two year,Yes,Electronic check,51.07,2269.97,No
CUST-04235,Female,0,No,No,8,Yes,No,Fiber optic,No,No,One year,No,Electronic check,27.11,216.88,No
CUST-04236,Female,1,No,No,47,Yes,No,Fiber optic,No,No,Month-to-month,Yes,Mailed check,49.03,2338.28,Yes
CUST-04237,Male,0,No,No,23,Yes,No,DSL,No,No,Two year,Yes,Credit card,118.71,2730.33,No
CUST-04238,Female,0,No,No,43,No,No,Fiber optic,Yes,No,One year,Yes,Credit card,101.77,4444.12,No
CUST-04239,Male,1,Yes,No,57,Yes,Yes,DSL,No,No internet service,One year,No,Bank transfer,99.77,5792.42,No
CUST-04240,Female,0,Yes,No,65,Yes,No,DSL,Yes,Yes,Month-to-month,Yes,Electronic check,104.02,6761.3,No
CUST-04241,Male,0,Yes,No,17,Yes,Yes,Fiber optic,Yes,Yes,Month-to-month,Yes,Mailed check,106.24,1880.0,Yes
CUST-04242,Female,0,Yes,No,28,Yes,No,DSL,Yes,No internet service,Month-to-month,No,Mailed check,51.19,1459.75,No
CUST-04243,Male,1,No,No,1,Yes,No,No,No,No,One year,Yes,Mailed check,50.87,50.87,No
CUST-04244,Female,0,No,Yes,67,Yes,No,No,No,No,Month-to-month,No,Bank transfer,52.32,3505.44,Yes
CUST-04245,Male,1,Yes,No,38,Yes,No,Fiber optic,No,No,Two year,No,Credit card,101.49,3856.62,No
CUST-04246,Male,0,Yes,No,72,Yes,No,DSL,Yes,No internet service,Month-to-month,No,Mailed check,99.33,7209.74,No
CUST-04247,Male,0,Yes,Yes,40,Yes,Yes,DSL,No,Yes,Month-to-month,No,Bank transfer,19.72,850.63,Yes
CUST-04248,Male,1,Yes,No,70,Yes,Yes,No,Yes,No,Two year,No,Mailed check,114.82,8037.4,No
CUST-04249,Male,0,Yes,Yes,21,Yes,Yes,DSL,No internet service,Yes,Month-to-month,Yes,Bank transfer,47.13,989.73,Yes
CUST-04250,Male,0,No,No,48,Yes,No phone service,No,No,No,Month-to-month,Yes,Electronic check,81.87,3930.98,Yes
CUST-04251,Female,0,No,No,27,Yes,No,DSL,No,No,Two year,No,Bank transfer,83.27,2248.29,Yes
CUST-04252,Male,0,No,Yes,15,Yes,No phone service,Fiber optic,No,No internet service,Month-to-month,No,Credit card,29.57,492.21,Yes
CUST-04253,Female,0,Yes,No,67,Yes,No,Fiber optic,No,Yes,Month-to-month,No,Electronic check,88.97,5960.99,Yes
CUST-04254,Female,0,Yes,No,61,Yes,No,No,No internet service,No,Month-to-month,No,Electronic check,72.43,4467.36,No
CUST-04255,Female,0,No,No,35,Yes,No,DSL,Yes,Yes,One year,Yes,Mailed check,80.31,2810.85,Yes
CUST-04256,Female,0,No,No,21,Yes,Yes,DSL,No,No,Month-to-month,No,Electronic check,63.59,1345.74,Yes
CUST-04257,Female,0,No,No,10,No,Yes,Fiber optic,No,No,Two year,No,Bank transfer,100.04,1034.63,Yes
CUST-04258,Male,1,No,No,41,Yes,No,DSL,Yes,Yes,Month-to-month,No,Credit card,82.79,3394.39,Yes
CUST-04259,Male,0,No,No,54,Yes,Yes,DSL,No,Yes,Month-to-month,Yes,Electronic check,37.68,2034.72,Yes
CUST-04260,Male,0,No,Yes,72,No,Yes,DSL,No,Yes,Month-to-month,No,Credit card,94.78,6922.27,No
CUST-04261,Female,0,Yes,No,34,Yes,No,Fiber optic,No,Yes,Month-to-month,Yes,Bank transfer,69.26,2423.59,Yes
CUST-04262,Male,0,No,Yes,56,Yes,No,Fiber optic,No,Yes,Month-to-month,Yes,Bank transfer,21.8,1220.8,No
CUST-04263,Male,0,Yes,No,33,Yes,No,No,No,No internet service,Two year,Yes,Credit card,58.27,1937.87,No
CUST-04264,Male,0,Yes,No,72,Yes,Yes,DSL,No internet service,Yes,Month-to-month,No,Bank transfer,58.98,4246.56,No
CUST-04265,Male,1,No,Yes,69,No,No phone service,DSL,Yes,No internet service,Month-to-month,No,Credit card,99.75,6905.78,No
CUST-04266,Male,1,Yes,No,3,Yes,No,Fiber optic,No internet service,Yes,Two year,No,Mailed check,41.86,125.58,No
CUST-04267,Female,0,Yes,Yes,45,Yes,No,DSL,No,Yes,Month-to-month,Yes,Bank transfer,64.16,2887.2,No
CUST-04268,Male,1,Yes,No,10,No,Yes,DSL,No,Yes,Month-to-month,No,Mailed check,23.55,264.61,No
CUST-04269,Female,0,Yes,No,60,Yes,No,Fiber optic,No,No internet service,Month-to-month,No,Electronic check,107.91,6488.36,Yes
CUST-04270,Female,0,Yes,No,34,Yes,No,DSL,No,No internet service,Month-to-month,Yes,Electronic check,63.27,2151.18,Yes
CUST-04271,Female,1,Yes,No,68,Yes,No,Fiber optic,No,Yes,Month-to-month,No,Mailed check,105.37,7165.16,No
CUST-04272,Female,0,Yes,No,56,Yes,Yes,No,No,Yes,Month-to-month,Yes,Electronic check,87.08,4897.44,Yes
CUST-04273,Female,0,Yes,No,10,Yes,No,No,No internet service,No internet service,Month-to-month,No,Electronic check,50.63,506.3,No
CUST-04274,Male,0,No,No,11,No,No phone service,Fiber optic,No internet service,No internet service,Month-to-month,No,Electronic check,90.7,997.7,No
CUST-04275,Male,0,Yes,No,42,Yes,No,Fiber optic,No internet service,No,Month-to-month,Yes,Electronic check,65.82,2764.44,No
CUST-04276,Male,0,Yes,No,18,No,Yes,Fiber optic,Yes,No internet service,Month-to-month,Yes,Bank transfer,52.81,950.58,No
CUST-04277,Female,0,No,No,67,Yes,No,No,No internet service,No internet service,Two year,Yes,Electronic check,86.13,5801.73,No
CUST-04278,Male,1,No,No,58,No,Yes,No,No internet service,No,One year,Yes,Bank transfer,96.98,5624.84,Yes
CUST-04279,Male,0,No,No,1,No,No,No,No,No,Month-to-month,No,Credit card,88.24,88.24,Yes
CUST-04280,Female,0,Yes,No,7,Yes,No,Fiber optic,No internet service,Yes,Month-to-month,Yes,Electronic check,65.21,525.68,Yes
CUST-04281,Female,0,No,No,21,Yes,Yes,DSL,Yes,No,One year,No,Credit card,44.45,973.96,No
CUST-04282,Female,0,No,Yes,20,Yes,No phone service,No,Yes,Yes,One year,No,Mailed check,100.66,2032.99,No
CUST-04283,Female,0,No,No,28,Yes,No,No,No,Yes,One year,No,Mailed check,53.36,1498.95,No
CUST-04284,Male,0,No,No,36,Yes,Yes,No,Yes,No,Month-to-month,No,Bank transfer,80.52,2898.72,No
CUST-04285,Female,1,No,No,28,Yes,Yes,Fiber optic,No,No,Month-to-month,Yes,Mailed check,29.77,861.13,Yes
CUST-04286,Female,1,No,No,36,Yes,Yes,Fiber optic,No internet service,No,Two year,Yes,Bank transfer,93.51,3429.3,No
CUST-04287,Male,0,No,No,20,Yes,No,DSL,No,Yes,Two year,Yes,Credit card,115.2,2304.0,No
CUST-04288,Male,1,Yes,No,11,Yes,Yes,No,No,No internet service,Month-to-month,No,Credit card,63.83,760.82,No
CUST-04289,Female,0,No,No,47,Yes,No,No,No,Yes,Two year,No,Electronic check,73.93,3474.71,Yes
CUST-04290,Male,0,No,No,46,Yes,No,DSL,Yes,No internet service,Month-to-month,Yes,Credit card,109.75,5048.5,Yes
CUST-04291,Female,0,Yes,Yes,14,Yes,No,Fiber optic,No internet service,No,Two year,Yes,Mailed check,99.12,1387.68,No
CUST-04292,Female,0,No,No,66,Yes,Yes,DSL,No internet service,Yes,Month-to-month,No,Bank transfer,116.15,7677.12,Yes
CUST-04293,Male,0,Yes,No,12,Yes,No,Fiber optic,Yes,No internet service,One year,Yes,Bank transfer,45.14,541.86,No
CUST-04294,Male,0,Yes,No,58,Yes,Yes,DSL,No,Yes,One year,Yes,Electronic check,65.94,3824.52,No
CUST-04295,Female,0,No,Yes,72,No,No phone service,Fiber optic,Yes,Yes,Month-to-month,Yes,Electronic check,64.48,4669.14,Yes
CUST-04296,Female,1,Yes,Yes,12,Yes,No,DSL,No,Yes,Month-to-month,No,Mailed check,66.26,795.12,No
CUST-04297,Female,0,Yes,Yes,71,Yes,Yes,Fiber optic,No,No,Month-to-month,No,Bank transfer,111.14,7890.94,Yes
CUST-04298,Male,0,Yes,Yes,18,Yes,No,No,Yes,No internet service,Month-to-month,Yes,Electronic check,38.96,726.4,No
CUST-04299,Female,0,Yes,No,56,Yes,No,DSL,No,No internet service,Month-to-month,No,Credit card,109.28,6119.68,No
CUST-04300,Female,0,Yes,No,31,Yes,Yes,No,No internet service,No internet service,Month-to-month,No,Mailed check,76.25,2371.02,No
CUST-04301,Female,0,Yes,No,20,Yes,No,Fiber optic,No internet service,No,Month-to-month,No,Credit card,72.76,1455.2,No
CUST-04302,Female,0,Yes,No,13,Yes,No,No,No,No,One year,Yes,Bank transfer,60.48,786.24,No
CUST-04303,Female,0,No,No,23,No,Yes,No,Yes,No,Month-to-month,No,Electronic check,73.04,1697.27,No
CUST-04304,Male,0,No,No,48,Yes,Yes,DSL,Yes,Yes,Month-to-month,Yes,Mailed check,99.94,4797.12,Yes
CUST-04305,Female,0,Yes,No,31,Yes,No,Fiber optic,No,No internet service,One year,Yes,Mailed check,68.21,2114.51,No
CUST-04306,Female,0,No,No,10,Yes,No,DSL,No,No internet service,Month-to-month,Yes,Electronic check,97.15,971.5,Yes
CUST-04307,Female,0,Yes,No,59,Yes,No,Fiber optic,No,No internet service,Month-to-month,Yes,Electronic check,60.5,3588.38,No
CUST-04308,Female,0,Yes,No,67,Yes,Yes,DSL,No,No internet service,Month-to-month,No,Bank transfer,36.66,2457.34,No
CUST-04309,Male,0,Yes,Yes,60,Yes,Yes,Fiber optic,Yes,No,One year,Yes,Credit card,60.3,3618.0,No
CUST-04310,Male,0,No,No,4,Yes,No,No,Yes,Yes,Month-to-month,Yes,Credit card,91.78,367.12,Yes
CUST-04311,Male,0,No,No,35,Yes,No,Fiber optic,No internet service,No internet service,Two year,Yes,Credit card,104.88,3694.58,No
CUST-04312,Female,0,Yes,No,63,Yes,No,DSL,Yes,No,Two year,No,Bank transfer,96.71,6092.73,No
CUST-04313,Female,0,Yes,No,31,Yes,Yes,DSL,No internet service,No,Month-to-month,Yes,Electronic check,56.19,1741.89,No
CUST-04314,Male,0,Yes,No,70,Yes,Yes,DSL,No,No internet service,Two year,Yes,Mailed check,77.07,5431.56,No
CUST-04315,Male,0,No,Yes,65,Yes,No,Fiber optic,No,Yes,Month-to-month,Yes,Credit card,54.77,3631.98,Yes
CUST-04316,Male,0,No,No,9,Yes,No,DSL,Yes,No,Month-to-month,Yes,Electronic check,89.86,808.74,Yes
CUST-04317,Female,1,Yes,Yes,20,Yes,Yes,No,No,No internet service,Month-to-month,Yes,Credit card,62.52,1250.4,Yes
CUST-04318,Female,1,No,No,39,Yes,Yes,Fiber optic,No internet service,No internet service,Month-to-month,Yes,Bank transfer,96.01,3768.98,No
CUST-04319,Male,0,Yes,No,41,Yes,No,Fiber optic,No internet service,No,Two year,Yes,Bank transfer,19.31,791.71,No
CUST-04320,Male,0,No,Yes,71,Yes,No phone service,DSL,No,Yes,One year,Yes,Electronic check,52.7,3768.91,Yes
CUST-04321,Male,0,No,No,45,Yes,Yes,Fiber optic,No,Yes,Month-to-month,No,Bank transfer,107.58,4841.1,No
CUST-04322,Female,1,Yes,Yes,72,Yes,Yes,No,No internet service,No,Month-to-month,Yes,Mailed check,51.0,3672.0,No
CUST-04323,Female,1,No,Yes,40,Yes,Yes,No,Yes,No,Two year,Yes,Bank transfer,58.27,2375.98,Yes
CUST-04324,Female,0,No,No,3,Yes,Yes,DSL,No,No,Month-to-month,Yes,Mailed check,98.65,295.95,Yes
CUST-04325,Male,0,Yes,Yes,13,Yes,No,Fiber optic,No,No,Month-to-month,Yes,Credit card,27.65,359.45,No
CUST-04326,Male,0,Yes,No,13,Yes,Yes,DSL,Yes,No,Month-to-month,No,Bank transfer,49.81,647.53,Yes
CUST-04327,Female,0,No,Yes,52,Yes,No,Fiber optic,Yes,No,Two year,Yes,Mailed check,97.0,5044.0,Yes
CUST-04328,Male,0,Yes,Yes,28,Yes,No,Fiber optic,Yes,No internet service,Month-to-month,No,Credit card,115.62,3278.06,Yes
CUST-04329,Female,0,Yes,No,22,Yes,No,No,No,No,Month-to-month,Yes,Credit card,97.85,2152.7,Yes
CUST-04330,Male,1,Yes,No,30,Yes,No,DSL,No,No internet service,Month-to-month,Yes,Credit card,35.59,1106.25,No
CUST-04331,Male,0,No,Yes,70,Yes,Yes,DSL,Yes,Yes,Two year,No,Credit card,103.17,7273.12,No
CUST-04332,Male,0,No,No,60,Yes,Yes,Fiber optic,No,No internet service,Month-to-month,No,Electronic check,66.53,3991.8,Yes
CUST-04333,Male,1,No,No,22,Yes,No,No,No,No,One year,Yes,Mailed check,97.87,2153.14,Yes
CUST-04334,Female,1,No,No,7,No,No,Fiber optic,Yes,No,Month-to-month,Yes,Electronic check,42.41,296.87,Yes
CUST-04335,Male,0,Yes,Yes,15,Yes,No,Fiber optic,No internet service,No,One year,Yes,Credit card,52.8,797.16,No
CUST-04336,Female,0,No,No,25,Yes,Yes,No,Yes,No internet service,One year,No,Bank transfer,109.97,2801.94,No
CUST-04337,Female,0,No,No,28,Yes,No,No,No,No,One year,No,Mailed check,110.9,3120.12,No
CUST-04338,Female,0,Yes,Yes,5,No,Yes,Fiber optic,No,Yes,One year,Yes,Mailed check,47.09,255.37,No
CUST-04339,Male,1,Yes,No,36,Yes,Yes,No,No,Yes,Month-to-month,Yes,Credit card,26.52,954.72,Yes
CUST-04340,Female,1,Yes,No,32,Yes,No phone service,Fiber optic,Yes,Yes,Two year,No,Bank transfer,112.76,3641.04,Yes
CUST-04341,Female,0,No,No,45,Yes,No,DSL,No,No,One year,Yes,Bank transfer,48.64,2198.57,No
CUST-04342,Female,0,No,No,60,Yes,No,DSL,No,No,Month-to-month,Yes,Mailed check,30.25,1876.83,No
CUST-04343,Male,0,No,No,40,Yes,Yes,Fiber optic,No,No,Month-to-month,Yes,Electronic check,53.51,2149.09,Yes
CUST-04344,Male,1,No,No,17,Yes,No,No,Yes,Yes,Two year,Yes,Bank transfer,46.76,794.92,No
CUST-04345,Female,0,Yes,No,15,Yes,No,No,Yes,No,Month-to-month,No,Mailed check,26.22,393.3,Yes
CUST-04346,Male,0,No,No,50,Yes,No,DSL,Yes,Yes,Month-to-month,Yes,Bank transfer,118.34,5917.0,Yes
CUST-04347,Female,0,No,No,36,Yes,No,DSL,No,No internet service,Two year,No,Credit card,47.96,1726.56,No
CUST-04348,Female,0,Yes,No,13,No,No phone service,No,No,No internet service,Month-to-month,Yes,Bank transfer,45.78,670.69,Yes
CUST-04349,Male,0,No,No,67,Yes,Yes,Fiber optic,No internet service,No internet service,Month-to-month,No,Electronic check,60.83,4133.13,No
CUST-04350,Female,0,Yes,No,29,Yes,Yes,DSL,Yes,No,One year,Yes,Electronic check,60.31,1770.33,No
CUST-04351,Male,1,No,Yes,59,Yes,Yes,Fiber optic,No,No,Two year,No,Electronic check,62.25,3712.21,No
CUST-04352,Male,1,No,No,52,Yes,No,DSL,No,Yes,Month-to-month,No,Mailed check,110.48,5780.0,No
CUST-04353,Female,0,No,No,35,Yes,No,No,No internet service,Yes,One year,Yes,Bank transfer,24.14,896.84,No
CUST-04354,Male,0,No,No,29,Yes,No,No,No,No,Month-to-month,Yes,Electronic check,114.05,3307.45,Yes
CUST-04355,Male,0,Yes,No,63,Yes,Yes,No,Yes,No,Month-to-month,No,Credit card,85.92,5477.03,No
CUST-04356,Female,0,No,No,13,Yes,No,DSL,No,No,Two year,No,Credit card,89.15,1163.74,No
CUST-04357,Female,0,Yes,Yes,22,Yes,Yes,No,No,No,Two year,Yes,Credit card,34.1,766.28,No
CUST-04358,Male,1,No,No,47,Yes,Yes,Fiber optic,Yes,No,Two year,No,Mailed check,51.57,2479.85,No
CUST-04359,Male,0,No,Yes,27,Yes,No,DSL,No,Yes,Two year,Yes,Electronic check,23.33,643.98,No
CUST-04360,Female,0,No,No,6,Yes,Yes,Fiber optic,No,No,One year,No,Electronic check,84.61,507.66,Yes
CUST-04361,Male,1,Yes,No,41,No,No,No,Yes,No,Month-to-month,No,Bank transfer,52.66,2159.06,Yes
CUST-04362,Male,1,No,Yes,9,Yes,Yes,Fiber optic,No internet service,No internet service,Month-to-month,Yes,Mailed check,74.23,703.55,No
CUST-04363,Male,0,No,No,67,Yes,Yes,Fiber optic,No,No,One year,Yes,Credit card,94.78,6350.26,No
CUST-04364,Male,0,No,No,43,Yes,Yes,No,No,No internet service,One year,Yes,Bank transfer,74.46,3201.78,No
CUST-04365,Male,0,Yes,No,12,Yes,No,Fiber optic,No,No,Month-to-month,No,Credit card,25.29,320.73,Yes
CUST-04366,Male,0,Yes,No,32,Yes,Yes,No,No,No,One year,Yes,Credit card,24.29,786.38,No
CUST-04367,Male,0,Yes,Yes,31,Yes,Yes,No,Yes,No internet service,One year,No,Electronic check,106.45,3299.95,No
CUST-04368,Female,0,No,Yes,47,Yes,No,Fiber optic,No internet service,No,Two year,Yes,Bank transfer,44.74,2169.75,No
CUST-04369,Female,1,No,No,4,No,Yes,Fiber optic,No internet service,No,One year,Yes,Mailed check,54.95,230.32,Yes
CUST-04370,Female,0,No,No,60,Yes,No,DSL,No,No internet service,Month-to-month,No,Credit card,40.28,2416.8,No
CUST-04371,Female,0,Yes,No,2,Yes,No,No,Yes,No,Month-to-month,Yes,Electronic check,89.29,199.25,Yes
CUST-04372,Female,0,Yes,Yes,23,Yes,No,DSL,No,Yes,One year,Yes,Electronic check,57.38,1352.42,Yes
CUST-04373,Male,0,No,No,33,Yes,No,Fiber optic,No,Yes,Month-to-month,Yes,Credit card,64.55,2165.17,No
CUST-04374,Male,1,No,No,41,Yes,Yes,DSL,Yes,Yes,Two year,Yes,Electronic check,86.8,3558.8,No
CUST-04375,Male,0,No,No,19,Yes,Yes,DSL,No,No internet service,Month-to-month,Yes,Electronic check,81.55,1549.45,No
CUST-04376,Male,0,No,Yes,40,Yes,No,Fiber optic,Yes,No internet service,One year,Yes,Credit card,96.98,3881.1,No
CUST-04377,Female,0,Yes,No,19,Yes,No,No,Yes,No,Two year,No,Mailed check,94.38,1802.96,No
CUST-04378,Male,0,No,Yes,5,Yes,Yes,Fiber optic,Yes,Yes,One year,No,Credit card,62.87,352.51,Yes
CUST-04379,Male,0,No,Yes,56,Yes,No,DSL,No,No,One year,Yes,Bank transfer,37.57,2120.82,No
CUST-04380,Female,0,No,No,41,Yes,No,Fiber optic,No internet service,No internet service,Two year,Yes,Credit card,40.77,1726.77,No
CUST-04381,Male,0,Yes,No,24,Yes,No,Fiber optic,No,No,Two year,No,Credit card,90.09,2219.71,Yes
CUST-04382,Male,0,Yes,No,40,Yes,No,DSL,No internet service,Yes,Two year,No,Mailed check,44.65,1786.84,No
CUST-04383,Female,0,Yes,No,40,Yes,Yes,Fiber optic,No internet service,No,One year,Yes,Credit card,62.93,2517.2,Yes
CUST-04384,Male,1,No,No,2,Yes,Yes,DSL,No internet service,No,One year,Yes,Credit card,29.01,109.48,Yes
CUST-04385,Male,1,Yes,No,42,Yes,Yes,Fiber optic,Yes,No,Two year,Yes,Electronic check,30.47,1308.74,Yes
CUST-04386,Male,0,Yes,No,45,Yes,Yes,Fiber optic,No,No internet service,Month-to-month,Yes,Credit card,43.49,1957.05,Yes
CUST-04387,Male,0,Yes,No,56,Yes,No phone service,No,No,No internet service,Two year,Yes,Mailed check,26.65,1492.4,No
CUST-04388,Male,0,No,Yes,50,Yes,Yes,DSL,No,No,Two year,Yes,Electronic check,46.01,2300.5,No
CUST-04389,Female,0,Yes,Yes,4,Yes,Yes,Fiber optic,No,No internet service,One year,Yes,Credit card,75.96,303.84,No
CUST-04390,Female,0,No,No,72,Yes,Yes,Fiber optic,Yes,No,Month-to-month,No,Electronic check,93.97,6765.84,No
CUST-04391,Female,1,Yes,No,14,Yes,No,Fiber optic,No,No,Month-to-month,Yes,Bank transfer,21.34,298.76,Yes
CUST-04392,Female,1,Yes,Yes,38,Yes,No,Fiber optic,No,No internet service,Month-to-month,Yes,Credit card,79.26,3035.46,Yes
CUST-04393,Female,0,No,No,69,Yes,No,DSL,Yes,No,Month-to-month,Yes,Credit card,55.05,3800.96,No
CUST-04394,Female,0,Yes,No,37,Yes,No,Fiber optic,No internet service,No,Month-to-month,Yes,Electronic check,41.12,1521.44,No
CUST-04395,Male,1,Yes,No,38,Yes,No,No,No,No,Two year,No,Credit card,21.25,843.87,No
CUST-04396,Female,0,Yes,Yes,51,Yes,Yes,DSL,No,No,Two year,Yes,Credit card,51.25,2613.75,No
CUST-04397,Female,0,No,No,2,Yes,No,Fiber optic,No,No,Month-to-month,Yes,Mailed check,98.55,259.22,No
CUST-04398,Male,0,No,No,28,No,No,Fiber optic,No internet service,No internet service,Two year,No,Credit card,72.06,2017.68,No
CUST-04399,Male,0,Yes,No,30,Yes,Yes,Fiber optic,No,Yes,One year,No,Mailed check,97.12,2935.21,No
CUST-04400,Female,0,Yes,Yes,65,Yes,Yes,No,No,No internet service,Month-to-month,Yes,Bank transfer,60.06,3903.9,No
CUST-04401,Male,0,No,Yes,44,Yes,No,Fiber optic,No internet service,No internet service,Two year,Yes,Bank transfer,104.01,4582.55,No
CUST-04402,Female,0,No,No,72,Yes,Yes,Fiber optic,No,Yes,Month-to-month,No,Electronic check,33.34,2400.48,No
CUST-04403,Male,0,Yes,No,21,Yes,No,Fiber optic,Yes,No,Two year,No,Electronic check,101.64,2134.44,Yes
CUST-04404,Female,0,No,No,9,Yes,No,DSL,Yes,Yes,One year,No,Electronic check,66.55,598.95,No
CUST-04405,Male,0,No,No,20,Yes,Yes,DSL,No,Yes,One year,No,Electronic check,94.09,1901.87,No
CUST-04406,Male,0,No,No,16,No,No,No,No internet service,No internet service,Two year,Yes,Credit card,42.52,680.32,No
CUST-04407,Female,0,Yes,Yes,66,Yes,Yes,No,No internet service,No,Month-to-month,Yes,Mailed check,67.59,4460.94,No
CUST-04408,Female,1,Yes,No,6,Yes,Yes,Fiber optic,No,Yes,Two year,Yes,Electronic check,92.74,556.44,No
CUST-04409,Female,0,Yes,Yes,35,Yes,No,DSL,Yes,No,One year,Yes,Bank transfer,67.34,2410.0,No
CUST-04410,Female,0,No,No,66,Yes,Yes,Fiber optic,No internet service,Yes,Two year,Yes,Credit card,64.73,4272.18,No
CUST-04411,Female,1,No,No,29,Yes,No,Fiber optic,No internet service,No,One year,Yes,Mailed check,100.69,2924.11,No
CUST-04412,Male,0,Yes,No,70,Yes,Yes,Fiber optic,Yes,Yes,Month-to-month,Yes,Mailed check,34.56,2419.2,No
CUST-04413,Female,0,No,Yes,28,Yes,Yes,Fiber optic,No internet service,Yes,Two year,Yes,Electronic check,66.46,1888.04,No
CUST-04414,Female,0,No,Yes,71,Yes,Yes,DSL,No,No,Month-to-month,No,Electronic check,101.88,7238.17,Yes
CUST-04415,Male,0,No,No,32,Yes,No,DSL,Yes,No,Two year,Yes,Mailed check,104.22,3335.04,No
CUST-04416,Male,0,No,No,58,Yes,Yes,No,No internet service,Yes,Two year,Yes,Bank transfer,30.06,1743.48,No
CUST-04417,Female,1,No,No,19,Yes,Yes,No,Yes,No,One year,No,Electronic check,104.72,1994.04,No
CUST-04418,Male,0,Yes,No,28,Yes,No,No,Yes,Yes,Two year,Yes,Mailed check,19.24,538.72,No
CUST-04419,Male,0,No,No,52,Yes,No,Fiber optic,No internet service,No,Month-to-month,No,Credit card,105.27,5474.04,No
CUST-04420,Female,1,No,No,0,Yes,Yes,DSL,Yes,Yes,Month-to-month,No,Mailed check,45.01,4.61,No
CUST-04421,Male,0,Yes,Yes,33,Yes,No,Fiber optic,No,No internet service,One year,Yes,Electronic check,76.97,2540.01,Yes
CUST-04422,Male,0,Yes,No,43,Yes,No phone service,DSL,No internet service,No,Two year,Yes,Credit card,18.98,822.06,No
CUST-04423,Female,0,No,No,13,No,Yes,Fiber optic,No internet service,No internet service,Month-to-month,Yes,Bank transfer,92.61,1230.63,Yes
CUST-04424,Female,0,Yes,No,36,Yes,Yes,Fiber optic,Yes,No,Two year,No,Mailed check,62.02,2232.72,No
CUST-04425,Male,0,No,No,34,Yes,No,Fiber optic,No,Yes,One year,Yes,Mailed check,104.27,3593.41,Yes
CUST-04426,Male,0,Yes,Yes,58,Yes,No,No,Yes,Yes,Month-to-month,No,Mailed check,74.66,4330.28,No
CUST-04427,Female,0,Yes,Yes,23,Yes,No,Fiber optic,Yes,No internet service,Month-to-month,No,Credit card,103.13,2422.96,Yes
CUST-04428,Male,0,Yes,Yes,64,Yes,Yes,DSL,No internet service,No,Month-to-month,No,Electronic check,80.39,5144.96,Yes
CUST-04429,Male,0,Yes,No,5,Yes,No,DSL,No,Yes,Month-to-month,No,Mailed check,94.08,562.59,Yes
CUST-04430,Male,0,No,No,67,Yes,No phone service,DSL,Yes,No,Two year,Yes,Credit card,94.29,6390.79,No
CUST-04431,Female,0,No,No,37,Yes,Yes,Fiber optic,No,No,Month-to-month,Yes,Mailed check,43.16,1596.92,Yes
CUST-04432,Male,0,Yes,Yes,0,Yes,Yes,Fiber optic,Yes,No,Month-to-month,No,Electronic check,76.88,0.0,Yes
CUST-04433,Male,0,Yes,Yes,40,Yes,No,Fiber optic,No internet service,No internet service,One year,No,Credit card,107.13,4285.2,Yes
CUST-04434,Female,1,Yes,Yes,30,Yes,No phone service,No,No,Yes,Two year,No,Bank transfer,107.65,3229.5,No
CUST-04435,Male,0,Yes,No,35,Yes,Yes,DSL,No,No,One year,No,Mailed check,57.24,2017.05,No
CUST-04436,Male,0,No,Yes,72,Yes,No phone service,Fiber optic,No,No,Month-to-month,No,Electronic check,51.14,3682.08,No
CUST-04437,Female,0,Yes,Yes,53,Yes,No,Fiber optic,No internet service,No,Two year,No,Bank transfer,84.7,4498.27,No
CUST-04438,Female,0,Yes,No,30,Yes,No phone service,DSL,No internet service,Yes,Month-to-month,Yes,Electronic check,97.41,2946.58,Yes
CUST-04439,Female,0,No,No,28,Yes,No,Fiber optic,No internet service,Yes,Month-to-month,Yes,Bank transfer,21.62,605.36,No
CUST-04440,Female,0,Yes,No,2,Yes,No,Fiber optic,No,No,Month-to-month,No,Electronic check,27.53,65.75,Yes
CUST-04441,Male,1,Yes,Yes,57,Yes,No,DSL,No internet service,No internet service,Two year,Yes,Bank transfer,97.43,5553.51,No
CUST-04442,Male,0,Yes,No,60,Yes,Yes,No,No,Yes,One year,Yes,Credit card,62.55,3753.0,No
CUST-04443,Female,0,No,No,5,Yes,No phone service,DSL,No,No internet service,Two year,No,Bank transfer,86.1,513.7,Yes
CUST-04444,Female,0,No,Yes,19,Yes,Yes,DSL,No,No,Month-to-month,Yes,Electronic check,101.68,1931.92,Yes
CUST-04445,Male,0,No,Yes,60,Yes,Yes,DSL,No,Yes,Month-to-month,Yes,Mailed check,95.19,5711.4,No
CUST-04446,Female,0,Yes,No,45,Yes,No,Fiber optic,No,No,Month-to-month,Yes,Bank transfer,100.59,4563.98,Yes
CUST-04447,Male,0,Yes,No,12,Yes,Yes,DSL,Yes,No,Month-to-month,Yes,Electronic check,70.42,845.04,Yes
CUST-04448,Female,1,No,Yes,22,Yes,No,Fiber optic,Yes,No,Two year,No,Mailed check,34.09,778.41,Yes
CUST-04449,Male,0,No,No,30,Yes,No,DSL,No internet service,No,Month-to-month,Yes,Credit card,66.3,2042.76,No
CUST-04450,Female,0,No,No,3,Yes,Yes,DSL,No,No internet service,Month-to-month,No,Credit card,116.26,352.4,Yes
CUST-04451,Female,0,Yes,Yes,65,Yes,Yes,DSL,No internet service,No internet service,One year,Yes,Mailed check,49.16,3218.45,No
CUST-04452,Male,0,Yes,No,15,No,No,DSL,No,Yes,Month-to-month,Yes,Electronic check,60.77,939.31,Yes
CUST-04453,Female,0,No,No,30,Yes,No,Fiber optic,Yes,No internet service,Month-to-month,Yes,Electronic check,96.07,2882.1,No
CUST-04454,Male,0,No,No,47,Yes,No,Fiber optic,Yes,No,Month-to-month,Yes,Bank transfer,25.75,1210.25,Yes
CUST-04455,Male,0,No,No,42,Yes,Yes,DSL,No,No internet service,Two year,No,Credit card,95.22,4099.99,No
CUST-04456,Male,0,No,Yes,3,Yes,No phone service,DSL,Yes,No internet service,Month-to-month,Yes,Credit card,45.97,159.71,Yes
CUST-04457,Male,0,No,Yes,61,Yes,Yes,No,Yes,No,Two year,Yes,Credit card,45.27,2761.47,No
CUST-04458,Male,0,No,No,47,Yes,Yes,Fiber optic,Yes,No,One year,Yes,Credit card,77.41,3742.79,No
CUST-04459,Female,1,No,No,27,Yes,Yes,No,No,Yes,Month-to-month,No,Electronic check,44.04,1189.08,Yes
CUST-04460,Female,0,No,No,15,Yes,Yes,DSL,Yes,No,Month-to-month,No,Credit card,83.4,1251.0,No
CUST-04461,Male,0,No,No,68,Yes,No,DSL,Yes,Yes,Two year,No,Mailed check,110.7,7527.6,No
CUST-04462,Female,1,Yes,No,29,Yes,No,Fiber optic,No,No,One year,Yes,Electronic check,59.27,1767.75,No
CUST-04463,Male,0,Yes,No,64,Yes,No,DSL,No internet service,Yes,Month-to-month,Yes,Mailed check,114.24,7311.36,No
CUST-04464,Female,0,No,No,68,Yes,No,Fiber optic,No internet service,No,Month-to-month,Yes,Mailed check,114.11,7759.48,No
CUST-04465,Female,0,Yes,No,13,Yes,Yes,DSL,No internet service,No internet service,Month-to-month,No,Electronic check,39.17,509.21,Yes
CUST-04466,Female,1,No,No,33,Yes,No,DSL,Yes,No,One year,No,Mailed check,62.04,2047.32,No
CUST-04467,Female,0,Yes,Yes,55,Yes,Yes,DSL,Yes,No,Month-to-month,Yes,Mailed check,118.99,6544.45,No
CUST-04468,Male,0,Yes,No,28,Yes,No,Fiber optic,Yes,No,One year,Yes,Bank transfer,31.11,871.08,No
CUST-04469,Male,0,No,No,24,Yes,Yes,Fiber optic,No,No,Two year,Yes,Credit card,66.49,1595.76,No
CUST-04470,Female,0,Yes,Yes,65,Yes,Yes,DSL,No internet service,No internet service,Month-to-month,Yes,Mailed check,62.05,4033.25,No
CUST-04471,Female,0,Yes,No,39,Yes,Yes,DSL,No,No,Month-to-month,No,Bank transfer,100.62,3996.09,No
CUST-04472,Male,0,Yes,No,14,Yes,No,Fiber optic,No,No,Two year,Yes,Bank transfer,34.53,496.87,No
CUST-04473,Female,0,No,No,31,Yes,No,Fiber optic,No internet service,No internet service,One year,Yes,Credit card,40.59,1331.95,No
CUST-04474,Male,0,Yes,Yes,19,Yes,No phone service,Fiber optic,No,No,Two year,Yes,Bank transfer,35.91,682.29,Yes
CUST-04475,Male,0,No,No,52,Yes,Yes,Fiber optic,Yes,Yes,Two year,No,Bank transfer,35.0,1820.0,No
CUST-04476,Male,0,Yes,Yes,66,Yes,No phone service,DSL,No,No,Month-to-month,No,Mailed check,44.29,2923.14,No
CUST-04477,Female,0,No,No,48,Yes,Yes,Fiber optic,Yes,No internet service,Month-to-month,Yes,Credit card,71.88,3450.24,No
CUST-04478,Male,0,Yes,Yes,66,Yes,No,Fiber optic,Yes,No,Month-to-month,Yes,Credit card,90.1,5962.22,No
CUST-04479,Female,0,Yes,No,0,Yes,Yes,Fiber optic,No,No internet service,Month-to-month,Yes,Mailed check,56.79,0.0,No
CUST-04480,Male,0,Yes,No,38,Yes,Yes,DSL,No,Yes,One year,Yes,Electronic check,63.52,2413.76,No
CUST-04481,Female,0,Yes,No,60,Yes,No,DSL,Yes,No,One year,Yes,Bank transfer,98.82,6071.46,No
CUST-04482,Female,1,No,No,54,Yes,No,No,No,No,Month-to-month,Yes,Mailed check,71.57,3874.37,Yes
CUST-04483,Female,0,Yes,No,68,Yes,No,No,No,Yes,Two year,No,Bank transfer,78.16,5314.88,No
CUST-04484,Male,1,Yes,Yes,1,Yes,Yes,Fiber optic,No internet service,Yes,Month-to-month,Yes,Credit card,70.83,107.15,Yes
CUST-04485,Male,0,No,Yes,16,Yes,No,DSL,No,No,Month-to-month,Yes,Credit card,98.55,1696.92,No
CUST-04486,Female,0,Yes,Yes,28,Yes,Yes,Fiber optic,Yes,No internet service,Month-to-month,Yes,Bank transfer,36.72,1064.54,No
CUST-04487,Female,0,Yes,Yes,3,Yes,Yes,DSL,Yes,No,One year,Yes,Credit card,118.09,354.27,No
CUST-04488,Female,0,No,No,72,Yes,No,DSL,No internet service,No,One year,Yes,Credit card,107.7,7754.4,No
CUST-04489,Male,0,No,No,63,Yes,No,Fiber optic,Yes,No,Month-to-month,Yes,Electronic check,58.83,3746.93,No
CUST-04490,Male,1,Yes,Yes,42,Yes,No phone service,Fiber optic,No internet service,No,One year,Yes,Credit card,60.34,2534.28,No
CUST-04491,Male,0,Yes,No,11,Yes,Yes,DSL,No,No,Month-to-month,No,Credit card,104.6,1150.6,No
CUST-04492,Male,0,No,No,49,Yes,No phone service,No,No,No,Month-to-month,Yes,Bank transfer,63.45,3109.05,Yes
CUST-04493,Female,0,Yes,Yes,67,No,No,DSL,No,No,One year,No,Mailed check,69.83,4708.09,No
CUST-04494,Female,1,No,No,60,Yes,No,Fiber optic,Yes,Yes,Month-to-month,No,Credit card,94.09,5685.85,Yes
CUST-04495,Male,0,Yes,No,72,Yes,Yes,Fiber optic,No,No internet service,Month-to-month,Yes,Credit card,57.57,4211.28,Yes
CUST-04496,Male,0,No,No,50,Yes,No,DSL,No,No,Month-to-month,Yes,Mailed check,64.31,3266.12,Yes
CUST-04497,Female,1,Yes,No,4,Yes,No,DSL,No,No internet service,Month-to-month,Yes,Mailed check,21.79,158.13,Yes
CUST-04498,Male,0,No,No,27,Yes,Yes,DSL,Yes,No,Two year,Yes,Mailed check,31.58,933.94,No
CUST-04499,Male,0,Yes,Yes,9,Yes,No,No,Yes,Yes,Two year,Yes,Bank transfer,64.78,583.02,No
CUST-04500,Male,0,No,No,51,Yes,No,Fiber optic,Yes,Yes,Two year,Yes,Credit card,22.66,1155.66,No
CUST-04501,Male,0,Yes,No,16,Yes,No,DSL,No,No internet service,Month-to-month,Yes,Credit card,49.32,789.12,No
CUST-04502,Male,0,Yes,No,64,Yes,No phone service,No,Yes,No,Two year,Yes,Mailed check,62.6,4014.61,No
CUST-04503,Male,0,No,No,20,Yes,Yes,Fiber optic,Yes,No internet service,Month-to-month,No,Electronic check,28.36,567.2,Yes
CUST-04504,Female,0,No,No,53,No,No,DSL,No internet service,No,Two year,No,Bank transfer,24.66,1306.98,No
CUST-04505,Male,0,No,No,48,Yes,Yes,Fiber optic,No,No internet service,Two year,Yes,Mailed check,19.66,997.25,No
CUST-04506,Male,0,Yes,No,21,Yes,No,Fiber optic,No internet service,No,Month-to-month,Yes,Mailed check,67.5,1445.1,Yes
CUST-04507,Female,0,No,No,68,Yes,No,DSL,No internet service,Yes,Month-to-month,Yes,Credit card,32.98,2242.64,No
CUST-04508,Female,0,Yes,No,63,Yes,Yes,Fiber optic,No,No internet service,One year,Yes,Electronic check,88.24,5598.57,No
CUST-04509,Female,0,No,No,35,Yes,Yes,DSL,No,No,Month-to-month,Yes,Bank transfer,68.28,2404.25,No
CUST-04510,Male,0,No,No,20,Yes,No,Fiber optic,No,No,Month-to-month,No,Electronic check,19.93,413.23,Yes
CUST-04511,Female,0,Yes,No,55,Yes,No,DSL,No,No,Month-to-month,Yes,Electronic check,24.02,1354.54,No
CUST-04512,Male,0,No,No,72,Yes,No,DSL,No,No internet service,One year,Yes,Credit card,111.61,8035.92,No
CUST-04513,Male,0,No,Yes,47,Yes,Yes,No,No,Yes,Month-to-month,No,Mailed check,30.68,1441.96,No
CUST-04514,Male,0,Yes,Yes,17,Yes,Yes,Fiber optic,No,Yes,Two year,Yes,Mailed check,95.25,1619.25,No
CUST-04515,Female,1,No,No,14,Yes,Yes,DSL,No internet service,No,Month-to-month,Yes,Electronic check,43.12,605.31,Yes
CUST-04516,Female,0,Yes,No,43,Yes,No,No,No,No internet service,Month-to-month,Yes,Bank transfer,50.8,2222.8,No
CUST-04517,Female,0,No,Yes,44,Yes,Yes,No,No,No,Month-to-month,No,Bank transfer,20.53,903.32,Yes
CUST-04518,Female,0,Yes,No,35,Yes,No,DSL,No,Yes,Two year,No,Credit card,74.73,2615.55,No
CUST-04519,Female,0,Yes,No,39,Yes,Yes,Fiber optic,No,No,One year,Yes,Bank transfer,65.64,2559.96,No
CUST-04520,Male,0,Yes,Yes,50,Yes,Yes,Fiber optic,Yes,No,Month-to-month,Yes,Credit card,93.99,4718.0,No
CUST-04521,Male,0,No,Yes,29,Yes,Yes,Fiber optic,No internet service,No,One year,Yes,Electronic check,110.38,3201.02,Yes
CUST-04522,Male,1,No,No,25,Yes,No,No,No,No,Month-to-month,Yes,Bank transfer,73.87,1861.95,No
CUST-04523,Male,0,No,Yes,30,No,Yes,Fiber optic,No,No,Two year,Yes,Mailed check,115.13,3453.9,No
CUST-04524,Female,0,Yes,No,55,Yes,No phone service,No,Yes,No,Month-to-month,No,Electronic check,33.11,1848.78,No
CUST-04525,Female,0,Yes,No,60,Yes,Yes,No,No,No internet service,Month-to-month,No,Credit card,53.15,3207.31,No
CUST-04526,Male,0,No,No,16,Yes,Yes,DSL,No,No,One year,Yes,Electronic check,102.64,1642.24,No
CUST-04527,Female,1,No,No,23,No,No,No,No internet service,No,Month-to-month,No,Electronic check,74.44,1755.78,Yes
CUST-04528,Female,0,Yes,No,3,Yes,Yes,Fiber optic,No internet service,Yes,One year,Yes,Credit card,73.79,236.25,Yes
CUST-04529,Male,0,Yes,No,8,Yes,No,Fiber optic,No,Yes,One year,No,Bank transfer,64.96,573.84,No
CUST-04530,Male,0,No,No,1,Yes,No,No,Yes,No,Two year,Yes,Bank transfer,19.9,19.9,Yes
CUST-04531,Female,0,Yes,No,34,Yes,Yes,Fiber optic,No,No,Two year,No,Mailed check,26.19,890.46,No
CUST-04532,Female,0,No,No,37,Yes,No,DSL,Yes,No,One year,No,Bank transfer,27.13,1003.81,No
CUST-04533,Male,0,No,No,44,Yes,No,No,No,Yes,Month-to-month,Yes,Credit card,37.32,1642.08,No
CUST-04534,Male,0,No,No,14,Yes,No phone service,DSL,No,No,Two year,Yes,Credit card,27.62,386.68,No
CUST-04535,Male,0,No,No,41,No,Yes,Fiber optic,No,No,Two year,Yes,Credit card,28.87,1183.67,No
CUST-04536,Female,0,Yes,Yes,2,Yes,Yes,Fiber optic,No,Yes,Two year,Yes,Bank transfer,82.96,179.18,Yes
CUST-04537,Male,0,No,Yes,30,Yes,No,DSL,No,No,Two year,Yes,Credit card,30.07,902.1,Yes
CUST-04538,Male,0,No,No,51,Yes,No,No,Yes,No internet service,Two year,Yes,Bank transfer,65.43,3336.93,No
CUST-04539,Female,0,Yes,No,40,Yes,No,DSL,Yes,No internet service,Month-to-month,Yes,Credit card,24.44,978.44,Yes
CUST-04540,Female,0,No,No,56,Yes,No phone service,No,No internet service,Yes,Month-to-month,Yes,Credit card,45.48,2559.04,No
CUST-04541,Female,0,Yes,No,41,Yes,Yes,No,No internet service,No,Month-to-month,Yes,Bank transfer,112.28,4603.48,Yes
CUST-04542,Female,0,No,Yes,52,Yes,No,Fiber optic,No,No,Two year,No,Mailed check,21.16,1100.32,No
CUST-04543,Female,0,Yes,No,55,Yes,No phone service,Fiber optic,No internet service,Yes,Month-to-month,No,Mailed check,107.45,5909.75,No
CUST-04544,Male,1,No,Yes,71,Yes,No phone service,Fiber optic,No,No,One year,No,Mailed check,95.48,6823.17,No
CUST-04545,Male,0,Yes,No,52,Yes,No,Fiber optic,Yes,No,Two year,Yes,Bank transfer,111.93,5820.36,No
CUST-04546,Female,0,Yes,No,31,Yes,No,Fiber optic,Yes,No,Two year,No,Credit card,98.26,3046.06,No
CUST-04547,Female,0,No,No,53,Yes,Yes,No,No,No,One year,Yes,Bank transfer,102.27,5421.37,No
CUST-04548,Female,0,No,No,36,Yes,No phone service,Fiber optic,No internet service,No,Month-to-month,No,Electronic check,28.99,1067.56,No
CUST-04549,Female,0,Yes,Yes,7,No,Yes,No,Yes,No,Month-to-month,Yes,Electronic check,103.23,786.0,No
CUST-04550,Female,1,Yes,No,10,Yes,Yes,Fiber optic,Yes,No,Two year,Yes,Bank transfer,66.67,666.7,Yes
CUST-04551,Male,0,Yes,Yes,53,Yes,Yes,DSL,No,Yes,Two year,No,Electronic check,53.86,2854.58,No
CUST-04552,Male,1,No,Yes,59,Yes,No,DSL,Yes,No internet service,Two year,No,Mailed check,33.69,1998.04,No
CUST-04553,Male,0,No,Yes,9,Yes,No,DSL,No,Yes,Two year,Yes,Mailed check,18.07,194.66,No
CUST-04554,Male,0,No,No,69,Yes,No,No,Yes,No,Month-to-month,Yes,Mailed check,83.55,5764.95,No
CUST-04555,Female,0,No,Yes,41,Yes,No,Fiber optic,Yes,No internet service,One year,Yes,Electronic check,92.05,3806.84,No
CUST-04556,Male,0,No,No,36,Yes,Yes,No,No internet service,No,Month-to-month,No,Mailed check,57.59,2073.24,No
CUST-04557,Female,0,Yes,No,57,Yes,Yes,Fiber optic,No,No,Two year,Yes,Mailed check,34.75,1986.72,No
CUST-04558,Female,1,Yes,No,58,No,No,DSL,Yes,No internet service,Month-to-month,No,Mailed check,32.75,1899.5,Yes
CUST-04559,Female,1,No,Yes,23,Yes,Yes,DSL,No,No,Month-to-month,No,Bank transfer,35.16,829.64,No
CUST-04560,Male,1,No,Yes,27,Yes,No,DSL,Yes,No,Two year,No,Credit card,23.73,666.21,No
CUST-04561,Female,0,No,No,36,Yes,Yes,DSL,No,No internet service,One year,No,Credit card,54.68,1978.46,Yes
CUST-04562,Male,0,No,No,20,Yes,No,DSL,No internet service,Yes,Two year,No,Bank transfer,80.85,1617.0,No
CUST-04563,Male,0,No,Yes,32,Yes,No,DSL,No,No,One year,Yes,Mailed check,63.6,2035.2,No
CUST-04564,Female,0,No,No,1,Yes,No,No,No,No internet service,Month-to-month,Yes,Mailed check,30.8,48.77,No
CUST-04565,Female,0,Yes,No,27,Yes,Yes,Fiber optic,No,Yes,Month-to-month,No,Bank transfer,101.25,2733.75,Yes
CUST-04566,Female,0,Yes,No,14,Yes,Yes,Fiber optic,Yes,Yes,Two year,Yes,Bank transfer,47.28,722.18,No
CUST-04567,Male,0,No,No,0,Yes,No,Fiber optic,No,No,One year,Yes,Electronic check,79.47,113.8,Yes
CUST-04568,Female,0,No,No,27,Yes,No,DSL,No,No internet service,Two year,Yes,Bank transfer,43.06,1162.62,Yes
CUST-04569,Male,0,Yes,No,49,Yes,Yes,Fiber optic,Yes,Yes,Month-to-month,Yes,Mailed check,78.69,3887.19,No
CUST-04570,Female,0,Yes,No,34,Yes,Yes,DSL,No,No,Month-to-month,Yes,Bank transfer,31.23,1061.82,Yes
CUST-04571,Female,0,Yes,No,27,Yes,No phone service,No,No,No internet service,Two year,Yes,Mailed check,84.86,2313.52,No
CUST-04572,Male,0,Yes,No,8,Yes,Yes,DSL,Yes,Yes,Month-to-month,Yes,Electronic check,76.46,611.68,No
CUST-04573,Male,0,No,No,23,No,Yes,No,No,No internet service,Month-to-month,No,Bank transfer,70.97,1632.31,No
CUST-04574,Male,0,Yes,No,62,Yes,Yes,Fiber optic,Yes,No,Month-to-month,No,Electronic check,40.14,2488.68,Yes
CUST-04575,Male,0,No,Yes,3,Yes,No,Fiber optic,No,No internet service,One year,Yes,Mailed check,71.97,241.63,No
CUST-04576,Male,0,Yes,Yes,55,Yes,No,No,No,Yes,Month-to-month,Yes,Mailed check,109.5,6022.5,No
CUST-04577,Male,0,No,No,40,Yes,Yes,DSL,No internet service,Yes,One year,Yes,Mailed check,30.78,1231.2,No
CUST-04578,Female,0,Yes,No,66,Yes,Yes,DSL,No,No,Two year,No,Mailed check,89.78,5929.57,No
CUST-04579,Female,0,No,No,47,Yes,No,DSL,Yes,Yes,Month-to-month,Yes,Electronic check,29.6,1391.2,No
CUST-04580,Male,0,No,No,57,Yes,Yes,No,Yes,Yes,Month-to-month,Yes,Bank transfer,52.49,3053.38,Yes
CUST-04581,Female,0,No,No,38,Yes,Yes,DSL,Yes,No internet service,Month-to-month,Yes,Bank transfer,87.75,3361.68,No
CUST-04582,Male,0,Yes,Yes,24,Yes,Yes,DSL,No,Yes,Month-to-month,Yes,Mailed check,75.14,1803.36,No
CUST-04583,Female,0,Yes,No,59,No,Yes,Fiber optic,No internet service,No,Month-to-month,Yes,Mailed check,87.18,5143.62,No
CUST-04584,Female,0,Yes,No,46,Yes,No,Fiber optic,No,No,One year,No,Electronic check,116.26,5387.21,No
CUST-04585,Male,0,Yes,No,60,Yes,No,DSL,No internet service,Yes,Month-to-month,No,Electronic check,116.9,7029.31,No
CUST-04586,Male,0,No,No,26,Yes,No,Fiber optic,No,Yes,Month-to-month,Yes,Mailed check,111.32,2894.32,Yes
CUST-04587,Male,0,No,Yes,41,Yes,No,DSL,No,No,One year,Yes,Mailed check,68.47,2807.27,No
CUST-04588,Female,0,No,No,51,Yes,No phone service,DSL,No internet service,No,Two year,Yes,Bank transfer,52.79,2750.91,No
CUST-04589,Male,0,No,No,47,Yes,No phone service,Fiber optic,Yes,No internet service,Month-to-month,No,Bank transfer,46.52,2186.44,No
CUST-04590,Female,0,Yes,Yes,31,Yes,Yes,Fiber optic,Yes,No,One year,Yes,Bank transfer,76.72,2469.94,No
CUST-04591,Male,1,Yes,No,23,Yes,Yes,No,No internet service,No internet service,Month-to-month,No,Mailed check,64.27,1488.48,No
CUST-04592,Female,0,Yes,No,2,Yes,No,Fiber optic,No,Yes,Month-to-month,Yes,Credit card,119.44,324.55,Yes
CUST-04593,Female,0,No,No,26,Yes,No,DSL,No,No,One year,No,Electronic check,72.63,1888.38,Yes
CUST-04594,Male,0,No,No,72,Yes,No phone service,Fiber optic,No,No internet service,One year,Yes,Electronic check,51.56,3836.87,Yes
CUST-04595,Female,0,Yes,No,39,Yes,No,No,No,Yes,One year,No,Electronic check,82.87,3231.93,No
CUST-04596,Female,0,Yes,No,22,Yes,No,DSL,No,No internet service,Month-to-month,Yes,Mailed check,22.46,497.98,No
CUST-04597,Male,0,No,Yes,6,Yes,Yes,Fiber optic,No,No,Two year,Yes,Mailed check,29.3,216.57,No
CUST-04598,Female,0,No,No,36,Yes,Yes,Fiber optic,Yes,No internet service,Month-to-month,No,Electronic check,85.69,3124.06,No
CUST-04599,Male,1,No,Yes,6,Yes,No,DSL,Yes,Yes,Month-to-month,Yes,Electronic check,30.58,183.48,Yes
CUST-04600,Male,0,Yes,No,21,Yes,No phone service,Fiber optic,No,No,One year,Yes,Electronic check,95.05,1996.05,No
CUST-04601,Male,0,Yes,No,16,Yes,Yes,Fiber optic,No,No internet service,Month-to-month,No,Mailed check,24.31,388.96,Yes
CUST-04602,Male,1,No,No,18,No,No,Fiber optic,No,No,Month-to-month,Yes,Credit card,78.58,1414.44,Yes
CUST-04603,Female,0,No,No,38,Yes,No,DSL,No internet service,No,Month-to-month,No,Credit card,87.21,3313.98,Yes
CUST-04604,Female,0,Yes,Yes,35,Yes,Yes,No,Yes,No,One year,Yes,Credit card,97.52,3418.49,No
CUST-04605,Female,0,No,No,14,Yes,No,DSL,No internet service,No,Month-to-month,Yes,Bank transfer,108.34,1552.91,No
CUST-04606,Male,0,No,No,62,Yes,No,Fiber optic,No,No,One year,Yes,Bank transfer,49.85,3090.7,No
CUST-04607,Female,0,Yes,No,28,Yes,Yes,Fiber optic,Yes,No,Two year,No,Mailed check,91.35,2557.8,No
CUST-04608,Female,1,Yes,No,59,Yes,No,DSL,Yes,No,Two year,Yes,Credit card,26.23,1596.16,No
CUST-04609,Male,0,Yes,No,55,Yes,Yes,No,No internet service,Yes,Month-to-month,Yes,Credit card,102.64,5703.29,Yes
CUST-04610,Male,0,Yes,No,39,Yes,No,Fiber optic,Yes,No internet service,One year,Yes,Bank transfer,108.8,4259.4,No
CUST-04611,Female,1,No,No,15,Yes,Yes,Fiber optic,Yes,No,Month-to-month,Yes,Credit card,94.36,1415.4,Yes
CUST-04612,Male,0,Yes,No,32,Yes,Yes,Fiber optic,No internet service,No,Two year,No,Electronic check,46.7,1507.08,No
CUST-04613,Male,0,No,No,15,Yes,No,No,No,No,Two year,Yes,Bank transfer,24.36,423.52,No
CUST-04614,Male,0,No,No,29,Yes,No,No,No,Yes,Month-to-month,No,Electronic check,61.0,1769.0,Yes
CUST-04615,Male,1,Yes,No,65,Yes,No,Fiber optic,Yes,Yes,One year,Yes,Credit card,45.6,2964.0,No
CUST-04616,Female,0,Yes,Yes,43,Yes,No,Fiber optic,No,No internet service,Two year,Yes,Mailed check,72.08,3099.44,No
CUST-04617,Male,0,No,Yes,37,Yes,No phone service,DSL,No,No,Month-to-month,Yes,Credit card,58.17,2152.29,No
CUST-04618,Male,0,No,No,50,Yes,No,Fiber optic,No,Yes,One year,No,Mailed check,31.87,1726.95,Yes
CUST-04619,Male,0,No,Yes,59,Yes,Yes,DSL,No internet service,No,Two year,Yes,Electronic check,103.34,6103.34,Yes
CUST-04620,Male,1,Yes,Yes,17,Yes,Yes,No,No,No internet service,Two year,No,Electronic check,106.2,1805.4,No
CUST-04621,Male,0,Yes,No,4,Yes,Yes,No,No,No internet service,Month-to-month,Yes,Credit card,100.94,403.76,Yes
CUST-04622,Male,0,No,Yes,39,Yes,No,Fiber optic,No,No,Two year,No,Bank transfer,39.46,1580.98,No
CUST-04623,Male,1,No,No,5,Yes,No,Fiber optic,Yes,Yes,One year,No,Electronic check,61.71,365.75,No
CUST-04624,Male,0,Yes,No,11,Yes,No,No,No,Yes,Month-to-month,Yes,Mailed check,35.49,438.15,No
CUST-04625,Female,0,No,No,11,Yes,No,No,No,No internet service,One year,Yes,Mailed check,85.85,1038.13,Yes
CUST-04626,Male,0,Yes,Yes,72,No,No,Fiber optic,No,No internet service,Month-to-month,No,Bank transfer,100.11,7207.92,No
CUST-04627,Female,0,No,No,21,Yes,No,No,Yes,No,Month-to-month,Yes,Credit card,77.32,1623.72,No
CUST-04628,Male,0,No,No,48,Yes,No phone service,DSL,No internet service,No internet service,Two year,Yes,Electronic check,73.7,3666.12,No
CUST-04629,Male,1,Yes,No,49,No,No,DSL,No,No internet service,Two year,Yes,Credit card,90.93,4455.57,No
CUST-04630,Male,0,No,No,3,Yes,No,DSL,No,Yes,Two year,Yes,Electronic check,29.58,120.62,No
CUST-04631,Male,0,Yes,Yes,49,Yes,No,DSL,Yes,Yes,Month-to-month,Yes,Credit card,43.26,2119.74,Yes
CUST-04632,Female,0,Yes,No,2,Yes,Yes,Fiber optic,No,Yes,Month-to-month,Yes,Bank transfer,50.0,153.59,Yes
CUST-04633,Male,0,Yes,Yes,15,Yes,Yes,No,No,No,Two year,Yes,Mailed check,72.32,1084.8,No
CUST-04634,Male,0,Yes,No,13,Yes,Yes,Fiber optic,No internet service,No,Two year,Yes,Credit card,117.55,1656.27,No
CUST-04635,Female,0,Yes,No,63,Yes,Yes,Fiber optic,Yes,No,Two year,Yes,Credit card,106.03,6699.32,Yes
CUST-04636,Female,1,No,No,40,Yes,No phone service,Fiber optic,No,Yes,Month-to-month,Yes,Electronic check,43.2,1728.0,No
CUST-04637,Male,0,No,No,67,Yes,Yes,Fiber optic,No internet service,No,Two year,Yes,Credit card,41.76,2797.92,No
CUST-04638,Female,0,Yes,No,58,Yes,Yes,DSL,No internet service,Yes,Two year,No,Credit card,62.44,3621.52,No
CUST-04639,Female,0,No,No,1,Yes,No,Fiber optic,No,No,Month-to-month,No,Bank transfer,117.41,172.42,Yes
CUST-04640,Female,1,No,No,9,Yes,No,Fiber optic,No,No,Month-to-month,No,Credit card,33.55,301.95,No
CUST-04641,Male,0,No,No,25,Yes,No phone service,Fiber optic,No internet service,Yes,Two year,Yes,Bank transfer,115.61,2954.91,No
CUST-04642,Male,0,No,No,3,Yes,Yes,Fiber optic,Yes,No,Month-to-month,Yes,Bank transfer,37.42,112.26,No
CUST-04643,Male,0,Yes,No,27,Yes,No phone service,No,No internet service,No internet service,Month-to-month,No,Bank transfer,108.42,2965.48,Yes
CUST-04644,Female,1,Yes,No,1,Yes,Yes,DSL,No internet service,No internet service,Month-to-month,No,Electronic check,102.69,102.69,Yes
CUST-04645,Male,0,No,No,65,Yes,No phone service,Fiber optic,No internet service,Yes,Month-to-month,Yes,Bank transfer,108.0,7056.35,Yes
CUST-04646,Female,0,Yes,No,15,No,No,No,No internet service,Yes,Month-to-month,No,Electronic check,108.96,1634.4,No
CUST-04647,Male,0,Yes,Yes,56,Yes,No,No,No,No,Month-to-month,Yes,Mailed check,40.25,2254.0,No
CUST-04648,Male,0,Yes,No,22,Yes,Yes,DSL,Yes,Yes,Month-to-month,No,Bank transfer,97.43,2143.46,No
CUST-04649,Female,0,Yes,Yes,22,Yes,No,Fiber optic,Yes,No internet service,Two year,No,Credit card,87.57,1984.9,No
CUST-04650,Male,0,Yes,No,20,Yes,No,DSL,No,No,Month-to-month,Yes,Bank transfer,107.65,2153.0,Yes
CUST-04651,Female,0,No,No,24,Yes,Yes,DSL,No,No,Month-to-month,Yes,Mailed check,68.01,1632.24,No
CUST-04652,Female,1,Yes,No,57,No,Yes,Fiber optic,No,No internet service,Month-to-month,Yes,Bank transfer,60.17,3429.69,Yes
CUST-04653,Male,1,No,No,36,Yes,No phone service,Fiber optic,No internet service,No,Two year,Yes,Electronic check,92.07,3341.76,Yes
CUST-04654,Female,0,No,No,48,Yes,No,Fiber optic,Yes,No,Month-to-month,Yes,Mailed check,45.52,2184.96,No
CUST-04655,Male,0,Yes,No,14,Yes,No phone service,DSL,No,Yes,Month-to-month,No,Mailed check,101.65,1423.1,No
CUST-04656,Male,0,Yes,No,27,Yes,No,No,No,Yes,Month-to-month,No,Electronic check,47.17,1341.34,No
CUST-04657,Female,0,Yes,No,66,Yes,Yes,Fiber optic,No,No,Two year,No,Electronic check,22.41,1490.61,No
CUST-04658,Male,0,Yes,No,3,Yes,Yes,Fiber optic,No,No,One year,No,Credit card,74.25,222.75,No
CUST-04659,Female,0,Yes,Yes,46,Yes,No phone service,Fiber optic,Yes,No,Month-to-month,Yes,Mailed check,103.27,4794.58,No
CUST-04660,Male,0,Yes,No,49,Yes,No,No,No,No,Two year,No,Bank transfer,88.43,4343.3,No
CUST-04661,Male,0,No,No,59,Yes,Yes,No,No,No,Month-to-month,No,Electronic check,118.91,7083.3,Yes
CUST-04662,Male,0,No,No,61,Yes,No,Fiber optic,No internet service,No,Month-to-month,No,Credit card,32.35,1973.35,No
CUST-04663,Male,0,Yes,No,66,Yes,Yes,Fiber optic,No,No,One year,Yes,Electronic check,53.15,3507.9,No
CUST-04664,Male,0,Yes,No,71,Yes,No,Fiber optic,No,No internet service,Month-to-month,No,Electronic check,56.75,4029.25,Yes
CUST-04665,Female,0,No,No,42,Yes,Yes,DSL,No,Yes,One year,No,Credit card,23.93,1059.35,No
CUST-04666,Female,1,No,No,57,Yes,Yes,DSL,No,No internet service,Month-to-month,Yes,Mailed check,22.39,1329.66,Yes
CUST-04667,Female,0,No,No,51,No,Yes,Fiber optic,No,Yes,One year,Yes,Bank transfer,21.0,1105.98,No
CUST-04668,Female,0,No,No,68,Yes,Yes,Fiber optic,No internet service,No internet service,Month-to-month,No,Electronic check,59.71,4060.28,No
CUST-04669,Female,0,Yes,Yes,45,Yes,No,DSL,No internet service,Yes,Month-to-month,Yes,Mailed check,104.17,4687.65,No
CUST-04670,Female,0,Yes,No,24,Yes,No,Fiber optic,No,No internet service,One year,Yes,Credit card,90.38,2214.05,Yes
CUST-04671,Male,1,No,Yes,24,Yes,No,Fiber optic,No internet service,No internet service,Two year,Yes,Credit card,63.57,1537.95,No
CUST-04672,Male,0,Yes,Yes,34,Yes,No,Fiber optic,No internet service,Yes,Month-to-month,No,Credit card,44.93,1527.62,No
CUST-04673,Female,0,No,Yes,60,Yes,Yes,No,No internet service,Yes,One year,No,Mailed check,19.59,1206.7,No
CUST-04674,Female,0,No,Yes,14,Yes,No,DSL,Yes,No,One year,No,Bank transfer,35.89,595.96,Yes
CUST-04675,Male,0,No,No,34,Yes,No phone service,Fiber optic,No,No internet service,Two year,Yes,Mailed check,57.49,1954.66,No
CUST-04676,Male,1,Yes,No,28,Yes,Yes,Fiber optic,No,No,Month-to-month,No,Mailed check,55.79,1562.12,Yes
CUST-04677,Male,0,No,No,37,Yes,Yes,DSL,No internet service,No,One year,Yes,Credit card,44.45,1691.78,No
CUST-04678,Female,0,No,No,68,Yes,No,Fiber optic,Yes,Yes,One year,No,Electronic check,119.71,8202.21,Yes
CUST-04679,Female,0,Yes,No,23,Yes,Yes,Fiber optic,No internet service,No,Month-to-month,No,Electronic check,63.63,1466.33,No
CUST-04680,Female,0,Yes,No,18,Yes,Yes,Fiber optic,No,Yes,Month-to-month,Yes,Credit card,45.32,815.76,Yes
CUST-04681,Male,0,No,No,45,Yes,No,Fiber optic,No,No,Month-to-month,Yes,Electronic check,59.52,2731.55,Yes
CUST-04682,Male,0,No,No,48,Yes,No,No,No internet service,Yes,Two year,Yes,Credit card,46.5,2232.0,No
CUST-04683,Female,0,Yes,No,43,Yes,No,No,No internet service,No internet service,Two year,Yes,Mailed check,53.91,2339.14,No
CUST-04684,Female,0,Yes,Yes,72,Yes,No,No,No,No,Month-to-month,No,Credit card,30.84,2277.42,No
CUST-04685,Male,1,No,Yes,25,Yes,Yes,No,Yes,No,Month-to-month,Yes,Bank transfer,18.09,486.72,No
CUST-04686,Male,0,No,No,24,Yes,No,DSL,No,No,One year,Yes,Bank transfer,68.15,1640.91,No
CUST-04687,Male,0,No,No,34,Yes,No,Fiber optic,Yes,No,One year,No,Bank transfer,67.89,2308.26,No
CUST-04688,Male,0,No,Yes,35,Yes,No,No,No,No,Month-to-month,Yes,Mailed check,34.01,1190.35,No
CUST-04689,Female,0,Yes,Yes,13,Yes,Yes,Fiber optic,No,Yes,Month-to-month,No,Electronic check,102.93,1351.03,Yes
CUST-04690,Male,0,No,Yes,55,Yes,No,Fiber optic,No,No internet service,Two year,No,Mailed check,37.56,2065.8,No
CUST-04691,Male,0,Yes,No,5,Yes,No,Fiber optic,Yes,No internet service,Month-to-month,Yes,Electronic check,96.56,525.05,Yes
CUST-04692,Male,0,No,No,31,Yes,No,DSL,No,No,Month-to-month,No,Mailed check,37.41,1206.33,Yes
CUST-04693,Female,0,No,No,25,Yes,Yes,Fiber optic,No,Yes,One year,No,Mailed check,46.69,1167.25,No
CUST-04694,Female,0,Yes,Yes,14,Yes,Yes,Fiber optic,No internet service,No,Two year,No,Bank transfer,45.53,637.42,No
CUST-04695,Male,0,Yes,No,48,Yes,Yes,Fiber optic,No,No internet service,One year,Yes,Mailed check,41.42,1988.16,No
CUST-04696,Male,0,No,Yes,55,Yes,Yes,Fiber optic,No,No,Month-to-month,Yes,Bank transfer,115.16,6333.8,No
CUST-04697,Male,0,Yes,No,36,Yes,No,No,Yes,No internet service,Two year,Yes,Mailed check,44.87,1615.32,No
CUST-04698,Female,1,Yes,Yes,52,Yes,No,DSL,No,Yes,Month-to-month,Yes,Credit card,67.47,3511.83,No
CUST-04699,Female,1,No,No,57,Yes,No,Fiber optic,Yes,No,Month-to-month,No,Bank transfer,92.99,5300.43,Yes
CUST-04700,Female,0,Yes,No,35,Yes,No,Fiber optic,No internet service,No,Month-to-month,Yes,Credit card,50.55,1813.67,Yes
CUST-04701,Male,0,No,No,10,Yes,Yes,Fiber optic,No internet service,No,Month-to-month,Yes,Mailed check,19.19,263.25,Yes
CUST-04702,Female,0,Yes,No,26,Yes,No,Fiber optic,No,Yes,One year,Yes,Mailed check,95.69,2494.0,No
CUST-04703,Male,0,No,No,1,Yes,Yes,No,No,No internet service,Month-to-month,Yes,Credit card,46.97,46.97,Yes
CUST-04704,Male,1,Yes,Yes,21,Yes,Yes,Fiber optic,No,Yes,Month-to-month,Yes,Electronic check,107.06,2248.26,Yes
CUST-04705,Male,0,Yes,No,65,Yes,Yes,DSL,Yes,No,Month-to-month,Yes,Electronic check,68.1,4429.33,Yes
CUST-04706,Female,0,No,No,16,Yes,No phone service,Fiber optic,Yes,No,Two year,No,Electronic check,81.69,1307.04,No
CUST-04707,Male,0,No,No,3,Yes,No,DSL,No,No,Two year,Yes,Mailed check,115.0,345.0,Yes
CUST-04708,Female,0,Yes,No,13,Yes,Yes,DSL,No,No internet service,Month-to-month,Yes,Electronic check,106.74,1387.62,No
CUST-04709,Female,0,Yes,No,6,Yes,No,DSL,No,No internet service,Two year,Yes,Electronic check,98.85,715.39,No
CUST-04710,Male,0,No,No,15,No,Yes,Fiber optic,No internet service,Yes,Two year,Yes,Mailed check,72.13,1172.76,No
CUST-04711,Male,0,No,Yes,65,Yes,Yes,Fiber optic,No,No,Month-to-month,No,Mailed check,35.27,2380.87,Yes
CUST-04712,Female,0,No,No,18,Yes,No,DSL,No internet service,No internet service,Two year,No,Electronic check,103.79,1868.22,No
CUST-04713,Male,0,No,Yes,0,Yes,Yes,No,Yes,No internet service,One year,Yes,Electronic check,27.58,0.0,Yes
CUST-04714,Female,0,No,No,30,Yes,No phone service,Fiber optic,Yes,No internet service,Two year,No,Credit card,108.52,3304.6,Yes
CUST-04715,Male,0,Yes,No,3,Yes,No,Fiber optic,No,No,Two year,No,Mailed check,96.16,291.2,Yes
CUST-04716,Female,0,No,Yes,57,Yes,Yes,No,No internet service,No,Two year,Yes,Mailed check,99.95,5726.64,No
CUST-04717,Female,0,No,No,55,Yes,Yes,Fiber optic,Yes,Yes,Month-to-month,Yes,Credit card,56.47,3105.85,Yes
CUST-04718,Female,1,Yes,No,52,Yes,No,Fiber optic,No,No,One year,Yes,Bank transfer,26.67,1408.76,Yes
CUST-04719,Female,1,Yes,No,42,Yes,Yes,DSL,Yes,Yes,Month-to-month,No,Bank transfer,92.15,3870.3,No
CUST-04720,Male,1,Yes,Yes,48,Yes,No,Fiber optic,No,No,Month-to-month,Yes,Mailed check,117.76,5652.48,No
CUST-04721,Male,0,Yes,No,59,Yes,No,Fiber optic,Yes,No internet service,Month-to-month,Yes,Mailed check,105.56,6228.04,Yes
CUST-04722,Female,0,Yes,No,15,Yes,No,DSL,No,Yes,Month-to-month,Yes,Electronic check,103.82,1604.9,Yes
CUST-04723,Female,0,No,No,72,Yes,No,Fiber optic,No internet service,No,Two year,No,Bank transfer,82.5,5958.85,No
CUST-04724,Male,1,No,No,59,Yes,No,Fiber optic,Yes,No,Two year,Yes,Electronic check,29.86,1761.74,No
CUST-04725,Male,1,No,Yes,46,Yes,Yes,Fiber optic,No internet service,No,Two year,No,Bank transfer,106.05,4878.3,No
CUST-04726,Male,1,Yes,No,14,No,Yes,Fiber optic,No,No,Month-to-month,Yes,Credit card,40.65,569.1,Yes
CUST-04727,Male,0,Yes,No,62,Yes,No,DSL,No,Yes,One year,No,Electronic check,44.98,2788.76,No
CUST-04728,Male,1,No,No,27,Yes,Yes,Fiber optic,Yes,No internet service,One year,Yes,Credit card,95.1,2567.7,No
CUST-04729,Male,0,Yes,Yes,19,Yes,No,Fiber optic,No,Yes,Month-to-month,No,Credit card,91.12,1731.28,Yes
CUST-04730,Female,0,No,No,62,Yes,No,DSL,No internet service,Yes,Month-to-month,No,Bank transfer,25.4,1664.76,No
CUST-04731,Male,0,No,No,32,Yes,Yes,Fiber optic,No,No internet service,Month-to-month,Yes,Mailed check,43.7,1405.5,Yes
CUST-04732,Male,0,Yes,No,35,Yes,Yes,No,No,No,Two year,Yes,Mailed check,101.4,3616.12,No
CUST-04733,Female,0,Yes,No,12,Yes,No,DSL,Yes,No internet service,Two year,No,Credit card,114.86,1378.32,No
CUST-04734,Male,0,Yes,No,61,Yes,No,No,Yes,No internet service,Two year,Yes,Mailed check,45.16,2754.76,No
CUST-04735,Male,0,No,No,67,Yes,Yes,DSL,Yes,No internet service,Month-to-month,No,Electronic check,95.59,6458.26,Yes
CUST-04736,Male,0,No,Yes,22,Yes,No,No,Yes,Yes,Month-to-month,Yes,Bank transfer,69.57,1596.92,Yes
CUST-04737,Male,1,No,No,71,No,No,DSL,No,Yes,Two year,Yes,Electronic check,56.77,4103.84,No
CUST-04738,Male,0,Yes,No,12,Yes,Yes,DSL,Yes,Yes,Month-to-month,Yes,Mailed check,109.61,1315.32,Yes
CUST-04739,Female,0,No,No,39,Yes,Yes,DSL,No,No,Month-to-month,Yes,Credit card,73.92,2882.88,Yes
CUST-04740,Male,0,Yes,Yes,29,Yes,Yes,No,No,Yes,Month-to-month,Yes,Bank transfer,88.56,2568.24,No
CUST-04741,Female,1,Yes,No,24,Yes,No,Fiber optic,Yes,No,Two year,No,Credit card,78.43,1907.73,No
CUST-04742,Female,0,No,No,72,No,No,Fiber optic,No internet service,No internet service,Month-to-month,No,Bank transfer,83.65,6022.8,No
CUST-04743,Male,0,No,Yes,25,Yes,No phone service,No,No internet service,Yes,Month-to-month,No,Electronic check,70.76,1785.4,Yes
CUST-04744,Female,0,Yes,No,23,Yes,Yes,DSL,Yes,Yes,Two year,Yes,Mailed check,72.41,1711.24,No
CUST-04745,Male,0,Yes,No,38,Yes,No phone service,Fiber optic,Yes,No,Month-to-month,No,Electronic check,104.92,4022.37,No
CUST-04746,Female,0,Yes,Yes,60,Yes,No,Fiber optic,No,Yes,Two year,Yes,Credit card,48.87,2932.2,No
CUST-04747,Female,1,Yes,No,48,Yes,Yes,Fiber optic,No,No,Month-to-month,Yes,Electronic check,93.11,4517.42,Yes
CUST-04748,Male,0,Yes,No,40,Yes,Yes,DSL,No,No,Two year,Yes,Mailed check,45.39,1819.09,No
CUST-04749,Male,0,No,No,69,Yes,No,Fiber optic,No,Yes,One year,No,Mailed check,25.21,1739.49,No
CUST-04750,Male,1,No,Yes,19,Yes,No,Fiber optic,No,Yes,One year,No,Electronic check,110.13,2143.82,No
CUST-04751,Male,1,No,No,43,Yes,No,DSL,No,Yes,Two year,No,Bank transfer,59.89,2578.6,No
CUST-04752,Male,0,No,No,15,Yes,No,DSL,No internet service,No,Month-to-month,Yes,Mailed check,87.68,1385.94,Yes
CUST-04753,Female,1,No,No,20,Yes,Yes,DSL,No internet service,No,Month-to-month,Yes,Mailed check,95.3,1958.82,No
CUST-04754,Female,0,No,No,14,Yes,Yes,Fiber optic,No,No,Month-to-month,Yes,Mailed check,99.3,1424.64,Yes
CUST-04755,Female,0,No,No,38,Yes,Yes,DSL,Yes,Yes,Month-to-month,Yes,Mailed check,41.08,1561.04,No
CUST-04756,Female,0,Yes,Yes,41,Yes,Yes,Fiber optic,No,No,Two year,Yes,Bank transfer,84.88,3480.08,No
CUST-04757,Female,0,No,No,60,Yes,No,Fiber optic,No,No internet service,Month-to-month,Yes,Bank transfer,95.54,5732.4,Yes
CUST-04758,Female,0,No,No,3,Yes,No,No,No internet service,Yes,Month-to-month,No,Credit card,30.22,219.85,Yes
CUST-04759,Female,0,No,No,23,No,Yes,No,No,No internet service,Month-to-month,Yes,Credit card,32.41,772.1,No
CUST-04760,Male,0,No,No,2,Yes,No,Fiber optic,No internet service,No internet service,One year,Yes,Credit card,55.12,176.4,No
CUST-04761,Male,0,Yes,No,0,Yes,Yes,Fiber optic,No internet service,Yes,Month-to-month,Yes,Electronic check,48.77,7.77,No
CUST-04762,Female,0,No,No,12,Yes,Yes,Fiber optic,No,No,Two year,Yes,Electronic check,99.32,1191.84,No
CUST-04763,Female,0,Yes,No,53,Yes,Yes,No,No,Yes,Month-to-month,No,Credit card,83.56,4433.38,No
CUST-04764,Male,0,No,No,39,Yes,Yes,No,No,Yes,Two year,No,Mailed check,68.79,2694.15,No
CUST-04765,Male,0,Yes,Yes,10,No,Yes,Fiber optic,No,No,Two year,Yes,Credit card,28.85,290.75,No
CUST-04766,Male,0,Yes,Yes,41,Yes,Yes,Fiber optic,No,No,Month-to-month,Yes,Electronic check,29.48,1290.33,Yes
CUST-04767,Male,0,Yes,No,3,Yes,Yes,Fiber optic,Yes,No internet service,Two year,No,Bank transfer,70.74,255.46,Yes
CUST-04768,Female,0,No,No,24,Yes,Yes,DSL,No,No internet service,One year,No,Mailed check,108.05,2613.01,No
CUST-04769,Male,0,Yes,No,35,Yes,No,No,No internet service,No internet service,Two year,Yes,Mailed check,97.06,3440.13,No
CUST-04770,Female,0,No,No,63,Yes,Yes,Fiber optic,Yes,Yes,Month-to-month,No,Mailed check,107.92,6847.38,No
CUST-04771,Female,1,Yes,No,43,Yes,No phone service,Fiber optic,Yes,No,Month-to-month,No,Electronic check,75.64,3270.24,No
CUST-04772,Female,0,No,No,39,Yes,No,DSL,No,No,Two year,Yes,Mailed check,40.58,1613.17,No
CUST-04773,Male,0,No,No,44,Yes,No phone service,DSL,Yes,No,Two year,No,Mailed check,21.24,971.82,No
CUST-04774,Male,0,Yes,Yes,7,Yes,No,DSL,No internet service,No internet service,Month-to-month,Yes,Bank transfer,113.91,832.34,Yes
CUST-04775,Female,1,Yes,No,34,Yes,No,DSL,No,No,Two year,Yes,Mailed check,66.47,2259.98,No
CUST-04776,Female,0,No,No,43,Yes,Yes,Fiber optic,Yes,No,Two year,Yes,Electronic check,105.62,4582.44,No
CUST-04777,Female,0,No,No,17,No,No,DSL,No,No,Month-to-month,Yes,Mailed check,92.76,1576.92,No
CUST-04778,Male,0,No,Yes,46,Yes,Yes,No,No,Yes,Month-to-month,No,Electronic check,102.88,4740.41,Yes
CUST-04779,Female,0,Yes,Yes,24,Yes,Yes,Fiber optic,No,Yes,One year,Yes,Bank transfer,39.49,948.14,No
CUST-04780,Male,0,No,No,40,No,Yes,DSL,No,No,Two year,Yes,Bank transfer,87.3,3529.65,Yes
CUST-04781,Female,0,No,No,4,Yes,No,Fiber optic,Yes,No internet service,Month-to-month,Yes,Mailed check,91.71,366.84,Yes
CUST-04782,Female,0,Yes,No,63,Yes,Yes,DSL,No,No,One year,No,Credit card,74.37,4685.31,No
CUST-04783,Female,0,Yes,No,61,Yes,No phone service,No,Yes,Yes,One year,Yes,Bank transfer,103.19,6294.59,No
CUST-04784,Male,0,Yes,No,71,Yes,Yes,Fiber optic,No internet service,No internet service,Month-to-month,Yes,Mailed check,118.8,8467.16,No
CUST-04785,Male,0,No,No,2,Yes,No,DSL,No internet service,No,Month-to-month,Yes,Bank transfer,19.07,38.14,Yes
CUST-04786,Female,0,No,No,36,Yes,Yes,DSL,No,Yes,Month-to-month,No,Bank transfer,64.41,2318.76,Yes
CUST-04787,Male,0,Yes,Yes,40,Yes,No,Fiber optic,No,Yes,One year,Yes,Electronic check,94.9,3796.0,Yes
CUST-04788,Female,1,Yes,No,19,Yes,No,Fiber optic,No,Yes,Month-to-month,Yes,Credit card,92.02,1748.38,Yes
CUST-04789,Male,1,Yes,No,66,Yes,No,Fiber optic,No,No,Month-to-month,Yes,Electronic check,65.72,4339.21,Yes
CUST-04790,Male,0,Yes,No,39,Yes,Yes,Fiber optic,Yes,No,Two year,Yes,Mailed check,103.9,4112.35,Yes
CUST-04791,Male,0,Yes,No,7,Yes,No,Fiber optic,Yes,No,Month-to-month,Yes,Mailed check,86.85,674.7,Yes
CUST-04792,Female,0,No,Yes,4,Yes,Yes,Fiber optic,Yes,No,One year,No,Electronic check,73.93,295.72,Yes
CUST-04793,Male,0,Yes,No,24,Yes,No,Fiber optic,No internet service,No,Two year,No,Credit card,45.83,1099.92,Yes
CUST-04794,Male,0,Yes,No,38,Yes,No,Fiber optic,No internet service,No internet service,Month-to-month,No,Credit card,55.47,2128.98,Yes
CUST-04795,Female,1,No,No,36,Yes,Yes,DSL,No,No internet service,Month-to-month,Yes,Credit card,118.88,4279.68,No
CUST-04796,Female,0,No,No,4,Yes,Yes,Fiber optic,No,No internet service,Month-to-month,Yes,Bank transfer,110.42,441.68,Yes
CUST-04797,Female,0,No,No,7,No,Yes,DSL,No internet service,No,Month-to-month,Yes,Mailed check,88.96,622.72,Yes
CUST-04798,Female,0,Yes,No,3,Yes,No,DSL,No,No internet service,Two year,Yes,Bank transfer,105.61,316.83,Yes
CUST-04799,Male,0,Yes,No,40,Yes,No,Fiber optic,No,Yes,Two year,No,Electronic check,31.87,1338.73,No
CUST-04800,Male,0,No,No,59,Yes,Yes,Fiber optic,No,Yes,Two year,No,Credit card,45.29,2728.82,No
CUST-04801,Male,0,No,No,53,No,Yes,DSL,No,No,Two year,No,Bank transfer,108.29,5874.12,No
CUST-04802,Male,0,Yes,Yes,21,Yes,No,DSL,Yes,Yes,Month-to-month,Yes,Credit card,66.03,1431.21,No
CUST-04803,Male,1,No,Yes,18,Yes,Yes,No,Yes,No,Month-to-month,No,Bank transfer,78.28,1409.04,Yes
CUST-04804,Female,0,No,No,67,Yes,No,DSL,No internet service,No,Month-to-month,No,Mailed check,108.13,7268.22,No
CUST-04805,Male,1,Yes,Yes,32,Yes,No,DSL,No internet service,Yes,Month-to-month,No,Credit card,59.21,1922.43,Yes
CUST-04806,Male,0,No,Yes,21,Yes,No,DSL,Yes,No internet service,Month-to-month,Yes,Bank transfer,67.14,1442.98,No
CUST-04807,Male,0,No,No,64,Yes,No phone service,Fiber optic,Yes,No,Month-to-month,Yes,Electronic check,29.44,1884.16,No
CUST-04808,Female,0,Yes,Yes,10,Yes,No,Fiber optic,No,Yes,One year,Yes,Bank transfer,119.12,1191.2,Yes
CUST-04809,Female,0,No,Yes,15,Yes,No,DSL,No internet service,Yes,Month-to-month,No,Electronic check,117.28,1783.44,No
CUST-04810,Male,1,No,No,67,Yes,No,Fiber optic,No,No,One year,Yes,Electronic check,48.25,3232.75,Yes
CUST-04811,Female,0,No,No,43,Yes,No,Fiber optic,No internet service,No internet service,Month-to-month,Yes,Credit card,104.95,4567.71,No
CUST-04812,Female,0,Yes,No,8,Yes,No,Fiber optic,No internet service,No,Month-to-month,No,Mailed check,93.18,745.44,Yes
CUST-04813,Female,0,Yes,No,71,Yes,No,No,No internet service,Yes,Month-to-month,Yes,Electronic check,32.95,2339.45,No
CUST-04814,Female,0,No,No,61,Yes,Yes,DSL,No,Yes,Month-to-month,Yes,Electronic check,20.44,1246.84,No
CUST-04815,Female,1,Yes,No,14,Yes,No phone service,No,No internet service,Yes,Month-to-month,Yes,Mailed check,19.44,299.87,No
CUST-04816,Female,0,Yes,No,5,Yes,No,No,No,No internet service,Month-to-month,Yes,Mailed check,24.7,174.18,Yes
CUST-04817,Female,0,Yes,No,0,Yes,Yes,Fiber optic,No internet service,No internet service,Month-to-month,Yes,Mailed check,81.99,22.9,Yes
CUST-04818,Male,0,Yes,No,19,Yes,No,No,No,Yes,Month-to-month,Yes,Electronic check,68.2,1295.8,No
CUST-04819,Male,1,No,No,35,Yes,Yes,Fiber optic,No,Yes,Two year,Yes,Mailed check,119.67,4188.45,Yes
CUST-04820,Female,0,Yes,No,1,Yes,No,No,No internet service,Yes,Month-to-month,Yes,Electronic check,47.23,47.23,Yes
CUST-04821,Male,0,No,Yes,69,Yes,No phone service,Fiber optic,No internet service,No internet service,Two year,Yes,Electronic check,92.02,6402.45,Yes
CUST-04822,Male,0,Yes,No,1,Yes,Yes,DSL,No,No internet service,Month-to-month,Yes,Electronic check,57.48,67.96,Yes
CUST-04823,Female,0,No,Yes,2,No,No,Fiber optic,No,No,Month-to-month,No,Mailed check,28.03,125.65,Yes
CUST-04824,Male,0,Yes,No,6,Yes,No,DSL,Yes,No internet service,Two year,No,Electronic check,107.47,683.27,No
CUST-04825,Female,0,No,No,63,Yes,No,DSL,No internet service,Yes,One year,No,Credit card,58.8,3704.4,No
CUST-04826,Female,0,No,No,40,Yes,Yes,Fiber optic,No,No,Month-to-month,No,Electronic check,111.53,4461.2,Yes
CUST-04827,Female,0,Yes,Yes,53,Yes,Yes,No,No,No internet service,Month-to-month,No,Mailed check,113.57,6023.3,No
CUST-04828,Male,0,No,No,40,Yes,No,Fiber optic,Yes,No internet service,Two year,No,Mailed check,101.65,4066.0,No
CUST-04829,Male,0,Yes,Yes,4,Yes,Yes,No,No,No,Month-to-month,No,Electronic check,20.82,121.45,No
CUST-04830,Male,0,No,No,62,Yes,No,DSL,No internet service,Yes,One year,Yes,Electronic check,116.53,7246.01,Yes
CUST-04831,Male,1,No,No,0,No,No,Fiber optic,Yes,No internet service,Two year,No,Electronic check,30.66,0.0,Yes
CUST-04832,Female,1,No,Yes,24,Yes,No phone service,Fiber optic,No internet service,No,Month-to-month,Yes,Credit card,112.99,2814.07,Yes
CUST-04833,Female,0,No,No,45,Yes,Yes,DSL,No,No,Month-to-month,Yes,Mailed check,79.87,3604.58,Yes
CUST-04834,Male,0,Yes,Yes,14,No,Yes,DSL,No internet service,No,Month-to-month,No,Credit card,56.5,791.0,No
CUST-04835,Female,0,Yes,No,68,Yes,No,No,No,No,Month-to-month,No,Mailed check,91.57,6257.73,No
CUST-04836,Female,0,Yes,Yes,16,Yes,No,Fiber optic,No,No,One year,Yes,Bank transfer,69.7,1115.2,No
CUST-04837,Male,0,No,Yes,20,Yes,No phone service,Fiber optic,No internet service,Yes,One year,Yes,Mailed check,99.04,1996.59,Yes
CUST-04838,Female,0,No,Yes,52,Yes,No,No,No,No,Month-to-month,Yes,Electronic check,70.4,3660.8,Yes
CUST-04839,Male,0,Yes,Yes,54,Yes,No,No,No,No,Month-to-month,No,Mailed check,55.63,3007.19,No
CUST-04840,Female,1,No,No,9,Yes,Yes,Fiber optic,No,No,Month-to-month,No,Mailed check,54.81,493.29,Yes
CUST-04841,Male,0,Yes,No,56,Yes,Yes,No,Yes,Yes,Two year,Yes,Bank transfer,54.12,3030.72,No
CUST-04842,Female,0,Yes,No,64,Yes,Yes,DSL,No internet service,No,Month-to-month,No,Bank transfer,66.24,4239.36,No
CUST-04843,Female,0,No,Yes,36,Yes,Yes,DSL,No,No,Month-to-month,Yes,Credit card,29.23,1052.28,No
CUST-04844,Male,0,Yes,No,6,No,No,No,No internet service,No,Month-to-month,Yes,Credit card,85.49,605.56,Yes
CUST-04845,Male,0,No,No,39,Yes,No,Fiber optic,No internet service,Yes,Month-to-month,No,Electronic check,52.82,2059.98,Yes
CUST-04846,Male,0,Yes,No,49,Yes,No,Fiber optic,Yes,No internet service,Two year,Yes,Credit card,75.28,3699.67,No
CUST-04847,Male,0,No,No,0,Yes,No,DSL,Yes,No,Month-to-month,Yes,Credit card,71.7,0.0,No
CUST-04848,Female,0,Yes,No,19,Yes,No,No,No,No,One year,Yes,Bank transfer,105.43,2003.17,No
CUST-04849,Female,1,Yes,Yes,30,Yes,No,DSL,Yes,No,Month-to-month,No,Electronic check,105.89,3176.7,Yes
CUST-04850,Male,0,No,No,67,Yes,No,DSL,No,Yes,One year,Yes,Electronic check,118.9,8037.17,Yes
CUST-04851,Female,0,No,No,11,Yes,No,DSL,No,No internet service,Two year,Yes,Credit card,42.64,469.04,No
CUST-04852,Male,0,Yes,No,21,Yes,Yes,Fiber optic,Yes,No,Month-to-month,Yes,Electronic check,21.51,487.7,No
CUST-04853,Male,0,Yes,Yes,0,No,No,Fiber optic,No,No,Month-to-month,Yes,Electronic check,61.34,59.29,Yes
CUST-04854,Female,0,No,Yes,0,Yes,No,Fiber optic,No,No,Month-to-month,No,Bank transfer,109.46,71.52,Yes
CUST-04855,Female,0,Yes,No,2,Yes,No,DSL,No,No internet service,Month-to-month,No,Credit card,79.23,191.87,Yes
CUST-04856,Male,1,No,Yes,20,Yes,Yes,No,Yes,No internet service,Month-to-month,Yes,Electronic check,56.1,1122.0,No
CUST-04857,Male,1,No,Yes,12,Yes,Yes,No,No internet service,No internet service,Two year,No,Credit card,96.76,1161.12,Yes
CUST-04858,Male,0,Yes,No,60,Yes,Yes,DSL,Yes,No,Month-to-month,No,Credit card,90.66,5439.6,Yes
CUST-04859,Female,1,Yes,No,12,Yes,Yes,No,Yes,No,One year,Yes,Electronic check,90.78,1182.78,Yes
CUST-04860,Female,0,No,No,32,Yes,No,No,No internet service,Yes,Month-to-month,No,Mailed check,70.49,2299.09,No
CUST-04861,Female,0,Yes,Yes,5,Yes,No,DSL,Yes,No internet service,Month-to-month,Yes,Electronic check,72.11,392.6,Yes
CUST-04862,Female,0,No,No,24,No,No,DSL,Yes,No,One year,Yes,Mailed check,74.69,1792.56,No
CUST-04863,Male,1,Yes,Yes,22,Yes,Yes,No,No internet service,No,Two year,No,Bank transfer,74.37,1667.59,No
CUST-04864,Male,0,No,No,25,No,Yes,DSL,No,No,Month-to-month,Yes,Credit card,39.04,986.01,No
CUST-04865,Male,0,Yes,No,3,Yes,No,DSL,No,No,Month-to-month,No,Mailed check,43.07,145.72,Yes
CUST-04866,Male,0,No,No,34,Yes,No,Fiber optic,No,No,One year,Yes,Credit card,56.15,1909.1,Yes
CUST-04867,Male,0,Yes,No,24,Yes,No,Fiber optic,Yes,No internet service,Two year,Yes,Bank transfer,105.26,2534.43,No
CUST-04868,Male,0,Yes,No,19,Yes,Yes,Fiber optic,No,No,Two year,Yes,Bank transfer,65.16,1238.04,No
CUST-04869,Female,1,No,Yes,0,Yes,No,Fiber optic,No,No internet service,Month-to-month,Yes,Mailed check,112.48,3.85,Yes
CUST-04870,Female,0,Yes,Yes,67,Yes,No,Fiber optic,No,Yes,One year,No,Bank transfer,98.93,6628.31,No
CUST-04871,Male,0,Yes,No,22,Yes,No phone service,Fiber optic,No,Yes,Month-to-month,Yes,Credit card,105.87,2380.18,No
CUST-04872,Male,0,Yes,Yes,21,Yes,No phone service,DSL,Yes,Yes,Month-to-month,No,Bank transfer,31.68,707.61,No
CUST-04873,Female,0,Yes,No,61,Yes,No phone service,Fiber optic,No,Yes,Month-to-month,Yes,Bank transfer,33.18,2060.27,Yes
CUST-04874,Female,0,No,Yes,0,Yes,No,No,No,Yes,Month-to-month,No,Mailed check,42.14,0.0,Yes
CUST-04875,Female,0,No,No,58,Yes,No,No,No internet service,Yes,Two year,No,Bank transfer,85.59,4968.68,No
CUST-04876,Female,0,Yes,No,67,Yes,Yes,Fiber optic,No internet service,No,Month-to-month,Yes,Electronic check,66.58,4497.05,Yes
CUST-04877,Male,0,No,No,18,Yes,No,DSL,No,Yes,Month-to-month,No,Credit card,35.32,673.95,No
CUST-04878,Male,0,No,No,29,Yes,Yes,No,No,No,Two year,Yes,Mailed check,94.07,2816.75,Yes
CUST-04879,Male,0,No,Yes,0,Yes,Yes,DSL,Yes,No internet service,One year,Yes,Electronic check,70.78,0.0,No
CUST-04880,Male,0,Yes,No,47,Yes,No,DSL,No internet service,No,Month-to-month,Yes,Mailed check,92.56,4350.32,Yes
CUST-04881,Male,0,No,No,18,Yes,No,No,No,No internet service,Month-to-month,Yes,Electronic check,110.77,2015.53,Yes
CUST-04882,Female,1,No,Yes,51,Yes,No,Fiber optic,No,No,Month-to-month,Yes,Bank transfer,111.3,5684.73,Yes
CUST-04883,Male,0,No,No,21,Yes,Yes,Fiber optic,No internet service,No internet service,Month-to-month,No,Electronic check,48.71,1065.71,No
CUST-04884,Female,0,Yes,No,49,Yes,No,No,No,No,Two year,No,Electronic check,34.17,1674.33,No
CUST-04885,Male,0,Yes,No,65,Yes,No phone service,No,No,No internet service,Month-to-month,Yes,Electronic check,62.25,4046.25,Yes
CUST-04886,Male,0,No,No,5,Yes,No,DSL,No,No,Two year,No,Credit card,26.56,132.8,No
CUST-04887,Male,1,Yes,No,63,Yes,No,No,No internet service,No,One year,Yes,Mailed check,22.48,1455.38,No
CUST-04888,Male,0,No,No,20,Yes,No,Fiber optic,No internet service,No internet service,One year,Yes,Bank transfer,117.77,2415.5,Yes
CUST-04889,Male,0,Yes,Yes,18,Yes,No phone service,DSL,No,Yes,Month-to-month,No,Bank transfer,117.13,2124.57,Yes
CUST-04890,Female,0,No,No,36,Yes,Yes,No,No,No,Month-to-month,Yes,Credit card,53.88,2039.68,No
CUST-04891,Female,0,No,No,62,Yes,Yes,DSL,Yes,No,One year,No,Credit card,101.69,6304.78,No
CUST-04892,Female,0,No,No,28,Yes,Yes,DSL,No internet service,No,Month-to-month,Yes,Credit card,40.79,1142.12,Yes
CUST-04893,Male,0,No,No,59,Yes,Yes,Fiber optic,No,Yes,One year,No,Electronic check,60.56,3654.47,No
CUST-04894,Male,0,No,No,33,Yes,Yes,Fiber optic,No internet service,No internet service,Month-to-month,No,Credit card,92.1,3039.3,No
CUST-04895,Female,0,Yes,No,0,Yes,No,DSL,No,No,Two year,Yes,Credit card,74.16,0.0,Yes
CUST-04896,Male,0,No,No,47,Yes,Yes,No,No,Yes,Two year,Yes,Electronic check,101.75,4832.94,No
CUST-04897,Male,1,Yes,No,20,Yes,Yes,Fiber optic,No internet service,No,One year,Yes,Mailed check,117.96,2359.2,Yes
CUST-04898,Female,0,No,Yes,33,Yes,Yes,DSL,Yes,Yes,Month-to-month,Yes,Credit card,18.92,651.99,No
CUST-04899,Male,0,Yes,No,25,No,No phone service,Fiber optic,No,No internet service,One year,Yes,Credit card,112.3,2876.12,No
CUST-04900,Female,0,No,No,35,Yes,No,Fiber optic,No internet service,Yes,One year,Yes,Electronic check,60.17,2106.11,No
CUST-04901,Male,0,No,No,22,Yes,Yes,DSL,No,No internet service,Two year,No,Electronic check,59.61,1376.76,Yes
CUST-04902,Female,0,Yes,Yes,46,Yes,Yes,DSL,No,No,Month-to-month,Yes,Electronic check,18.07,852.13,Yes
CUST-04903,Male,0,Yes,No,43,Yes,No,Fiber optic,No,No,Two year,Yes,Mailed check,103.1,4433.3,Yes
CUST-04904,Male,0,No,No,19,Yes,No,DSL,No,No internet service,Month-to-month,Yes,Credit card,95.42,1860.46,No
CUST-04905,Female,0,Yes,No,26,Yes,No,No,Yes,No internet service,Two year,Yes,Credit card,109.19,2916.62,No
CUST-04906,Male,0,Yes,Yes,60,Yes,No phone service,DSL,No internet service,Yes,Two year,No,Electronic check,35.07,2130.05,No
CUST-04907,Male,1,Yes,No,36,Yes,No,Fiber optic,No,No,Two year,No,Electronic check,39.94,1437.84,Yes
CUST-04908,Female,0,No,Yes,51,Yes,No phone service,Fiber optic,No,No,One year,Yes,Credit card,48.96,2512.45,No
CUST-04909,Male,0,No,No,61,Yes,Yes,Fiber optic,No,No,Month-to-month,No,Credit card,72.08,4396.88,No
CUST-04910,Female,0,No,Yes,65,Yes,No,DSL,No,No,Two year,No,Credit card,53.2,3529.54,No
CUST-04911,Male,0,No,No,23,Yes,No,DSL,No,No,Month-to-month,No,Electronic check,48.57,1131.17,Yes
CUST-04912,Male,0,Yes,Yes,11,Yes,Yes,DSL,Yes,No internet service,Month-to-month,Yes,Mailed check,36.63,422.03,No
CUST-04913,Male,0,No,Yes,15,Yes,Yes,Fiber optic,No,No,Two year,No,Mailed check,34.24,513.6,Yes
CUST-04914,Male,0,Yes,Yes,35,Yes,No,DSL,No internet service,Yes,Month-to-month,No,Credit card,66.24,2374.02,No
CUST-04915,Female,0,Yes,No,1,Yes,Yes,DSL,No,No internet service,One year,Yes,Bank transfer,63.48,63.48,No
CUST-04916,Male,0,Yes,No,61,Yes,No,DSL,No internet service,No,Month-to-month,Yes,Mailed check,98.08,6103.35,Yes
CUST-04917,Female,0,No,No,63,Yes,No,No,No,Yes,Month-to-month,Yes,Bank transfer,102.03,6431.82,Yes
CUST-04918,Male,0,No,No,28,Yes,Yes,No,Yes,Yes,One year,Yes,Bank transfer,89.46,2517.97,No
CUST-04919,Male,0,Yes,No,30,Yes,Yes,Fiber optic,Yes,No,One year,No,Credit card,102.78,3083.4,No
CUST-04920,Male,0,No,No,14,No,No phone service,Fiber optic,No internet service,Yes,Month-to-month,No,Electronic check,29.1,492.51,Yes
CUST-04921,Male,0,Yes,Yes,54,Yes,Yes,DSL,No,No internet service,Month-to-month,Yes,Bank transfer,64.69,3517.96,No
CUST-04922,Female,0,Yes,Yes,32,Yes,Yes,Fiber optic,No,Yes,Month-to-month,Yes,Credit card,47.22,1552.1,No
CUST-04923,Female,0,Yes,No,51,Yes,Yes,Fiber optic,No internet service,No,Two year,No,Electronic check,43.68,2227.68,No
CUST-04924,Female,0,No,No,19,Yes,No phone service,Fiber optic,No,No,Month-to-month,Yes,Mailed check,90.69,1792.63,Yes
CUST-04925,Female,0,No,Yes,72,Yes,No,Fiber optic,No internet service,No,Two year,Yes,Credit card,102.79,7400.88,No
CUST-04926,Male,0,Yes,Yes,37,No,No,Fiber optic,No internet service,No,Month-to-month,No,Mailed check,29.7,1146.25,Yes
CUST-04927,Female,0,No,Yes,2,Yes,Yes,DSL,No,No,Two year,No,Credit card,30.66,61.32,No
CUST-04928,Female,0,Yes,No,53,No,No,DSL,No internet service,No,One year,No,Bank transfer,83.22,4410.66,No
CUST-04929,Male,0,No,Yes,65,Yes,Yes,DSL,No,No,Month-to-month,No,Electronic check,32.72,2126.8,Yes
CUST-04930,Male,0,No,No,17,Yes,No,DSL,No internet service,No internet service,Month-to-month,No,Bank transfer,96.38,1638.46,No
CUST-04931,Male,0,Yes,No,6,No,Yes,DSL,No internet service,No,Two year,No,Credit card,102.53,615.18,No
CUST-04932,Male,0,No,No,34,No,No,DSL,Yes,No,Two year,No,Credit card,71.33,2505.15,No
CUST-04933,Female,0,No,Yes,59,Yes,No,DSL,No internet service,No,Two year,No,Bank transfer,110.66,6619.69,No
CUST-04934,Female,0,Yes,Yes,23,No,Yes,DSL,No,No,Month-to-month,No,Credit card,20.08,586.61,Yes
CUST-04935,Male,1,No,No,38,Yes,No phone service,DSL,No,No,Month-to-month,Yes,Mailed check,41.09,1561.42,No
CUST-04936,Male,0,No,No,11,No,Yes,DSL,No internet service,No,Month-to-month,No,Bank transfer,96.84,1065.24,Yes
CUST-04937,Male,0,Yes,No,52,No,Yes,Fiber optic,Yes,Yes,Month-to-month,Yes,Electronic check,115.64,6027.47,Yes
CUST-04938,Female,0,Yes,No,63,Yes,No,Fiber optic,Yes,No internet service,Month-to-month,Yes,Mailed check,115.98,7306.74,No
CUST-04939,Female,0,Yes,No,3,Yes,Yes,No,Yes,No internet service,Month-to-month,Yes,Mailed check,18.04,54.12,Yes
CUST-04940,Male,0,No,No,4,Yes,Yes,No,No,No,One year,Yes,Credit card,82.45,329.8,Yes
CUST-04941,Male,0,No,No,15,Yes,No,Fiber optic,No internet service,No,One year,Yes,Bank transfer,20.79,311.85,No
CUST-04942,Female,0,No,No,26,Yes,Yes,Fiber optic,No,No,Month-to-month,No,Credit card,89.43,2325.18,No
CUST-04943,Male,0,Yes,Yes,3,Yes,No phone service,DSL,No internet service,Yes,Month-to-month,Yes,Bank transfer,96.34,289.02,Yes
CUST-04944,Male,0,Yes,Yes,71,Yes,Yes,No,Yes,No,Month-to-month,No,Bank transfer,105.48,7494.22,No
CUST-04945,Female,0,Yes,Yes,47,Yes,Yes,Fiber optic,No internet service,No internet service,Two year,No,Electronic check,72.0,3384.0,No
CUST-04946,Male,0,No,Yes,7,Yes,No,No,No,No internet service,Two year,No,Credit card,104.71,732.97,Yes
CUST-04947,Female,0,No,No,45,Yes,Yes,DSL,No,Yes,Month-to-month,Yes,Bank transfer,112.23,5050.35,No
CUST-04948,Male,0,No,No,43,Yes,No phone service,Fiber optic,No internet service,Yes,Month-to-month,No,Electronic check,72.39,3170.19,Yes
CUST-04949,Male,0,Yes,No,66,Yes,Yes,DSL,Yes,No internet service,Month-to-month,Yes,Bank transfer,71.46,4816.66,No
CUST-04950,Female,0,No,No,51,Yes,Yes,No,No internet service,No internet service,Month-to-month,Yes,Credit card,69.6,3549.6,No
CUST-04951,Female,0,No,Yes,33,Yes,Yes,DSL,Yes,No,Month-to-month,Yes,Bank transfer,69.47,2292.51,No
CUST-04952,Male,0,Yes,No,61,Yes,Yes,Fiber optic,No internet service,No,Month-to-month,No,Mailed check,97.0,5950.02,Yes
CUST-04953,Female,0,No,Yes,20,Yes,No,DSL,Yes,No,Month-to-month,No,Credit card,24.87,497.4,Yes
CUST-04954,Male,1,Yes,No,23,Yes,Yes,No,Yes,Yes,One year,No,Mailed check,64.15,1475.45,No
CUST-04955,Male,1,Yes,No,43,Yes,No,DSL,No,No,Month-to-month,Yes,Electronic check,71.45,3072.35,Yes
CUST-04956,Female,0,Yes,No,40,Yes,Yes,No,Yes,No,Month-to-month,Yes,Bank transfer,39.87,1594.8,No
CUST-04957,Male,0,Yes,No,28,Yes,Yes,Fiber optic,No,No internet service,One year,No,Credit card,73.21,2108.72,No
CUST-04958,Male,0,Yes,Yes,5,Yes,Yes,Fiber optic,No,No internet service,Two year,Yes,Electronic check,64.48,383.78,No
CUST-04959,Female,0,Yes,No,55,Yes,No,DSL,Yes,No internet service,Month-to-month,Yes,Mailed check,93.23,5127.65,No
CUST-04960,Female,0,Yes,Yes,13,Yes,Yes,No,No internet service,No internet service,Month-to-month,Yes,Mailed check,54.04,725.45,No
CUST-04961,Male,0,No,Yes,49,Yes,Yes,Fiber optic,No,No internet service,Two year,Yes,Mailed check,114.88,5693.72,No
CUST-04962,Female,1,No,No,51,Yes,No,Fiber optic,Yes,No,Month-to-month,Yes,Mailed check,60.2,3070.2,No
CUST-04963,Female,0,No,Yes,0,Yes,Yes,Fiber optic,No,Yes,Month-to-month,Yes,Electronic check,82.35,11.96,Yes
CUST-04964,Female,0,Yes,No,11,Yes,Yes,DSL,No,Yes,Month-to-month,No,Bank transfer,40.61,446.71,Yes
CUST-04965,Female,0,Yes,No,23,Yes,Yes,DSL,Yes,No,One year,No,Electronic check,88.24,2029.52,No
CUST-04966,Male,0,Yes,No,36,Yes,Yes,Fiber optic,No,No,Month-to-month,No,Bank transfer,70.41,2573.76,Yes
CUST-04967,Male,0,Yes,Yes,69,Yes,No,Fiber optic,Yes,No internet service,One year,No,Credit card,52.91,3720.82,No
CUST-04968,Male,0,No,No,2,Yes,Yes,Fiber optic,No,No,Month-to-month,No,Mailed check,53.49,139.24,Yes
CUST-04969,Female,0,No,No,26,Yes,No,Fiber optic,No internet service,Yes,Month-to-month,No,Electronic check,56.3,1463.8,No
CUST-04970,Female,0,No,No,52,Yes,Yes,Fiber optic,Yes,No,One year,Yes,Credit card,62.62,3256.24,No
CUST-04971,Female,0,No,No,16,Yes,No phone service,No,No internet service,No internet service,One year,Yes,Bank transfer,43.26,692.16,No
CUST-04972,Female,1,Yes,No,14,Yes,Yes,Fiber optic,Yes,No internet service,Month-to-month,No,Credit card,46.29,661.18,Yes
CUST-04973,Female,0,Yes,No,38,Yes,No,Fiber optic,Yes,Yes,Month-to-month,No,Credit card,115.75,4407.75,Yes
CUST-04974,Female,0,No,No,3,Yes,Yes,No,No,Yes,Month-to-month,Yes,Bank transfer,48.73,146.19,No
CUST-04975,Female,0,Yes,Yes,16,Yes,No,Fiber optic,Yes,No,Month-to-month,Yes,Credit card,81.94,1361.26,Yes
CUST-04976,Male,0,Yes,No,10,Yes,No,Fiber optic,Yes,Yes,Month-to-month,No,Mailed check,53.22,535.62,Yes
CUST-04977,Male,0,Yes,No,11,Yes,Yes,Fiber optic,No,No,Two year,No,Bank transfer,100.71,1107.81,No
CUST-04978,Female,1,Yes,No,31,Yes,No,No,Yes,No,One year,Yes,Bank transfer,88.99,2758.69,No
CUST-04979,Female,0,Yes,Yes,26,Yes,No,Fiber optic,No,Yes,Month-to-month,No,Electronic check,51.48,1474.55,No
CUST-04980,Female,0,No,No,43,Yes,Yes,DSL,No,Yes,Month-to-month,No,Credit card,91.1,3982.53,Yes
CUST-04981,Male,0,No,No,42,Yes,Yes,Fiber optic,Yes,No internet service,Month-to-month,Yes,Mailed check,95.19,4044.51,No
CUST-04982,Male,0,Yes,No,48,Yes,Yes,DSL,No internet service,Yes,Two year,Yes,Mailed check,32.11,1557.25,No
CUST-04983,Female,0,Yes,Yes,72,Yes,Yes,DSL,Yes,Yes,Two year,No,Bank transfer,76.97,5541.84,No
CUST-04984,Female,0,No,No,42,No,Yes,Fiber optic,Yes,Yes,Month-to-month,No,Credit card,100.39,4216.38,Yes
CUST-04985,Male,0,Yes,No,2,Yes,No,DSL,No internet service,Yes,Two year,Yes,Bank transfer,23.14,46.28,Yes
CUST-04986,Male,0,Yes,No,28,No,Yes,Fiber optic,No,No,Two year,Yes,Mailed check,69.8,1954.4,Yes
CUST-04987,Male,1,Yes,No,34,Yes,Yes,Fiber optic,No,Yes,Two year,Yes,Mailed check,103.66,3524.44,Yes
CUST-04988,Male,0,Yes,No,47,Yes,No,No,No,No,Two year,Yes,Mailed check,115.18,5441.06,Yes
CUST-04989,Female,0,No,No,38,Yes,No,DSL,No,No internet service,Two year,Yes,Bank transfer,84.91,3226.58,No
CUST-04990,Male,0,No,No,23,Yes,No phone service,DSL,No,No internet service,Month-to-month,No,Credit card,51.44,1183.12,Yes
CUST-04991,Male,0,Yes,Yes,19,Yes,No,Fiber optic,No,Yes,Month-to-month,Yes,Credit card,79.69,1536.41,Yes
CUST-04992,Female,0,Yes,No,14,Yes,No,DSL,No internet service,Yes,Two year,No,Bank transfer,20.79,390.29,No
CUST-04993,Male,0,Yes,Yes,17,Yes,Yes,DSL,No internet service,No,Month-to-month,Yes,Mailed check,64.5,1096.5,No
CUST-04994,Male,1,Yes,Yes,59,Yes,No,No,No internet service,Yes,Month-to-month,No,Credit card,92.19,5439.21,No
CUST-04995,Male,0,No,No,40,Yes,No,DSL,No internet service,No internet service,Month-to-month,No,Mailed check,21.69,870.51,No
CUST-04996,Female,0,No,No,68,Yes,No,Fiber optic,Yes,No,One year,Yes,Bank transfer,79.53,5408.04,No
CUST-04997,Male,1,No,No,10,Yes,Yes,DSL,No,Yes,Month-to-month,Yes,Credit card,78.01,780.1,No
CUST-04998,Female,0,No,No,55,Yes,No,DSL,Yes,No internet service,Month-to-month,Yes,Credit card,37.35,2134.73,No
CUST-04999,Female,0,No,No,17,Yes,No,DSL,Yes,Yes,One year,No,Bank transfer,76.06,1293.02,No
